{"tags": [], "size": {"height": 576, "width": 1024}, "objects": [{"id": 43477843, "description": "", "geometryType": "polygon", "labelerLogin": "", "createdAt": "", "updatedAt": "", "tags": [], "points": {"exterior": [[206, 219], [156, 162], [143, 138], [137, 120], [123, 97], [124, 77], [105, 52], [118, 51], [98, 18], [93, 16], [85, 16], [72, 21], [65, 21], [55, 23], [55, 2], [25, 2], [23, 2], [20, 4], [20, 9], [20, 18], [17, 30], [6, 35], [2, 42], [2, 193], [26, 195], [26, 167], [24, 162], [19, 152], [41, 151], [50, 144], [70, 152], [59, 164], [58, 166], [54, 181], [55, 195], [67, 234], [84, 245], [101, 254], [111, 254], [127, 248], [135, 243], [129, 216], [119, 190], [119, 178], [142, 193], [175, 226], [172, 232], [178, 239], [199, 254], [224, 250]], "interior": []}, "classId": 7, "classTitle": "Chemical Smoke"}]}