{"tags": [], "size": {"height": 585, "width": 878}, "objects": [{"id": 27610899, "description": "", "geometryType": "polygon", "labelerLogin": "", "createdAt": "", "updatedAt": "", "tags": [], "points": {"exterior": [[365, 300], [346, 295], [333, 279], [344, 269], [349, 233], [338, 214], [325, 183], [298, 209], [275, 221], [275, 223], [269, 230], [260, 215], [250, 212], [236, 229], [240, 239], [254, 262], [259, 266], [270, 280], [276, 286], [303, 305], [305, 310], [308, 324], [296, 332], [283, 357], [281, 363], [283, 370], [290, 376], [296, 381], [297, 395], [296, 443], [297, 473], [293, 470], [283, 484], [279, 503], [370, 501], [357, 487], [410, 426], [424, 417], [440, 370], [437, 332], [445, 316], [440, 313], [437, 316], [435, 317], [422, 332], [414, 353], [405, 353], [426, 311], [440, 295], [437, 293], [397, 305], [395, 308], [394, 313], [390, 316], [386, 316], [382, 316], [378, 316], [369, 315], [369, 315]], "interior": []}, "classId": 7, "classTitle": "Chemical Smoke"}, {"id": 45440373, "description": "", "geometryType": "polygon", "labelerLogin": "", "createdAt": "", "updatedAt": "", "tags": [], "points": {"exterior": [[504, 127], [511, 107], [540, 105], [548, 100], [561, 103], [570, 109], [575, 110], [589, 110], [611, 114], [631, 108], [647, 98], [670, 97], [643, 59], [626, 36], [598, 18], [586, 12], [587, 23], [587, 23], [577, 26], [576, 26], [565, 22], [562, 31], [555, 34], [544, 34], [536, 34], [531, 50], [532, 63], [518, 70], [518, 70], [510, 85], [503, 92], [490, 105], [471, 109], [471, 113], [472, 138], [473, 155], [477, 162], [484, 175], [502, 164], [504, 146]], "interior": []}, "classId": 7, "classTitle": "Chemical Smoke"}, {"id": 87594752, "description": "", "geometryType": "polygon", "labelerLogin": "", "createdAt": "", "updatedAt": "", "tags": [], "points": {"exterior": [[263, 158], [280, 152], [289, 150], [304, 142], [309, 138], [319, 104], [328, 88], [328, 77], [312, 70], [291, 66], [270, 70], [259, 77], [258, 100], [254, 110], [244, 104], [232, 81], [225, 60], [218, 36], [203, 37], [192, 53], [183, 89], [184, 120], [190, 136], [204, 162], [208, 174], [209, 191], [209, 197], [211, 205], [225, 207], [242, 201], [271, 205], [276, 179], [246, 166]], "interior": []}, "classId": 7, "classTitle": "Chemical Smoke"}]}