{"tags": [], "size": {"height": 180, "width": 300}, "objects": [{"id": 15866721, "description": "", "geometryType": "polygon", "labelerLogin": "", "createdAt": "", "updatedAt": "", "tags": [], "points": {"exterior": [[144, 76], [144, 70], [146, 65], [149, 62], [152, 62], [159, 63], [163, 64], [167, 67], [167, 67], [169, 72], [171, 72], [178, 74], [185, 75], [191, 75], [199, 76], [207, 71], [213, 69], [222, 72], [228, 74], [233, 77], [236, 78], [242, 81], [244, 83], [244, 87], [243, 89], [241, 92], [234, 95], [227, 95], [220, 97], [217, 98], [210, 98], [206, 97], [201, 97], [195, 97], [193, 98], [187, 102], [187, 104], [181, 107], [178, 111], [175, 107], [173, 109], [172, 110], [168, 108], [169, 103], [169, 103], [166, 103], [163, 103], [161, 100], [159, 96], [157, 98], [156, 102], [152, 103], [147, 100], [147, 91], [147, 88], [147, 87], [147, 84], [146, 81]], "interior": []}, "classId": 7, "classTitle": "Chemical Smoke"}]}