{"tags": [], "size": {"height": 240, "width": 320}, "objects": [{"id": 72432599, "description": "", "geometryType": "polygon", "labelerLogin": "", "createdAt": "", "updatedAt": "", "tags": [], "points": {"exterior": [[136, 62], [139, 60], [142, 57], [139, 55], [136, 56], [132, 59], [129, 59], [131, 49], [128, 48], [125, 47], [125, 37], [129, 36], [137, 39], [139, 40], [134, 30], [130, 16], [130, 9], [135, 12], [138, 14], [142, 14], [148, 7], [148, 6], [153, 11], [154, 11], [158, 11], [161, 10], [165, 7], [165, 6], [165, 2], [196, 2], [198, 2], [202, 6], [205, 15], [210, 18], [208, 26], [213, 29], [214, 34], [220, 41], [223, 46], [211, 51], [212, 57], [215, 63], [216, 64], [226, 64], [230, 63], [234, 65], [238, 66], [240, 69], [238, 80], [235, 87], [221, 86], [215, 84], [211, 84], [216, 75], [212, 76], [204, 80], [204, 79], [200, 79], [196, 76], [192, 74], [190, 71], [184, 71], [177, 78], [176, 82], [176, 85], [175, 87], [173, 88], [163, 88], [146, 87], [144, 85], [139, 76], [128, 78], [128, 63]], "interior": []}, "classId": 7, "classTitle": "Chemical Smoke"}, {"id": 63947218, "description": "", "geometryType": "polygon", "labelerLogin": "", "createdAt": "", "updatedAt": "", "tags": [], "points": {"exterior": [[67, 79], [58, 76], [54, 72], [52, 70], [47, 70], [43, 70], [37, 71], [32, 73], [37, 76], [37, 76], [33, 80], [33, 82], [45, 83], [50, 83], [51, 83], [59, 83], [70, 85], [71, 83]], "interior": []}, "classId": 7, "classTitle": "Chemical Smoke"}]}