{"tags": [], "size": {"height": 192, "width": 249}, "objects": [{"id": 50771650, "description": "", "geometryType": "polygon", "labelerLogin": "", "createdAt": "", "updatedAt": "", "tags": [], "points": {"exterior": [[89, 41], [87, 32], [80, 36], [77, 39], [73, 42], [72, 44], [66, 45], [66, 39], [62, 42], [61, 44], [61, 47], [62, 50], [65, 53], [71, 60], [79, 64], [80, 65], [81, 72], [77, 76], [75, 79], [73, 83], [72, 85], [71, 88], [76, 89], [77, 91], [78, 91], [78, 93], [77, 96], [77, 116], [75, 121], [75, 123], [76, 124], [97, 122], [98, 119], [106, 110], [120, 111], [130, 110], [131, 104], [126, 100], [116, 110], [106, 109], [118, 94], [118, 93], [119, 90], [120, 87], [121, 85], [118, 78], [119, 72], [119, 68], [117, 71], [114, 77], [113, 79], [112, 81], [109, 81], [119, 64], [115, 64], [112, 66], [106, 69], [101, 69], [98, 68], [95, 64], [92, 62], [89, 59], [89, 54], [89, 51], [89, 46]], "interior": []}, "classId": 7, "classTitle": "Chemical Smoke"}]}