{"tags": [], "size": {"height": 413, "width": 620}, "objects": [{"id": 51844219, "description": "", "geometryType": "polygon", "labelerLogin": "", "createdAt": "", "updatedAt": "", "tags": [], "points": {"exterior": [[406, 312], [415, 324], [488, 310], [490, 302], [483, 295]], "interior": []}, "classId": 6, "classTitle": "Baton"}, {"id": 46139453, "description": "", "geometryType": "polygon", "labelerLogin": "", "createdAt": "", "updatedAt": "", "tags": [], "points": {"exterior": [[106, 383], [73, 349], [64, 317], [59, 289], [67, 251], [87, 221], [103, 206], [102, 175], [85, 157], [74, 142], [68, 130], [57, 112], [50, 96], [45, 72], [52, 47], [64, 22], [78, 2], [214, 2], [219, 3], [238, 22], [255, 45], [263, 63], [264, 86], [247, 93], [244, 118], [241, 135], [238, 153], [243, 168], [248, 180], [275, 191], [302, 201], [327, 209], [345, 215], [362, 227], [381, 249], [391, 263], [399, 288], [400, 308], [411, 323], [421, 336], [425, 356], [416, 363], [401, 373], [385, 373], [362, 372], [357, 366], [335, 410], [125, 411], [119, 400]], "interior": []}, "classId": 1, "classTitle": "Officer"}, {"id": 16737986, "description": "", "geometryType": "polygon", "labelerLogin": "", "createdAt": "", "updatedAt": "", "tags": [], "points": {"exterior": [[453, 242], [430, 200], [423, 184], [405, 165], [405, 146], [391, 135], [367, 129], [340, 136], [324, 138], [322, 160], [323, 170], [322, 183], [320, 186], [317, 195], [316, 203], [338, 213], [358, 220], [378, 245], [393, 265], [401, 290], [405, 308], [423, 330], [426, 353], [420, 368], [401, 373], [399, 381], [401, 385], [403, 393], [404, 398], [407, 402], [407, 408], [415, 409], [418, 405], [418, 398], [425, 379], [430, 365], [432, 358], [445, 373], [464, 397], [480, 411], [501, 410], [495, 381], [490, 357], [483, 343], [472, 332], [461, 319], [455, 293], [465, 289], [465, 264]], "interior": []}, "classId": 2, "classTitle": "Civilian"}, {"id": 10477807, "description": "", "geometryType": "polygon", "labelerLogin": "", "createdAt": "", "updatedAt": "", "tags": [], "points": {"exterior": [[512, 293], [513, 243], [517, 202], [517, 156], [529, 146], [535, 133], [545, 116], [549, 93], [559, 75], [584, 77], [604, 82], [618, 100], [618, 141], [615, 167], [618, 218], [615, 292], [596, 332], [581, 365], [566, 403], [560, 410], [522, 410], [519, 394], [500, 396], [496, 375], [495, 346]], "interior": []}, "classId": 2, "classTitle": "Civilian"}, {"id": 54723822, "description": "", "geometryType": "polygon", "labelerLogin": "", "createdAt": "", "updatedAt": "", "tags": [], "points": {"exterior": [[453, 193], [450, 173], [443, 155], [443, 132], [457, 113], [468, 110], [477, 91], [483, 85], [493, 85], [506, 84], [505, 86], [506, 111], [509, 114], [516, 120], [523, 126], [530, 136], [523, 147], [512, 156], [514, 174], [512, 206], [508, 239], [506, 262], [505, 284], [505, 289], [491, 288], [482, 276], [469, 286], [466, 281], [465, 268], [467, 259], [464, 243], [453, 227], [453, 208]], "interior": []}, "classId": 2, "classTitle": "Civilian"}, {"id": 11747783, "description": "", "geometryType": "polygon", "labelerLogin": "", "createdAt": "", "updatedAt": "", "tags": [], "points": {"exterior": [[429, 173], [430, 154], [427, 135], [434, 118], [437, 101], [432, 86], [421, 73], [416, 64], [412, 58], [408, 56], [403, 59], [400, 65], [396, 74], [389, 73], [377, 77], [371, 82], [369, 89], [372, 103], [370, 113], [361, 117], [365, 121], [370, 127], [382, 131], [395, 135], [405, 144], [406, 156], [407, 167], [413, 173], [423, 182], [425, 185]], "interior": []}, "classId": 2, "classTitle": "Civilian"}, {"id": 44824805, "description": "", "geometryType": "polygon", "labelerLogin": "", "createdAt": "", "updatedAt": "", "tags": [], "points": {"exterior": [[540, 92], [540, 87], [538, 77], [539, 68], [536, 63], [530, 61], [517, 63], [512, 64], [509, 68], [508, 74], [505, 91], [508, 95], [507, 100], [507, 110], [510, 113], [516, 118], [521, 123], [527, 128], [531, 135], [541, 124], [543, 118], [544, 109], [548, 96]], "interior": []}, "classId": 2, "classTitle": "Civilian"}, {"id": 51943151, "description": "", "geometryType": "polygon", "labelerLogin": "", "createdAt": "", "updatedAt": "", "tags": [], "points": {"exterior": [[339, 111], [337, 97], [328, 90], [322, 87], [318, 83], [318, 79], [318, 74], [318, 69], [314, 61], [312, 58], [305, 56], [297, 56], [291, 58], [287, 66], [286, 73], [285, 77], [283, 85], [280, 100], [270, 100], [273, 113], [279, 124], [286, 135], [287, 142], [292, 150], [294, 161], [295, 166], [297, 174], [299, 185], [299, 198], [315, 202], [319, 181], [319, 162], [321, 144], [322, 135], [329, 133], [336, 119]], "interior": []}, "classId": 2, "classTitle": "Civilian"}, {"id": 71614576, "description": "", "geometryType": "polygon", "labelerLogin": "", "createdAt": "", "updatedAt": "", "tags": [], "points": {"exterior": [[500, 61], [495, 60], [491, 53], [488, 44], [481, 38], [470, 40], [467, 43], [460, 52], [462, 60], [460, 63], [464, 72], [466, 84], [471, 81], [476, 82], [483, 81], [491, 84], [502, 83], [504, 80], [505, 75], [505, 69], [502, 60]], "interior": []}, "classId": 2, "classTitle": "Civilian"}, {"id": 23762989, "description": "", "geometryType": "polygon", "labelerLogin": "", "createdAt": "", "updatedAt": "", "tags": [], "points": {"exterior": [[566, 62], [579, 58], [577, 51], [579, 43], [582, 36], [588, 31], [597, 30], [606, 31], [610, 41], [611, 51], [611, 58], [613, 62], [616, 69], [617, 76], [610, 84], [606, 82], [594, 77], [575, 75], [564, 75], [565, 69]], "interior": []}, "classId": 2, "classTitle": "Civilian"}]}