{"tags": [], "size": {"height": 675, "width": 1200}, "objects": [{"id": 28933031, "description": "", "geometryType": "polygon", "labelerLogin": "", "createdAt": "", "updatedAt": "", "tags": [], "points": {"exterior": [[646, 649], [643, 636], [647, 625], [670, 619], [748, 586], [826, 559], [923, 522], [937, 521], [943, 529], [943, 532], [941, 535], [941, 543], [663, 646]], "interior": []}, "classId": 6, "classTitle": "Baton"}, {"id": 87260228, "description": "", "geometryType": "polygon", "labelerLogin": "", "createdAt": "", "updatedAt": "", "tags": [], "points": {"exterior": [[630, 450], [647, 411], [643, 408], [636, 406], [635, 413], [615, 455], [618, 463], [621, 463], [623, 463]], "interior": []}, "classId": 6, "classTitle": "Baton"}, {"id": 61018069, "description": "", "geometryType": "polygon", "labelerLogin": "", "createdAt": "", "updatedAt": "", "tags": [], "points": {"exterior": [[598, 337], [601, 307], [598, 307], [595, 307], [594, 310], [594, 311], [589, 338], [594, 341], [597, 341]], "interior": []}, "classId": 6, "classTitle": "Baton"}, {"id": 59544700, "description": "", "geometryType": "polygon", "labelerLogin": "", "createdAt": "", "updatedAt": "", "tags": [], "points": {"exterior": [[533, 358], [530, 344], [530, 343], [528, 343], [526, 349], [528, 368]], "interior": []}, "classId": 6, "classTitle": "Baton"}, {"id": 10555058, "description": "", "geometryType": "polygon", "labelerLogin": "", "createdAt": "", "updatedAt": "", "tags": [], "points": {"exterior": [[449, 343], [449, 304], [447, 293], [443, 299], [443, 350], [446, 348]], "interior": []}, "classId": 6, "classTitle": "Baton"}, {"id": 27128047, "description": "", "geometryType": "polygon", "labelerLogin": "", "createdAt": "", "updatedAt": "", "tags": [], "points": {"exterior": [[413, 331], [412, 280], [412, 269], [408, 274], [409, 330], [409, 330], [409, 330], [413, 331]], "interior": []}, "classId": 6, "classTitle": "Baton"}, {"id": 32460775, "description": "", "geometryType": "polygon", "labelerLogin": "", "createdAt": "", "updatedAt": "", "tags": [], "points": {"exterior": [[1170, 465], [1163, 386], [1168, 352], [1181, 285], [1181, 278], [1180, 271], [1174, 243], [1163, 231], [1150, 229], [1140, 226], [1138, 198], [1136, 182], [1113, 185], [1100, 193], [1098, 211], [1100, 216], [1094, 231], [1090, 236], [1088, 242], [1088, 249], [1088, 271], [1083, 282], [1083, 288], [1083, 296], [1083, 305], [1083, 316], [1071, 349], [1080, 372], [1088, 433], [1096, 456], [1098, 462], [1098, 468], [1084, 471], [1080, 472], [1078, 478], [1084, 479], [1100, 488], [1116, 493], [1124, 499], [1126, 511], [1164, 499], [1177, 486], [1166, 471]], "interior": []}, "classId": 1, "classTitle": "Officer"}, {"id": 68778419, "description": "", "geometryType": "polygon", "labelerLogin": "", "createdAt": "", "updatedAt": "", "tags": [], "points": {"exterior": [[1068, 409], [1066, 383], [1063, 339], [1067, 322], [1080, 316], [1080, 313], [1077, 293], [1063, 255], [1043, 242], [1036, 238], [1040, 225], [1040, 213], [1031, 205], [1020, 205], [1014, 201], [1006, 206], [1001, 215], [1001, 225], [1000, 226], [990, 235], [987, 236], [991, 246], [1014, 272], [1017, 299], [1014, 321], [1007, 356], [996, 395], [994, 411], [997, 419], [1000, 432], [1000, 456], [1008, 488], [1008, 513], [1024, 511], [1043, 511], [1070, 505], [1077, 505], [1077, 496], [1064, 491], [1066, 473], [1066, 423]], "interior": []}, "classId": 1, "classTitle": "Officer"}, {"id": 70314172, "description": "", "geometryType": "polygon", "labelerLogin": "", "createdAt": "", "updatedAt": "", "tags": [], "points": {"exterior": [[968, 218], [971, 193], [964, 185], [948, 179], [937, 179], [917, 196], [917, 219], [917, 235], [916, 255], [910, 261], [900, 288], [900, 332], [917, 368], [937, 373], [951, 375], [964, 389], [986, 405], [987, 415], [1004, 359], [1008, 328], [1014, 295], [1013, 273], [991, 248], [981, 239], [976, 231]], "interior": []}, "classId": 1, "classTitle": "Officer"}, {"id": 77917093, "description": "", "geometryType": "polygon", "labelerLogin": "", "createdAt": "", "updatedAt": "", "tags": [], "points": {"exterior": [[1031, 611], [1008, 536], [1007, 495], [991, 419], [963, 392], [946, 375], [917, 371], [900, 326], [901, 265], [911, 251], [918, 242], [903, 201], [878, 186], [856, 182], [850, 181], [808, 199], [808, 206], [768, 208], [761, 212], [756, 228], [766, 238], [788, 245], [774, 279], [780, 293], [788, 305], [778, 345], [774, 349], [758, 378], [737, 406], [728, 419], [726, 431], [723, 445], [721, 455], [716, 479], [708, 502], [708, 502], [697, 523], [658, 561], [643, 589], [631, 618], [614, 636], [616, 639], [623, 648], [630, 653], [634, 653], [638, 653], [656, 673], [1008, 672], [998, 663], [984, 658], [977, 658], [977, 648], [1007, 651], [1020, 633]], "interior": []}, "classId": 1, "classTitle": "Officer"}, {"id": 43671065, "description": "", "geometryType": "polygon", "labelerLogin": "", "createdAt": "", "updatedAt": "", "tags": [], "points": {"exterior": [[743, 333], [718, 318], [720, 290], [716, 266], [704, 242], [681, 231], [656, 237], [633, 253], [624, 271], [612, 276], [625, 285], [634, 286], [624, 318], [599, 357], [577, 397], [581, 406], [582, 422], [585, 427], [605, 425], [598, 468], [608, 479], [618, 498], [665, 550], [696, 520], [712, 488], [720, 442], [726, 416], [755, 390], [760, 364], [759, 351]], "interior": []}, "classId": 1, "classTitle": "Officer"}, {"id": 85580825, "description": "", "geometryType": "polygon", "labelerLogin": "", "createdAt": "", "updatedAt": "", "tags": [], "points": {"exterior": [[521, 507], [519, 476], [518, 299], [512, 265], [499, 261], [494, 244], [499, 225], [485, 214], [474, 217], [458, 222], [455, 241], [457, 245], [458, 253], [464, 272], [465, 274], [464, 277], [457, 288], [450, 306], [447, 319], [448, 329], [450, 343], [438, 348], [437, 356], [442, 362], [485, 460], [487, 474], [482, 487], [486, 504], [482, 515], [486, 527], [502, 524], [513, 521], [522, 517]], "interior": []}, "classId": 1, "classTitle": "Officer"}, {"id": 41272024, "description": "", "geometryType": "polygon", "labelerLogin": "", "createdAt": "", "updatedAt": "", "tags": [], "points": {"exterior": [[732, 271], [744, 264], [735, 245], [739, 232], [744, 219], [750, 216], [760, 212], [756, 225], [761, 234], [764, 237], [781, 242], [780, 252], [779, 253], [781, 260], [774, 277], [774, 283], [778, 295], [788, 306], [777, 346], [767, 358], [762, 367], [758, 349], [741, 332], [720, 319], [720, 290], [722, 285], [725, 280], [727, 279]], "interior": []}, "classId": 1, "classTitle": "Officer"}, {"id": 87601802, "description": "", "geometryType": "polygon", "labelerLogin": "", "createdAt": "", "updatedAt": "", "tags": [], "points": {"exterior": [[1189, 372], [1189, 349], [1189, 343], [1190, 332], [1198, 298], [1198, 255], [1188, 230], [1173, 222], [1172, 218], [1168, 202], [1154, 195], [1148, 203], [1148, 211], [1148, 218], [1148, 225], [1167, 230], [1173, 238], [1179, 257], [1182, 274], [1182, 291], [1177, 310], [1167, 358], [1168, 393], [1167, 410], [1167, 413], [1167, 419], [1175, 414], [1187, 414], [1187, 394]], "interior": []}, "classId": 1, "classTitle": "Officer"}, {"id": 42122879, "description": "", "geometryType": "polygon", "labelerLogin": "", "createdAt": "", "updatedAt": "", "tags": [], "points": {"exterior": [[605, 270], [598, 261], [597, 259], [593, 246], [592, 232], [592, 222], [591, 220], [588, 217], [572, 216], [558, 226], [551, 241], [546, 263], [553, 276], [571, 270], [559, 296], [550, 307], [546, 309], [539, 319], [538, 348], [537, 352], [536, 355], [531, 361], [531, 363], [529, 367], [524, 352], [526, 357], [520, 363], [520, 363], [521, 392], [531, 392], [547, 390], [574, 400], [579, 392], [592, 367], [583, 363], [578, 360], [580, 342], [582, 337], [585, 331], [591, 319], [592, 311], [592, 309], [592, 309], [592, 309], [598, 306], [605, 300], [602, 298], [609, 285], [609, 274], [609, 270]], "interior": []}, "classId": 1, "classTitle": "Officer"}, {"id": 52682718, "description": "", "geometryType": "polygon", "labelerLogin": "", "createdAt": "", "updatedAt": "", "tags": [], "points": {"exterior": [[439, 217], [431, 226], [423, 230], [423, 230], [426, 235], [428, 239], [424, 246], [422, 253], [422, 257], [418, 266], [418, 278], [414, 284], [415, 294], [415, 316], [415, 321], [414, 324], [413, 331], [406, 332], [405, 340], [402, 348], [409, 363], [429, 392], [442, 414], [459, 453], [474, 475], [470, 452], [470, 431], [442, 368], [437, 357], [436, 348], [442, 342], [442, 326], [441, 308], [442, 296], [445, 291], [448, 307], [458, 285], [467, 273], [462, 263], [457, 245], [454, 242], [458, 222], [446, 218]], "interior": []}, "classId": 1, "classTitle": "Officer"}, {"id": 40614082, "description": "", "geometryType": "polygon", "labelerLogin": "", "createdAt": "", "updatedAt": "", "tags": [], "points": {"exterior": [[1067, 227], [1077, 222], [1074, 206], [1077, 192], [1089, 187], [1104, 189], [1107, 191], [1099, 200], [1102, 214], [1101, 224], [1087, 243], [1087, 269], [1084, 278], [1081, 285], [1081, 303], [1067, 261], [1058, 252], [1050, 246], [1058, 235]], "interior": []}, "classId": 1, "classTitle": "Officer"}, {"id": 33869201, "description": "", "geometryType": "polygon", "labelerLogin": "", "createdAt": "", "updatedAt": "", "tags": [], "points": {"exterior": [[477, 580], [493, 532], [483, 505], [469, 475], [444, 427], [430, 403], [423, 392], [395, 348], [406, 337], [406, 323], [405, 300], [399, 280], [387, 269], [373, 263], [365, 256], [337, 265], [325, 280], [320, 289], [315, 299], [315, 303], [306, 318], [307, 323], [307, 327], [258, 369], [245, 375], [232, 389], [201, 428], [186, 450], [182, 465], [175, 465], [192, 457], [212, 481], [215, 484], [238, 440], [254, 413], [430, 407], [432, 438], [429, 470], [424, 486], [420, 498], [419, 512], [423, 519], [426, 531], [439, 549], [467, 593], [481, 575]], "interior": []}, "classId": 1, "classTitle": "Officer"}]}