{"tags": [], "size": {"height": 1220, "width": 2500}, "objects": [{"id": 67938675, "description": "", "geometryType": "polygon", "labelerLogin": "", "createdAt": "", "updatedAt": "", "tags": [], "points": {"exterior": [[1933, 868], [1948, 814], [1930, 707], [1901, 650], [1862, 629], [1866, 597], [1848, 544], [1830, 533], [1791, 536], [1777, 565], [1766, 597], [1762, 636], [1705, 658], [1677, 711], [1655, 793], [1688, 829], [1720, 853], [1695, 1046], [1691, 1081], [1709, 1142], [1730, 1217], [1866, 1210], [1883, 1078], [1912, 1010], [1908, 925]], "interior": []}, "classId": 2, "classTitle": "Civilian"}, {"id": 41353751, "description": "", "geometryType": "polygon", "labelerLogin": "", "createdAt": "", "updatedAt": "", "tags": [], "points": {"exterior": [[1289, 875], [1303, 811], [1324, 761], [1335, 700], [1349, 668], [1392, 640], [1435, 643], [1456, 679], [1477, 707], [1488, 764], [1506, 782], [1538, 811], [1549, 975], [1520, 989], [1517, 1128], [1527, 1213], [1264, 1206], [1296, 1110], [1303, 1049], [1306, 996], [1278, 978], [1267, 939]], "interior": []}, "classId": 2, "classTitle": "Civilian"}, {"id": 10119471, "description": "", "geometryType": "polygon", "labelerLogin": "", "createdAt": "", "updatedAt": "", "tags": [], "points": {"exterior": [[2008, 910], [2051, 889], [2029, 829], [2040, 768], [2047, 704], [2094, 661], [2150, 658], [2204, 668], [2247, 711], [2268, 754], [2264, 821], [2254, 903], [2357, 946], [2382, 996], [2396, 1074], [2460, 1213], [1894, 1210], [1894, 1145], [1880, 1121], [1923, 975], [1948, 935]], "interior": []}, "classId": 2, "classTitle": "Civilian"}, {"id": 59508067, "description": "", "geometryType": "polygon", "labelerLogin": "", "createdAt": "", "updatedAt": "", "tags": [], "points": {"exterior": [[1157, 946], [1139, 875], [1096, 804], [1071, 789], [1075, 725], [1075, 675], [1050, 640], [1018, 626], [957, 636], [911, 690], [876, 789], [854, 889], [840, 982], [833, 1064], [836, 1131], [876, 1185], [897, 1218], [1096, 1210], [1071, 1053], [1089, 971], [1128, 1042], [1164, 996]], "interior": []}, "classId": 2, "classTitle": "Civilian"}, {"id": 31771014, "description": "", "geometryType": "polygon", "labelerLogin": "", "createdAt": "", "updatedAt": "", "tags": [], "points": {"exterior": [[608, 883], [578, 785], [575, 726], [566, 690], [540, 673], [540, 631], [540, 586], [510, 563], [480, 566], [439, 566], [427, 601], [424, 661], [382, 690], [367, 729], [356, 759], [365, 824], [397, 877], [415, 934], [403, 1044], [397, 1186], [406, 1213], [477, 1218], [474, 1097], [489, 1014], [522, 1046], [540, 1103], [537, 1153], [549, 1210], [608, 1216], [614, 1088], [593, 1002], [620, 954], [617, 922]], "interior": []}, "classId": 2, "classTitle": "Civilian"}, {"id": 46311868, "description": "", "geometryType": "polygon", "labelerLogin": "", "createdAt": "", "updatedAt": "", "tags": [], "points": {"exterior": [[712, 815], [730, 762], [715, 708], [727, 667], [744, 643], [759, 592], [789, 586], [816, 592], [825, 607], [845, 664], [875, 687], [890, 711], [878, 768], [866, 803], [854, 845], [836, 919], [830, 952], [822, 1029], [801, 987], [786, 928], [747, 1097], [759, 1127], [721, 1153], [697, 1136], [685, 1106], [685, 1046], [694, 987], [706, 937], [709, 895], [715, 839]], "interior": []}, "classId": 2, "classTitle": "Civilian"}, {"id": 73804558, "description": "", "geometryType": "polygon", "labelerLogin": "", "createdAt": "", "updatedAt": "", "tags": [], "points": {"exterior": [[1668, 647], [1672, 628], [1680, 584], [1670, 538], [1653, 518], [1644, 493], [1631, 488], [1611, 494], [1604, 535], [1599, 549], [1597, 576], [1597, 615], [1594, 669], [1595, 711], [1592, 742], [1644, 733], [1655, 728], [1661, 700]], "interior": []}, "classId": 1, "classTitle": "Officer"}, {"id": 30635142, "description": "", "geometryType": "polygon", "labelerLogin": "", "createdAt": "", "updatedAt": "", "tags": [], "points": {"exterior": [[1541, 625], [1542, 592], [1551, 570], [1537, 549], [1525, 543], [1522, 522], [1515, 505], [1492, 506], [1480, 518], [1482, 552], [1460, 555], [1454, 579], [1448, 595], [1461, 622], [1465, 649], [1461, 669], [1461, 673], [1472, 689], [1480, 701], [1488, 724], [1488, 746], [1490, 756], [1511, 766], [1535, 770], [1544, 747], [1541, 707], [1535, 683], [1537, 654]], "interior": []}, "classId": 1, "classTitle": "Officer"}, {"id": 81491301, "description": "", "geometryType": "polygon", "labelerLogin": "", "createdAt": "", "updatedAt": "", "tags": [], "points": {"exterior": [[1445, 515], [1438, 496], [1427, 493], [1410, 501], [1403, 522], [1403, 542], [1388, 550], [1376, 563], [1374, 592], [1371, 620], [1367, 647], [1388, 636], [1401, 635], [1425, 639], [1440, 647], [1458, 673], [1461, 653], [1461, 636], [1455, 613], [1447, 595], [1448, 578], [1455, 558], [1458, 546], [1452, 536]], "interior": []}, "classId": 1, "classTitle": "Officer"}, {"id": 52989587, "description": "", "geometryType": "polygon", "labelerLogin": "", "createdAt": "", "updatedAt": "", "tags": [], "points": {"exterior": [[1259, 685], [1252, 636], [1246, 605], [1252, 567], [1266, 548], [1267, 527], [1272, 501], [1285, 494], [1295, 497], [1298, 507], [1305, 536], [1305, 548], [1310, 661], [1309, 692], [1309, 705], [1307, 737], [1307, 749], [1273, 761], [1256, 754], [1252, 735], [1271, 723]], "interior": []}, "classId": 1, "classTitle": "Officer"}, {"id": 67322678, "description": "", "geometryType": "polygon", "labelerLogin": "", "createdAt": "", "updatedAt": "", "tags": [], "points": {"exterior": [[1169, 548], [1180, 530], [1179, 505], [1197, 491], [1215, 497], [1231, 507], [1246, 547], [1254, 559], [1252, 565], [1250, 582], [1243, 603], [1251, 630], [1251, 649], [1247, 691], [1247, 709], [1247, 725], [1247, 765], [1203, 760], [1183, 742], [1180, 734], [1183, 715], [1183, 710], [1172, 704], [1178, 665], [1166, 630], [1160, 584], [1164, 571]], "interior": []}, "classId": 1, "classTitle": "Officer"}, {"id": 52532939, "description": "", "geometryType": "polygon", "labelerLogin": "", "createdAt": "", "updatedAt": "", "tags": [], "points": {"exterior": [[675, 610], [672, 597], [664, 566], [666, 539], [694, 499], [714, 503], [721, 510], [726, 532], [736, 551], [723, 566], [724, 589], [725, 608], [732, 637], [734, 643], [734, 654], [721, 672], [719, 682], [703, 712], [681, 719], [669, 715], [671, 709], [688, 697]], "interior": []}, "classId": 1, "classTitle": "Officer"}, {"id": 20902044, "description": "", "geometryType": "polygon", "labelerLogin": "", "createdAt": "", "updatedAt": "", "tags": [], "points": {"exterior": [[872, 562], [890, 551], [886, 522], [902, 508], [923, 507], [932, 517], [932, 532], [932, 545], [952, 555], [952, 570], [953, 585], [955, 593], [935, 593], [923, 595], [908, 597], [892, 627], [888, 651], [888, 664], [874, 659], [869, 629], [865, 598]], "interior": []}, "classId": 1, "classTitle": "Officer"}, {"id": 86113764, "description": "", "geometryType": "polygon", "labelerLogin": "", "createdAt": "", "updatedAt": "", "tags": [], "points": {"exterior": [[1157, 532], [1145, 507], [1124, 507], [1120, 513], [1114, 530], [1107, 546], [1107, 553], [1093, 574], [1092, 591], [1090, 606], [1102, 615], [1102, 631], [1102, 642], [1116, 654], [1131, 672], [1138, 683], [1149, 700], [1151, 702], [1154, 707], [1157, 681], [1175, 659], [1165, 633], [1159, 607], [1159, 579], [1165, 559], [1167, 550]], "interior": []}, "classId": 1, "classTitle": "Officer"}, {"id": 43648966, "description": "", "geometryType": "polygon", "labelerLogin": "", "createdAt": "", "updatedAt": "", "tags": [], "points": {"exterior": [[746, 539], [743, 531], [741, 511], [765, 504], [769, 509], [776, 521], [777, 538], [803, 549], [808, 563], [818, 583], [819, 590], [789, 582], [759, 589], [741, 646], [739, 651], [725, 607], [727, 566], [736, 550], [740, 543]], "interior": []}, "classId": 1, "classTitle": "Officer"}, {"id": 75282098, "description": "", "geometryType": "polygon", "labelerLogin": "", "createdAt": "", "updatedAt": "", "tags": [], "points": {"exterior": [[1699, 559], [1708, 542], [1723, 518], [1725, 484], [1745, 479], [1774, 488], [1781, 502], [1791, 531], [1775, 553], [1760, 604], [1760, 633], [1699, 653], [1696, 641], [1687, 617], [1684, 598]], "interior": []}, "classId": 1, "classTitle": "Officer"}, {"id": 62577831, "description": "", "geometryType": "polygon", "labelerLogin": "", "createdAt": "", "updatedAt": "", "tags": [], "points": {"exterior": [[1561, 513], [1574, 501], [1581, 493], [1582, 470], [1591, 460], [1609, 460], [1614, 469], [1619, 476], [1619, 489], [1607, 494], [1597, 579], [1592, 668], [1592, 679], [1592, 696], [1592, 712], [1562, 721], [1549, 710], [1552, 697], [1560, 696], [1556, 585], [1551, 562], [1547, 543], [1546, 521]], "interior": []}, "classId": 1, "classTitle": "Officer"}]}