{"tags": [], "size": {"height": 147, "width": 220}, "objects": [{"id": 58115048, "description": "", "geometryType": "polygon", "labelerLogin": "", "createdAt": "", "updatedAt": "", "tags": [], "points": {"exterior": [[134, 105], [133, 83], [133, 76], [134, 68], [134, 60], [133, 53], [133, 50], [127, 45], [121, 42], [113, 42], [108, 46], [101, 47], [99, 47], [96, 49], [93, 51], [91, 52], [90, 49], [90, 46], [91, 44], [89, 43], [80, 43], [76, 42], [69, 41], [69, 39], [66, 38], [56, 37], [52, 38], [48, 39], [44, 42], [44, 44], [42, 46], [39, 49], [36, 51], [28, 52], [23, 63], [17, 63], [20, 98], [20, 123], [23, 133], [29, 136], [77, 131], [90, 129], [98, 124], [113, 131], [121, 130], [126, 124], [129, 119]], "interior": []}, "classId": 2, "classTitle": "Civilian"}]}