{"tags": [], "size": {"height": 531, "width": 800}, "objects": [{"id": 29426516, "description": "", "geometryType": "polygon", "labelerLogin": "", "createdAt": "", "updatedAt": "", "tags": [], "points": {"exterior": [[357, 196], [325, 133], [304, 105], [284, 96], [266, 79], [255, 49], [242, 25], [196, 2], [170, 1], [144, 18], [131, 27], [123, 51], [129, 86], [150, 135], [52, 128], [2, 129], [2, 163], [109, 181], [41, 235], [2, 240], [2, 275], [98, 275], [160, 374], [128, 429], [91, 482], [70, 529], [70, 529], [162, 522], [231, 422], [274, 425], [312, 400], [328, 370], [343, 348], [354, 299], [356, 227], [358, 189]], "interior": []}, "classId": 2, "classTitle": "Civilian"}, {"id": 56014347, "description": "", "geometryType": "polygon", "labelerLogin": "", "createdAt": "", "updatedAt": "", "tags": [], "points": {"exterior": [[476, 153], [460, 129], [458, 108], [464, 86], [461, 71], [449, 62], [442, 58], [425, 59], [411, 63], [398, 67], [390, 72], [402, 92], [404, 114], [403, 125], [398, 141], [392, 157], [385, 162], [376, 165], [370, 164], [364, 141], [362, 125], [354, 116], [348, 113], [339, 113], [328, 115], [323, 122], [332, 147], [341, 166], [352, 181], [363, 195], [365, 215], [354, 312], [372, 312], [371, 348], [377, 372], [386, 384], [407, 399], [417, 377], [413, 302], [446, 290], [477, 243], [482, 213], [499, 206], [499, 182]], "interior": []}, "classId": 2, "classTitle": "Civilian"}, {"id": 75018837, "description": "", "geometryType": "polygon", "labelerLogin": "", "createdAt": "", "updatedAt": "", "tags": [], "points": {"exterior": [[617, 504], [638, 481], [656, 465], [674, 434], [683, 411], [682, 385], [690, 366], [686, 341], [682, 315], [697, 305], [724, 310], [733, 304], [701, 278], [678, 266], [652, 268], [624, 277], [597, 284], [559, 292], [517, 310], [494, 331], [478, 344], [479, 365], [490, 378], [541, 349], [537, 378], [517, 392], [478, 403], [451, 415], [435, 423], [438, 443], [443, 465], [439, 488], [456, 498], [464, 499], [484, 512], [512, 529], [589, 528], [598, 513]], "interior": []}, "classId": 2, "classTitle": "Civilian"}, {"id": 37501354, "description": "", "geometryType": "polygon", "labelerLogin": "", "createdAt": "", "updatedAt": "", "tags": [], "points": {"exterior": [[684, 239], [686, 218], [682, 202], [681, 170], [666, 154], [646, 145], [641, 91], [643, 68], [631, 52], [618, 51], [608, 59], [601, 68], [599, 83], [605, 100], [605, 122], [607, 149], [608, 168], [608, 185], [601, 199], [586, 213], [602, 230], [635, 269], [676, 262]], "interior": []}, "classId": 2, "classTitle": "Civilian"}, {"id": 77736238, "description": "", "geometryType": "polygon", "labelerLogin": "", "createdAt": "", "updatedAt": "", "tags": [], "points": {"exterior": [[297, 94], [317, 96], [354, 97], [372, 96], [373, 82], [376, 68], [384, 58], [396, 52], [407, 55], [409, 55], [411, 59], [412, 66], [406, 71], [395, 69], [396, 81], [401, 85], [402, 86], [402, 93], [400, 99], [402, 109], [402, 118], [404, 124], [404, 128], [400, 137], [395, 148], [391, 158], [389, 163], [388, 165], [367, 148], [359, 140], [364, 133], [364, 127], [363, 122], [354, 115], [347, 112], [337, 112], [332, 114], [324, 116], [319, 116], [316, 116], [307, 102], [297, 100], [293, 96], [295, 90]], "interior": []}, "classId": 2, "classTitle": "Civilian"}, {"id": 65109989, "description": "", "geometryType": "polygon", "labelerLogin": "", "createdAt": "", "updatedAt": "", "tags": [], "points": {"exterior": [[531, 162], [525, 143], [521, 137], [521, 131], [523, 121], [524, 109], [522, 104], [515, 98], [510, 97], [498, 98], [483, 94], [475, 95], [466, 99], [461, 104], [461, 113], [461, 119], [461, 129], [467, 131], [470, 136], [469, 146], [477, 153], [484, 168], [495, 175], [507, 178], [514, 181], [528, 184], [533, 174]], "interior": []}, "classId": 2, "classTitle": "Civilian"}, {"id": 17056819, "description": "", "geometryType": "polygon", "labelerLogin": "", "createdAt": "", "updatedAt": "", "tags": [], "points": {"exterior": [[598, 128], [595, 117], [594, 113], [597, 108], [594, 102], [589, 95], [584, 97], [575, 99], [564, 99], [566, 111], [556, 123], [549, 129], [538, 144], [532, 158], [532, 169], [534, 177], [542, 179], [551, 169], [559, 159], [566, 150], [571, 146], [579, 139], [594, 129]], "interior": []}, "classId": 2, "classTitle": "Civilian"}, {"id": 76402880, "description": "", "geometryType": "polygon", "labelerLogin": "", "createdAt": "", "updatedAt": "", "tags": [], "points": {"exterior": [[563, 176], [579, 174], [595, 176], [603, 177], [607, 168], [607, 157], [605, 151], [605, 144], [606, 136], [603, 134], [596, 134], [591, 135], [586, 138], [582, 140], [576, 141], [570, 146], [555, 163], [560, 165], [556, 169], [554, 175], [551, 179]], "interior": []}, "classId": 2, "classTitle": "Civilian"}, {"id": 44981342, "description": "", "geometryType": "polygon", "labelerLogin": "", "createdAt": "", "updatedAt": "", "tags": [], "points": {"exterior": [[545, 120], [544, 115], [548, 108], [551, 103], [549, 95], [547, 91], [544, 88], [541, 87], [534, 91], [525, 94], [517, 96], [522, 103], [524, 105], [522, 112], [522, 122], [522, 132], [522, 139], [524, 144], [526, 149], [529, 157], [531, 163], [533, 167], [542, 148], [543, 141], [551, 125]], "interior": []}, "classId": 2, "classTitle": "Civilian"}]}