{"tags": [], "size": {"height": 797, "width": 1200}, "objects": [{"id": 92632437, "description": "", "geometryType": "polygon", "labelerLogin": "", "createdAt": "", "updatedAt": "", "tags": [], "points": {"exterior": [[935, 676], [979, 619], [1010, 602], [1046, 587], [1066, 534], [1094, 455], [1080, 407], [1039, 366], [1044, 351], [1023, 356], [1015, 377], [1022, 416], [1011, 454], [1003, 486], [996, 496], [981, 500], [967, 501], [935, 496], [912, 496], [892, 496], [864, 507], [851, 508], [841, 501], [830, 491], [764, 508], [745, 520], [745, 537], [729, 566], [709, 594], [666, 607], [541, 618], [529, 640], [517, 669], [504, 708], [492, 737], [476, 751], [459, 761], [447, 773], [452, 787], [473, 795], [528, 795], [620, 795], [663, 792], [694, 748], [760, 724], [803, 722], [818, 748], [844, 753], [894, 760], [919, 739], [917, 710]], "interior": []}, "classId": 2, "classTitle": "Civilian"}, {"id": 79432183, "description": "", "geometryType": "polygon", "labelerLogin": "", "createdAt": "", "updatedAt": "", "tags": [], "points": {"exterior": [[451, 577], [470, 534], [482, 484], [509, 464], [526, 464], [552, 467], [579, 466], [613, 455], [627, 436], [663, 426], [682, 430], [705, 438], [721, 438], [745, 416], [782, 395], [805, 406], [818, 419], [825, 433], [827, 457], [823, 474], [817, 486], [818, 500], [827, 532], [817, 544], [806, 554], [793, 534], [762, 501], [736, 520], [736, 524], [738, 534], [728, 551], [714, 570], [702, 585], [673, 601], [642, 604], [588, 607], [548, 609], [524, 621], [519, 667], [499, 701], [452, 761], [420, 753], [406, 736], [406, 715], [410, 689], [394, 676], [389, 664], [388, 652], [394, 636], [423, 624], [447, 599], [456, 570]], "interior": []}, "classId": 2, "classTitle": "Civilian"}, {"id": 46436848, "description": "", "geometryType": "polygon", "labelerLogin": "", "createdAt": "", "updatedAt": "", "tags": [], "points": {"exterior": [[266, 481], [275, 464], [294, 448], [324, 454], [353, 454], [367, 454], [410, 450], [420, 436], [434, 413], [423, 392], [434, 365], [447, 349], [475, 334], [488, 332], [512, 330], [526, 324], [538, 313], [555, 315], [564, 325], [588, 368], [588, 406], [598, 431], [623, 430], [611, 442], [594, 454], [553, 466], [524, 459], [492, 466], [473, 486], [468, 525], [452, 553], [446, 582], [389, 572], [367, 623], [353, 590], [341, 570], [331, 558], [314, 539], [292, 519], [276, 503]], "interior": []}, "classId": 2, "classTitle": "Civilian"}, {"id": 12827939, "description": "", "geometryType": "polygon", "labelerLogin": "", "createdAt": "", "updatedAt": "", "tags": [], "points": {"exterior": [[374, 720], [376, 688], [369, 647], [367, 630], [350, 577], [329, 554], [309, 525], [276, 505], [263, 481], [251, 471], [229, 460], [170, 462], [147, 476], [143, 450], [117, 440], [63, 445], [25, 466], [11, 489], [11, 520], [15, 548], [47, 532], [92, 539], [153, 565], [174, 592], [184, 614], [203, 597], [235, 594], [258, 594], [278, 601], [287, 607], [304, 616], [324, 624], [340, 628], [348, 648], [347, 672], [333, 686], [350, 727], [369, 741]], "interior": []}, "classId": 2, "classTitle": "Civilian"}, {"id": 60789155, "description": "", "geometryType": "polygon", "labelerLogin": "", "createdAt": "", "updatedAt": "", "tags": [], "points": {"exterior": [[251, 402], [229, 368], [213, 372], [191, 382], [188, 358], [193, 341], [194, 325], [182, 313], [169, 298], [157, 288], [141, 277], [109, 281], [92, 295], [85, 308], [94, 317], [87, 336], [80, 346], [78, 360], [80, 372], [94, 383], [105, 390], [123, 404], [179, 407], [194, 438], [220, 462], [247, 433]], "interior": []}, "classId": 2, "classTitle": "Civilian"}, {"id": 87543882, "description": "", "geometryType": "polygon", "labelerLogin": "", "createdAt": "", "updatedAt": "", "tags": [], "points": {"exterior": [[540, 247], [543, 238], [543, 236], [428, 244], [427, 248], [427, 258]], "interior": []}, "classId": 6, "classTitle": "Baton"}, {"id": 38434491, "description": "", "geometryType": "polygon", "labelerLogin": "", "createdAt": "", "updatedAt": "", "tags": [], "points": {"exterior": [[833, 392], [996, 2], [982, 2], [811, 408], [813, 413], [820, 419]], "interior": []}, "classId": 6, "classTitle": "Baton"}, {"id": 66891057, "description": "", "geometryType": "polygon", "labelerLogin": "", "createdAt": "", "updatedAt": "", "tags": [], "points": {"exterior": [[1188, 1], [1083, 725], [1082, 748], [1094, 783], [1102, 795], [1198, 795], [1196, 2]], "interior": []}, "classId": 3, "classTitle": "Riot Shield"}, {"id": 32570658, "description": "", "geometryType": "polygon", "labelerLogin": "", "createdAt": "", "updatedAt": "", "tags": [], "points": {"exterior": [[1121, 124], [1059, 129], [1025, 139], [1001, 136], [969, 134], [955, 139], [923, 172], [923, 228], [919, 257], [890, 324], [861, 399], [839, 443], [839, 469], [835, 489], [844, 498], [852, 503], [866, 503], [875, 493], [902, 488], [929, 488], [945, 495], [960, 495], [986, 481], [1011, 435], [1008, 397], [1013, 346], [1030, 342], [1044, 346], [1064, 361], [1073, 368], [1087, 375], [1128, 375], [1155, 168], [1135, 153]], "interior": []}, "classId": 1, "classTitle": "Officer"}, {"id": 81509050, "description": "", "geometryType": "polygon", "labelerLogin": "", "createdAt": "", "updatedAt": "", "tags": [], "points": {"exterior": [[83, 269], [39, 71], [2, 72], [2, 305], [5, 308], [25, 324], [34, 336], [34, 354], [63, 358], [70, 332], [80, 327], [88, 319], [80, 308], [88, 295]], "interior": []}, "classId": 3, "classTitle": "Riot Shield"}, {"id": 78881900, "description": "", "geometryType": "polygon", "labelerLogin": "", "createdAt": "", "updatedAt": "", "tags": [], "points": {"exterior": [[887, 141], [873, 102], [853, 87], [817, 90], [801, 104], [787, 119], [773, 134], [754, 159], [750, 178], [759, 200], [742, 257], [727, 294], [703, 324], [693, 357], [695, 396], [672, 418], [660, 429], [678, 439], [698, 446], [706, 436], [717, 422], [726, 419], [737, 411], [763, 401], [783, 392], [810, 402], [907, 163]], "interior": []}, "classId": 1, "classTitle": "Officer"}, {"id": 93205427, "description": "", "geometryType": "polygon", "labelerLogin": "", "createdAt": "", "updatedAt": "", "tags": [], "points": {"exterior": [[571, 194], [596, 151], [636, 141], [665, 134], [707, 141], [732, 160], [739, 164], [746, 178], [753, 200], [749, 221], [736, 254], [729, 281], [716, 311], [700, 324], [696, 334], [688, 357], [685, 371], [682, 382], [676, 405], [668, 413], [643, 416], [625, 421], [623, 421], [602, 422], [594, 388], [586, 364], [559, 277], [571, 241]], "interior": []}, "classId": 1, "classTitle": "Officer"}, {"id": 28149648, "description": "", "geometryType": "polygon", "labelerLogin": "", "createdAt": "", "updatedAt": "", "tags": [], "points": {"exterior": [[650, 109], [628, 74], [609, 60], [601, 53], [582, 52], [559, 47], [552, 39], [542, 27], [527, 19], [515, 15], [488, 16], [465, 37], [457, 56], [461, 70], [468, 83], [465, 106], [468, 127], [472, 150], [474, 168], [475, 196], [475, 210], [472, 235], [478, 254], [482, 281], [482, 301], [484, 335], [487, 348], [504, 348], [517, 335], [517, 327], [518, 317], [531, 310], [558, 308], [559, 294], [555, 278], [556, 268], [562, 261], [566, 251], [571, 237], [571, 217], [565, 203], [565, 190], [575, 173], [585, 157], [598, 149], [615, 141], [639, 140], [662, 131]], "interior": []}, "classId": 1, "classTitle": "Officer"}, {"id": 93374850, "description": "", "geometryType": "polygon", "labelerLogin": "", "createdAt": "", "updatedAt": "", "tags": [], "points": {"exterior": [[329, 164], [339, 144], [337, 130], [331, 107], [330, 92], [330, 73], [331, 64], [343, 46], [353, 39], [376, 37], [390, 45], [403, 56], [413, 70], [415, 84], [420, 94], [440, 84], [450, 90], [455, 96], [455, 123], [461, 144], [471, 173], [472, 193], [470, 214], [468, 228], [471, 243], [423, 243], [421, 260], [474, 255], [474, 280], [474, 288], [477, 301], [478, 315], [478, 327], [467, 328], [454, 335], [437, 344], [427, 355], [423, 382], [424, 408], [424, 429], [408, 445], [363, 449], [357, 408], [351, 319], [336, 281], [326, 254], [319, 231], [319, 207], [331, 153]], "interior": []}, "classId": 1, "classTitle": "Officer"}, {"id": 82432545, "description": "", "geometryType": "polygon", "labelerLogin": "", "createdAt": "", "updatedAt": "", "tags": [], "points": {"exterior": [[226, 287], [239, 260], [239, 241], [235, 228], [223, 211], [212, 197], [206, 181], [203, 173], [199, 161], [203, 140], [206, 123], [213, 104], [226, 97], [259, 96], [277, 103], [300, 113], [301, 113], [333, 130], [339, 147], [320, 167], [313, 218], [321, 250], [321, 262], [324, 275], [327, 287], [353, 328], [346, 436], [331, 445], [310, 446], [290, 442], [286, 443], [266, 456], [253, 458], [242, 441], [257, 419], [257, 408], [249, 392], [229, 364], [193, 378], [188, 366], [195, 349], [203, 329], [209, 315]], "interior": []}, "classId": 1, "classTitle": "Officer"}, {"id": 40742480, "description": "", "geometryType": "polygon", "labelerLogin": "", "createdAt": "", "updatedAt": "", "tags": [], "points": {"exterior": [[830, 73], [840, 55], [827, 39], [821, 27], [827, 3], [820, 2], [742, 2], [727, 8], [722, 37], [722, 56], [716, 69], [705, 76], [695, 76], [685, 80], [693, 103], [696, 109], [702, 119], [716, 130], [726, 141], [726, 153], [750, 170], [767, 133], [796, 104], [811, 89]], "interior": []}, "classId": 1, "classTitle": "Officer"}, {"id": 66943565, "description": "", "geometryType": "polygon", "labelerLogin": "", "createdAt": "", "updatedAt": "", "tags": [], "points": {"exterior": [[293, 49], [246, 35], [233, 12], [220, 2], [192, 2], [173, 5], [166, 12], [160, 22], [158, 36], [162, 52], [153, 66], [141, 82], [132, 92], [132, 109], [132, 141], [135, 164], [136, 178], [138, 197], [143, 213], [143, 230], [143, 253], [159, 265], [179, 270], [189, 260], [172, 171], [185, 150], [202, 137], [206, 120], [210, 104], [225, 96], [242, 94], [273, 94], [282, 99], [294, 106], [311, 110], [321, 110], [326, 90], [324, 76], [309, 52]], "interior": []}, "classId": 1, "classTitle": "Officer"}]}