{"tags": [], "size": {"height": 451, "width": 600}, "objects": [{"id": 78575080, "description": "", "geometryType": "polygon", "labelerLogin": "", "createdAt": "", "updatedAt": "", "tags": [], "points": {"exterior": [[156, 332], [160, 287], [158, 276], [161, 262], [187, 244], [176, 237], [163, 234], [158, 216], [141, 205], [120, 192], [96, 190], [94, 168], [86, 160], [68, 151], [35, 156], [17, 178], [11, 193], [14, 207], [21, 235], [7, 268], [3, 289], [3, 330], [12, 336], [32, 342], [87, 326], [88, 359], [84, 378], [99, 395], [122, 428], [123, 449], [184, 449], [200, 436], [215, 406], [211, 394], [186, 388], [177, 382], [166, 377], [163, 371], [159, 358], [158, 348]], "interior": []}, "classId": 2, "classTitle": "Civilian"}, {"id": 42219239, "description": "", "geometryType": "polygon", "labelerLogin": "", "createdAt": "", "updatedAt": "", "tags": [], "points": {"exterior": [[232, 235], [261, 160], [258, 159], [256, 160], [251, 160], [246, 161], [243, 158], [239, 158], [201, 234], [205, 236], [207, 237], [208, 240], [214, 250], [220, 256], [226, 244]], "interior": []}, "classId": 3, "classTitle": "Riot Shield"}, {"id": 97487052, "description": "", "geometryType": "polygon", "labelerLogin": "", "createdAt": "", "updatedAt": "", "tags": [], "points": {"exterior": [[290, 211], [289, 191], [287, 180], [285, 175], [282, 172], [278, 170], [266, 170], [263, 172], [255, 185], [253, 194], [244, 202], [241, 215], [245, 219], [256, 221], [252, 231], [241, 255], [238, 271], [234, 278], [245, 287], [249, 293], [253, 303], [265, 308], [275, 312], [277, 306], [276, 287], [274, 277], [274, 268], [275, 261], [284, 254], [290, 229]], "interior": []}, "classId": 1, "classTitle": "Officer"}, {"id": 43714925, "description": "", "geometryType": "polygon", "labelerLogin": "", "createdAt": "", "updatedAt": "", "tags": [], "points": {"exterior": [[317, 241], [315, 232], [312, 221], [312, 210], [312, 203], [308, 191], [307, 186], [306, 181], [302, 175], [298, 172], [297, 171], [289, 169], [286, 170], [283, 171], [283, 174], [285, 180], [286, 184], [288, 187], [288, 197], [288, 206], [288, 223], [288, 229], [287, 234], [284, 254], [275, 262], [275, 275], [274, 281], [274, 287], [274, 292], [276, 297], [282, 300], [286, 304], [290, 307], [297, 308], [302, 307], [306, 295], [306, 285], [308, 275], [312, 265], [319, 259], [323, 253]], "interior": []}, "classId": 1, "classTitle": "Officer"}, {"id": 24389857, "description": "", "geometryType": "polygon", "labelerLogin": "", "createdAt": "", "updatedAt": "", "tags": [], "points": {"exterior": [[343, 216], [340, 201], [339, 199], [339, 198], [336, 196], [332, 198], [329, 205], [326, 215], [324, 225], [324, 230], [324, 236], [329, 240], [332, 241], [335, 236], [339, 230], [342, 222], [343, 219]], "interior": []}, "classId": 2, "classTitle": "Civilian"}, {"id": 52083919, "description": "", "geometryType": "polygon", "labelerLogin": "", "createdAt": "", "updatedAt": "", "tags": [], "points": {"exterior": [[217, 186], [215, 180], [213, 178], [211, 179], [209, 180], [204, 189], [200, 192], [198, 197], [199, 201], [200, 203], [201, 207], [201, 210], [204, 212], [206, 212], [212, 210], [217, 201], [220, 194], [221, 189]], "interior": []}, "classId": 2, "classTitle": "Civilian"}, {"id": 99237630, "description": "", "geometryType": "polygon", "labelerLogin": "", "createdAt": "", "updatedAt": "", "tags": [], "points": {"exterior": [[531, 374], [538, 371], [529, 324], [534, 321], [533, 316], [529, 307], [529, 295], [529, 282], [526, 277], [519, 270], [517, 270], [516, 273], [515, 282], [521, 302], [518, 316], [518, 331]], "interior": []}, "classId": 4, "classTitle": "Gun"}, {"id": 86004351, "description": "", "geometryType": "polygon", "labelerLogin": "", "createdAt": "", "updatedAt": "", "tags": [], "points": {"exterior": [[382, 371], [382, 374], [385, 374], [427, 329], [427, 326], [425, 325]], "interior": []}, "classId": 6, "classTitle": "Baton"}, {"id": 37197412, "description": "", "geometryType": "polygon", "labelerLogin": "", "createdAt": "", "updatedAt": "", "tags": [], "points": {"exterior": [[543, 241], [547, 236], [552, 227], [551, 218], [551, 212], [550, 210], [548, 207], [544, 202], [539, 200], [530, 196], [530, 196], [525, 196], [521, 196], [515, 197], [515, 198], [508, 203], [502, 208], [498, 213], [496, 217], [495, 222], [495, 229], [500, 238], [505, 242], [510, 247], [519, 248], [525, 249], [530, 249], [539, 246]], "interior": []}, "classId": 3, "classTitle": "Riot Shield"}, {"id": 50651933, "description": "", "geometryType": "polygon", "labelerLogin": "", "createdAt": "", "updatedAt": "", "tags": [], "points": {"exterior": [[581, 223], [575, 209], [577, 205], [581, 200], [585, 198], [589, 198], [594, 199], [594, 199], [598, 201], [598, 223], [598, 236], [595, 236], [591, 232], [587, 229], [585, 227], [584, 224]], "interior": []}, "classId": 3, "classTitle": "Riot Shield"}, {"id": 89689448, "description": "", "geometryType": "polygon", "labelerLogin": "", "createdAt": "", "updatedAt": "", "tags": [], "points": {"exterior": [[466, 238], [450, 168], [446, 163], [444, 162], [442, 162], [389, 177], [415, 306], [421, 259], [422, 237], [428, 231], [435, 227], [443, 225], [447, 226], [451, 227], [457, 232], [459, 235], [461, 239], [464, 242], [468, 242]], "interior": []}, "classId": 3, "classTitle": "Riot Shield"}, {"id": 61998472, "description": "", "geometryType": "polygon", "labelerLogin": "", "createdAt": "", "updatedAt": "", "tags": [], "points": {"exterior": [[499, 345], [501, 336], [504, 331], [507, 328], [511, 318], [513, 314], [513, 320], [514, 320], [517, 320], [519, 316], [519, 301], [516, 287], [514, 276], [514, 268], [510, 262], [503, 257], [497, 252], [490, 248], [484, 245], [479, 243], [468, 242], [467, 242], [464, 242], [463, 240], [462, 239], [450, 227], [447, 226], [442, 226], [439, 226], [438, 226], [432, 229], [426, 232], [423, 239], [421, 244], [421, 254], [422, 264], [421, 269], [420, 276], [418, 298], [412, 327], [415, 331], [416, 332], [419, 334], [422, 337], [424, 338], [427, 334], [429, 328], [430, 322], [432, 317], [435, 305], [439, 309], [441, 312], [442, 320], [440, 328], [440, 333], [441, 339], [444, 346], [446, 350], [452, 353], [456, 360], [459, 368], [458, 374], [459, 378], [462, 380], [469, 381], [473, 380], [488, 380], [492, 389], [494, 392], [494, 397], [496, 402], [499, 405], [512, 406], [520, 407], [518, 387], [518, 373], [510, 363], [505, 357], [502, 353]], "interior": []}, "classId": 3, "classTitle": "Riot Shield"}]}