{"tags": [], "size": {"height": 720, "width": 1280}, "objects": [{"id": 10771383, "description": "", "geometryType": "polygon", "labelerLogin": "", "createdAt": "", "updatedAt": "", "tags": [], "points": {"exterior": [[325, 582], [356, 280], [162, 255], [149, 262], [122, 585], [139, 591], [316, 593], [323, 590]], "interior": []}, "classId": 3, "classTitle": "Riot Shield"}, {"id": 58860996, "description": "", "geometryType": "polygon", "labelerLogin": "", "createdAt": "", "updatedAt": "", "tags": [], "points": {"exterior": [[626, 587], [588, 270], [419, 280], [418, 283], [432, 621], [621, 601], [624, 594]], "interior": []}, "classId": 3, "classTitle": "Riot Shield"}, {"id": 99990214, "description": "", "geometryType": "polygon", "labelerLogin": "", "createdAt": "", "updatedAt": "", "tags": [], "points": {"exterior": [[630, 280], [784, 260], [831, 580], [831, 590], [822, 604], [633, 615], [591, 286]], "interior": []}, "classId": 3, "classTitle": "Riot Shield"}, {"id": 99786833, "description": "", "geometryType": "polygon", "labelerLogin": "", "createdAt": "", "updatedAt": "", "tags": [], "points": {"exterior": [[1146, 629], [1096, 266], [895, 279], [929, 642], [934, 649], [1134, 636]], "interior": []}, "classId": 3, "classTitle": "Riot Shield"}, {"id": 52381021, "description": "", "geometryType": "polygon", "labelerLogin": "", "createdAt": "", "updatedAt": "", "tags": [], "points": {"exterior": [[1136, 279], [1159, 261], [1163, 226], [1170, 199], [1173, 194], [1179, 184], [1198, 173], [1232, 176], [1232, 178], [1248, 211], [1255, 226], [1255, 230], [1275, 251], [1270, 288], [1269, 314], [1256, 348], [1273, 393], [1277, 424], [1278, 717], [1197, 717], [1188, 625], [1165, 573], [1165, 514], [1146, 443], [1148, 394], [1124, 458], [1113, 387], [1121, 341]], "interior": []}, "classId": 1, "classTitle": "Officer"}, {"id": 73306633, "description": "", "geometryType": "polygon", "labelerLogin": "", "createdAt": "", "updatedAt": "", "tags": [], "points": {"exterior": [[125, 354], [102, 339], [97, 312], [86, 300], [68, 301], [58, 311], [61, 329], [61, 332], [69, 346], [75, 356], [80, 368], [80, 385], [83, 398], [92, 419], [97, 431], [105, 465], [105, 473], [104, 503], [126, 535], [133, 435], [138, 376]], "interior": []}, "classId": 2, "classTitle": "Civilian"}, {"id": 29669871, "description": "", "geometryType": "polygon", "labelerLogin": "", "createdAt": "", "updatedAt": "", "tags": [], "points": {"exterior": [[382, 412], [375, 396], [374, 374], [379, 367], [385, 356], [393, 347], [392, 335], [392, 326], [395, 318], [406, 318], [420, 319], [426, 503], [376, 511], [371, 501], [381, 486], [384, 449]], "interior": []}, "classId": 2, "classTitle": "Civilian"}, {"id": 15361676, "description": "", "geometryType": "polygon", "labelerLogin": "", "createdAt": "", "updatedAt": "", "tags": [], "points": {"exterior": [[380, 309], [364, 297], [353, 295], [346, 380], [347, 399], [344, 422], [356, 418], [361, 421], [370, 426], [379, 427], [379, 414], [376, 399], [373, 384], [373, 371], [384, 358], [386, 342], [386, 328]], "interior": []}, "classId": 2, "classTitle": "Civilian"}]}