{"tags": [], "size": {"height": 320, "width": 640}, "objects": [{"id": 89063665, "description": "", "geometryType": "polygon", "labelerLogin": "", "createdAt": "", "updatedAt": "", "tags": [], "points": {"exterior": [[276, 263], [303, 139], [303, 133], [301, 128], [255, 119], [253, 120], [247, 125], [245, 127], [220, 229], [215, 264], [216, 267], [273, 267]], "interior": []}, "classId": 3, "classTitle": "Riot Shield"}, {"id": 51321050, "description": "", "geometryType": "polygon", "labelerLogin": "", "createdAt": "", "updatedAt": "", "tags": [], "points": {"exterior": [[149, 192], [159, 153], [157, 132], [84, 118], [71, 260], [102, 258], [113, 216], [121, 208], [135, 198]], "interior": []}, "classId": 3, "classTitle": "Riot Shield"}, {"id": 88159949, "description": "", "geometryType": "polygon", "labelerLogin": "", "createdAt": "", "updatedAt": "", "tags": [], "points": {"exterior": [[216, 312], [209, 289], [201, 278], [197, 268], [198, 258], [204, 247], [211, 234], [210, 218], [206, 208], [194, 198], [194, 195], [193, 186], [190, 168], [187, 163], [176, 155], [171, 154], [160, 164], [150, 182], [152, 191], [118, 209], [113, 219], [105, 258], [108, 271], [123, 296], [124, 318], [216, 318]], "interior": []}, "classId": 2, "classTitle": "Civilian"}, {"id": 54220373, "description": "", "geometryType": "polygon", "labelerLogin": "", "createdAt": "", "updatedAt": "", "tags": [], "points": {"exterior": [[423, 296], [419, 276], [422, 272], [432, 260], [434, 247], [433, 236], [425, 225], [425, 220], [428, 215], [430, 206], [426, 192], [417, 179], [403, 177], [396, 177], [384, 186], [371, 193], [352, 206], [341, 222], [338, 235], [335, 267], [331, 293], [326, 312], [324, 318], [424, 318], [423, 300]], "interior": []}, "classId": 2, "classTitle": "Civilian"}]}