{"tags": [], "size": {"height": 342, "width": 608}, "objects": [{"id": 70536864, "description": "", "geometryType": "polygon", "labelerLogin": "", "createdAt": "", "updatedAt": "", "tags": [], "points": {"exterior": [[388, 262], [381, 222], [374, 208], [370, 200], [362, 183], [353, 188], [346, 196], [338, 207], [329, 216], [323, 228], [322, 241], [320, 266], [327, 279], [331, 289], [332, 303], [335, 316], [342, 326], [347, 329], [360, 320], [370, 296], [372, 288], [374, 277], [381, 269]], "interior": []}, "classId": 1, "classTitle": "Officer"}, {"id": 78150149, "description": "", "geometryType": "polygon", "labelerLogin": "", "createdAt": "", "updatedAt": "", "tags": [], "points": {"exterior": [[439, 189], [445, 176], [449, 167], [453, 153], [457, 139], [454, 124], [449, 103], [434, 100], [424, 103], [413, 114], [403, 129], [405, 140], [408, 154], [413, 173], [413, 185], [417, 194], [420, 197], [438, 196], [443, 188]], "interior": []}, "classId": 1, "classTitle": "Officer"}, {"id": 85175168, "description": "", "geometryType": "polygon", "labelerLogin": "", "createdAt": "", "updatedAt": "", "tags": [], "points": {"exterior": [[408, 297], [410, 280], [407, 277], [391, 270], [383, 274], [381, 275], [378, 282], [376, 293], [374, 299], [369, 304], [365, 310], [359, 315], [355, 324], [351, 332], [348, 340], [364, 340], [384, 339], [410, 339], [427, 329], [422, 318], [421, 314], [416, 305]], "interior": []}, "classId": 1, "classTitle": "Officer"}, {"id": 70507135, "description": "", "geometryType": "polygon", "labelerLogin": "", "createdAt": "", "updatedAt": "", "tags": [], "points": {"exterior": [[280, 323], [274, 303], [275, 293], [269, 283], [268, 279], [266, 270], [262, 260], [251, 251], [245, 249], [240, 247], [225, 254], [225, 258], [226, 265], [228, 274], [225, 286], [223, 288], [219, 295], [219, 303], [219, 310], [221, 316], [225, 323], [231, 329], [236, 338], [263, 340], [274, 340]], "interior": []}, "classId": 1, "classTitle": "Officer"}, {"id": 61140514, "description": "", "geometryType": "polygon", "labelerLogin": "", "createdAt": "", "updatedAt": "", "tags": [], "points": {"exterior": [[121, 283], [124, 269], [126, 266], [129, 263], [132, 258], [137, 252], [146, 248], [158, 250], [169, 253], [171, 260], [170, 264], [177, 286], [159, 290], [154, 294], [160, 304], [161, 310], [161, 316], [158, 325], [158, 330], [157, 338], [103, 338], [103, 332], [110, 326], [111, 310], [114, 296]], "interior": []}, "classId": 1, "classTitle": "Officer"}, {"id": 54290114, "description": "", "geometryType": "polygon", "labelerLogin": "", "createdAt": "", "updatedAt": "", "tags": [], "points": {"exterior": [[218, 233], [224, 221], [226, 215], [220, 198], [213, 193], [209, 188], [200, 173], [194, 172], [183, 180], [181, 186], [178, 195], [173, 200], [169, 206], [165, 210], [162, 216], [161, 220], [159, 226], [165, 231], [166, 233], [169, 237], [172, 241], [176, 247], [178, 252], [178, 256], [185, 255], [194, 254], [200, 249], [203, 246], [216, 243]], "interior": []}, "classId": 1, "classTitle": "Officer"}, {"id": 84858031, "description": "", "geometryType": "polygon", "labelerLogin": "", "createdAt": "", "updatedAt": "", "tags": [], "points": {"exterior": [[132, 214], [135, 208], [137, 203], [140, 199], [144, 195], [147, 189], [149, 187], [153, 182], [156, 181], [162, 184], [162, 184], [164, 189], [171, 199], [173, 201], [165, 209], [162, 218], [159, 223], [158, 229], [166, 235], [168, 239], [171, 245], [173, 249], [176, 254], [175, 259], [170, 255], [168, 252], [165, 250], [158, 248], [148, 248], [143, 248], [137, 251], [132, 248], [133, 239], [134, 232], [133, 226], [132, 219]], "interior": []}, "classId": 1, "classTitle": "Officer"}, {"id": 76957458, "description": "", "geometryType": "polygon", "labelerLogin": "", "createdAt": "", "updatedAt": "", "tags": [], "points": {"exterior": [[57, 202], [56, 191], [57, 187], [64, 182], [68, 183], [78, 189], [77, 184], [71, 177], [65, 172], [59, 168], [54, 165], [47, 161], [47, 157], [47, 148], [45, 146], [42, 143], [29, 145], [22, 150], [20, 157], [24, 170], [24, 178], [23, 188], [24, 196], [23, 206], [23, 216], [25, 225], [25, 237], [25, 248], [24, 256], [27, 260], [30, 262], [32, 265], [36, 262], [41, 236], [44, 233], [47, 228], [52, 225], [53, 214], [53, 207]], "interior": []}, "classId": 1, "classTitle": "Officer"}, {"id": 24355174, "description": "", "geometryType": "polygon", "labelerLogin": "", "createdAt": "", "updatedAt": "", "tags": [], "points": {"exterior": [[20, 266], [21, 248], [22, 242], [23, 236], [24, 225], [24, 222], [24, 217], [23, 213], [23, 208], [25, 195], [24, 179], [23, 176], [23, 172], [21, 168], [20, 164], [20, 159], [17, 152], [14, 146], [10, 143], [7, 142], [2, 144], [2, 145], [2, 259], [1, 263], [2, 267], [4, 277], [8, 284], [11, 275], [12, 272], [16, 269]], "interior": []}, "classId": 1, "classTitle": "Officer"}]}