{"tags": [], "size": {"height": 414, "width": 620}, "objects": [{"id": 45523149, "description": "", "geometryType": "polygon", "labelerLogin": "", "createdAt": "", "updatedAt": "", "tags": [], "points": {"exterior": [[294, 390], [279, 150], [209, 152], [204, 157], [217, 397], [220, 403], [224, 404], [295, 399]], "interior": []}, "classId": 3, "classTitle": "Riot Shield"}, {"id": 76014272, "description": "", "geometryType": "polygon", "labelerLogin": "", "createdAt": "", "updatedAt": "", "tags": [], "points": {"exterior": [[110, 399], [114, 155], [49, 155], [44, 156], [40, 159], [30, 171], [30, 395], [30, 403], [32, 406], [37, 408], [75, 409]], "interior": []}, "classId": 3, "classTitle": "Riot Shield"}, {"id": 58940818, "description": "", "geometryType": "polygon", "labelerLogin": "", "createdAt": "", "updatedAt": "", "tags": [], "points": {"exterior": [[470, 379], [470, 148], [396, 145], [395, 148], [393, 153], [392, 180], [431, 182], [425, 188], [409, 188], [408, 190], [404, 195], [397, 200], [393, 206], [390, 376], [389, 384], [393, 384], [396, 386], [408, 389], [442, 385], [461, 385]], "interior": []}, "classId": 3, "classTitle": "Riot Shield"}, {"id": 17241865, "description": "", "geometryType": "polygon", "labelerLogin": "", "createdAt": "", "updatedAt": "", "tags": [], "points": {"exterior": [[563, 375], [549, 145], [525, 145], [502, 145], [488, 147], [483, 147], [476, 150], [491, 380], [493, 389], [499, 388], [564, 384]], "interior": []}, "classId": 3, "classTitle": "Riot Shield"}, {"id": 30536835, "description": "", "geometryType": "polygon", "labelerLogin": "", "createdAt": "", "updatedAt": "", "tags": [], "points": {"exterior": [[601, 365], [593, 146], [596, 143], [617, 142], [618, 377], [604, 376], [602, 375]], "interior": []}, "classId": 3, "classTitle": "Riot Shield"}, {"id": 84474103, "description": "", "geometryType": "polygon", "labelerLogin": "", "createdAt": "", "updatedAt": "", "tags": [], "points": {"exterior": [[353, 196], [367, 188], [383, 188], [384, 189], [385, 191], [387, 191], [386, 187], [390, 186], [393, 188], [399, 191], [403, 193], [406, 192], [408, 188], [426, 187], [429, 183], [379, 179], [373, 180], [363, 180], [360, 180], [357, 180], [354, 182], [354, 182], [345, 197], [352, 199]], "interior": []}, "classId": 4, "classTitle": "Gun"}, {"id": 93625222, "description": "", "geometryType": "polygon", "labelerLogin": "", "createdAt": "", "updatedAt": "", "tags": [], "points": {"exterior": [[370, 272], [370, 257], [372, 242], [381, 227], [387, 208], [392, 198], [400, 197], [398, 194], [395, 189], [389, 188], [384, 191], [379, 189], [365, 190], [358, 186], [354, 182], [352, 180], [358, 177], [370, 175], [365, 154], [357, 149], [348, 149], [340, 150], [336, 150], [326, 158], [323, 166], [307, 192], [305, 211], [309, 221], [306, 229], [302, 244], [303, 263], [299, 271], [292, 289], [289, 318], [294, 350], [295, 384], [309, 375], [306, 362], [306, 339], [317, 323], [322, 309], [334, 289], [336, 292], [345, 302], [347, 322], [350, 348], [352, 359], [351, 370], [352, 377], [355, 382], [362, 386], [373, 389], [381, 388], [383, 364], [384, 339], [384, 323], [384, 311], [378, 295]], "interior": []}, "classId": 1, "classTitle": "Officer"}, {"id": 21767882, "description": "", "geometryType": "polygon", "labelerLogin": "", "createdAt": "", "updatedAt": "", "tags": [], "points": {"exterior": [[151, 298], [158, 262], [166, 250], [184, 241], [181, 229], [175, 220], [166, 208], [151, 189], [139, 179], [138, 159], [136, 155], [131, 151], [127, 149], [123, 149], [114, 148], [111, 149], [111, 150], [114, 152], [115, 155], [112, 336], [116, 342], [130, 392], [133, 396], [140, 398], [145, 403], [156, 401], [164, 401], [160, 388], [158, 367], [161, 348], [161, 332], [156, 308], [153, 301]], "interior": []}, "classId": 1, "classTitle": "Officer"}, {"id": 45581614, "description": "", "geometryType": "polygon", "labelerLogin": "", "createdAt": "", "updatedAt": "", "tags": [], "points": {"exterior": [[178, 297], [170, 279], [169, 270], [170, 262], [175, 254], [183, 242], [184, 230], [178, 223], [173, 211], [172, 192], [178, 171], [180, 165], [183, 160], [185, 155], [187, 147], [191, 141], [203, 127], [210, 127], [228, 128], [230, 132], [239, 149], [209, 151], [201, 161], [212, 340], [212, 347], [206, 383], [204, 387], [203, 396], [199, 396], [192, 394], [189, 394], [189, 379], [186, 334], [184, 323], [183, 311], [178, 293], [178, 292]], "interior": []}, "classId": 1, "classTitle": "Officer"}, {"id": 52456331, "description": "", "geometryType": "polygon", "labelerLogin": "", "createdAt": "", "updatedAt": "", "tags": [], "points": {"exterior": [[36, 121], [36, 115], [36, 107], [36, 103], [33, 100], [30, 97], [27, 96], [25, 94], [21, 94], [16, 95], [14, 97], [11, 100], [8, 105], [8, 110], [8, 114], [9, 119], [11, 124], [12, 126], [16, 128], [26, 128], [29, 126], [31, 125]], "interior": []}, "classId": 3, "classTitle": "Riot Shield"}, {"id": 16207143, "description": "", "geometryType": "polygon", "labelerLogin": "", "createdAt": "", "updatedAt": "", "tags": [], "points": {"exterior": [[36, 143], [34, 140], [34, 136], [31, 126], [24, 129], [18, 129], [15, 128], [12, 127], [11, 125], [10, 122], [9, 119], [8, 112], [9, 101], [11, 98], [15, 95], [23, 90], [20, 83], [17, 79], [12, 78], [8, 79], [6, 82], [4, 93], [2, 101], [2, 105], [2, 109], [2, 136], [10, 151], [10, 168], [11, 188], [24, 189], [26, 185], [26, 178], [26, 171], [28, 165], [31, 157], [34, 153], [38, 143]], "interior": []}, "classId": 3, "classTitle": "Riot Shield"}, {"id": 92467404, "description": "", "geometryType": "polygon", "labelerLogin": "", "createdAt": "", "updatedAt": "", "tags": [], "points": {"exterior": [[128, 133], [128, 131], [122, 122], [124, 120], [124, 118], [125, 115], [125, 114], [123, 111], [121, 107], [119, 108], [110, 97], [105, 101], [115, 115], [117, 121], [118, 125]], "interior": []}, "classId": 4, "classTitle": "Gun"}]}