{"tags": [], "size": {"height": 495, "width": 660}, "objects": [{"id": 29767286, "description": "", "geometryType": "polygon", "labelerLogin": "", "createdAt": "", "updatedAt": "", "tags": [], "points": {"exterior": [[495, 316], [486, 291], [487, 267], [500, 267], [508, 253], [510, 241], [510, 239], [502, 227], [498, 216], [494, 206], [488, 196], [480, 195], [472, 192], [455, 193], [448, 196], [445, 214], [444, 230], [445, 246], [449, 251], [451, 264], [443, 271], [452, 296], [452, 300], [453, 317], [454, 325], [447, 332], [441, 341], [437, 350], [438, 354], [442, 357], [455, 362], [467, 356], [471, 341], [475, 324], [484, 331], [486, 343], [485, 352], [494, 357], [507, 355], [514, 340], [509, 333]], "interior": []}, "classId": 2, "classTitle": "Civilian"}, {"id": 96077688, "description": "", "geometryType": "polygon", "labelerLogin": "", "createdAt": "", "updatedAt": "", "tags": [], "points": {"exterior": [[94, 420], [191, 337], [187, 319], [167, 317], [155, 319], [141, 326], [136, 336], [136, 347], [94, 378], [93, 350], [85, 338], [82, 323], [82, 314], [69, 312], [72, 296], [64, 283], [60, 272], [52, 262], [51, 255], [63, 231], [62, 223], [70, 202], [68, 193], [51, 184], [35, 176], [21, 170], [2, 166], [2, 493], [99, 493], [92, 436]], "interior": []}, "classId": 2, "classTitle": "Civilian"}, {"id": 88962959, "description": "", "geometryType": "polygon", "labelerLogin": "", "createdAt": "", "updatedAt": "", "tags": [], "points": {"exterior": [[131, 451], [116, 443], [108, 426], [116, 401], [124, 359], [124, 334], [125, 320], [117, 255], [112, 250], [117, 244], [129, 242], [128, 230], [123, 209], [112, 200], [105, 195], [95, 190], [82, 190], [71, 197], [69, 222], [68, 238], [64, 253], [55, 263], [56, 269], [114, 263], [126, 317], [91, 299], [71, 310], [83, 314], [83, 318], [85, 339], [94, 345], [93, 376], [123, 359], [114, 404], [96, 417], [95, 473], [100, 492], [118, 485], [121, 474], [130, 467], [134, 457]], "interior": []}, "classId": 2, "classTitle": "Civilian"}, {"id": 50294259, "description": "", "geometryType": "polygon", "labelerLogin": "", "createdAt": "", "updatedAt": "", "tags": [], "points": {"exterior": [[606, 259], [611, 248], [613, 242], [615, 235], [614, 231], [612, 223], [609, 219], [607, 218], [607, 212], [605, 208], [601, 204], [593, 206], [593, 210], [592, 212], [591, 219], [587, 227], [585, 230], [584, 235], [585, 241], [586, 247], [587, 252], [587, 257], [591, 266], [592, 272], [591, 282], [588, 285], [590, 288], [595, 287], [606, 289], [608, 284], [608, 270]], "interior": []}, "classId": 2, "classTitle": "Civilian"}, {"id": 27035462, "description": "", "geometryType": "polygon", "labelerLogin": "", "createdAt": "", "updatedAt": "", "tags": [], "points": {"exterior": [[632, 225], [627, 219], [622, 222], [619, 225], [617, 231], [615, 237], [612, 253], [614, 259], [614, 266], [615, 272], [617, 280], [620, 281], [632, 280], [632, 267], [631, 254], [632, 242], [632, 232]], "interior": []}, "classId": 2, "classTitle": "Civilian"}, {"id": 51258802, "description": "", "geometryType": "polygon", "labelerLogin": "", "createdAt": "", "updatedAt": "", "tags": [], "points": {"exterior": [[648, 275], [646, 255], [646, 246], [645, 241], [644, 236], [640, 237], [640, 229], [645, 223], [644, 220], [641, 216], [640, 213], [634, 214], [632, 217], [632, 223], [631, 235], [632, 257], [630, 267], [632, 280], [632, 284], [633, 287], [633, 288], [641, 289], [646, 288], [650, 273]], "interior": []}, "classId": 2, "classTitle": "Civilian"}, {"id": 13844034, "description": "", "geometryType": "polygon", "labelerLogin": "", "createdAt": "", "updatedAt": "", "tags": [], "points": {"exterior": [[195, 267], [195, 251], [192, 253], [191, 242], [195, 235], [200, 231], [201, 226], [203, 222], [204, 218], [208, 217], [210, 218], [211, 218], [213, 221], [216, 225], [219, 231], [220, 235], [203, 233], [203, 235], [203, 241], [203, 251], [204, 259], [207, 274], [206, 278], [203, 290], [196, 284], [196, 274], [195, 266]], "interior": []}, "classId": 2, "classTitle": "Civilian"}]}