{"tags": [], "size": {"height": 630, "width": 1200}, "objects": [{"id": 11215104, "description": "", "geometryType": "polygon", "labelerLogin": "", "createdAt": "", "updatedAt": "", "tags": [], "points": {"exterior": [[413, 527], [430, 406], [423, 368], [386, 320], [365, 261], [369, 194], [362, 158], [396, 91], [429, 78], [430, 40], [456, 28], [499, 40], [509, 64], [502, 110], [540, 155], [569, 192], [627, 230], [658, 247], [666, 256], [666, 276], [666, 288], [641, 293], [630, 273], [603, 264], [558, 226], [555, 226], [505, 203], [487, 215], [473, 291], [495, 462], [494, 563], [552, 589], [531, 614], [408, 609], [430, 562], [400, 562]], "interior": []}, "classId": 2, "classTitle": "Civilian"}, {"id": 49208986, "description": "", "geometryType": "polygon", "labelerLogin": "", "createdAt": "", "updatedAt": "", "tags": [], "points": {"exterior": [[95, 110], [96, 86], [86, 52], [85, 26], [97, 7], [110, 4], [123, 12], [132, 35], [138, 52], [136, 70], [120, 79], [123, 93], [123, 116], [108, 126], [94, 122]], "interior": []}, "classId": 1, "classTitle": "Officer"}, {"id": 28305473, "description": "", "geometryType": "polygon", "labelerLogin": "", "createdAt": "", "updatedAt": "", "tags": [], "points": {"exterior": [[229, 300], [226, 264], [241, 240], [241, 206], [224, 190], [245, 170], [243, 126], [227, 100], [214, 84], [207, 59], [185, 54], [185, 54], [166, 59], [158, 86], [155, 104], [143, 116], [143, 131], [126, 168], [115, 194], [115, 209], [144, 209], [125, 257], [133, 273], [156, 302], [183, 251], [184, 278], [194, 278], [197, 313], [183, 339], [226, 325]], "interior": []}, "classId": 1, "classTitle": "Officer"}, {"id": 93967990, "description": "", "geometryType": "polygon", "labelerLogin": "", "createdAt": "", "updatedAt": "", "tags": [], "points": {"exterior": [[254, 88], [252, 58], [242, 51], [249, 38], [249, 26], [262, 16], [263, 3], [279, 2], [283, 16], [292, 29], [287, 45], [288, 55], [285, 77], [284, 104], [271, 106], [253, 105], [247, 102], [252, 93]], "interior": []}, "classId": 1, "classTitle": "Officer"}, {"id": 33119669, "description": "", "geometryType": "polygon", "labelerLogin": "", "createdAt": "", "updatedAt": "", "tags": [], "points": {"exterior": [[278, 151], [294, 94], [285, 83], [288, 60], [297, 40], [301, 15], [311, 10], [325, 13], [332, 29], [331, 43], [337, 47], [335, 61], [325, 67], [323, 70], [319, 83], [309, 100], [300, 115], [300, 130], [293, 151], [292, 156], [291, 168], [292, 179], [287, 196], [266, 183], [259, 171], [271, 167], [280, 169]], "interior": []}, "classId": 1, "classTitle": "Officer"}, {"id": 51185359, "description": "", "geometryType": "polygon", "labelerLogin": "", "createdAt": "", "updatedAt": "", "tags": [], "points": {"exterior": [[403, 68], [390, 55], [384, 44], [378, 43], [376, 27], [369, 18], [362, 13], [348, 16], [339, 22], [333, 34], [333, 41], [337, 49], [335, 62], [326, 70], [321, 80], [315, 92], [305, 112], [300, 123], [300, 136], [295, 154], [296, 163], [318, 168], [314, 199], [316, 223], [351, 197], [364, 192], [372, 144], [387, 109], [399, 95], [418, 87]], "interior": []}, "classId": 1, "classTitle": "Officer"}, {"id": 11989048, "description": "", "geometryType": "polygon", "labelerLogin": "", "createdAt": "", "updatedAt": "", "tags": [], "points": {"exterior": [[826, 213], [803, 183], [781, 155], [764, 144], [729, 141], [729, 129], [732, 96], [718, 73], [693, 64], [674, 65], [651, 79], [628, 95], [618, 110], [652, 115], [658, 141], [651, 156], [627, 166], [573, 172], [561, 173], [565, 190], [604, 213], [651, 213], [663, 247], [668, 258], [674, 303], [676, 371], [668, 408], [661, 473], [644, 540], [632, 571], [725, 568], [732, 453], [762, 394], [782, 394], [819, 473], [839, 511], [860, 551], [849, 571], [902, 571], [907, 545], [869, 455], [857, 415], [844, 342], [825, 296], [807, 261], [837, 236]], "interior": []}, "classId": 1, "classTitle": "Officer"}, {"id": 31598164, "description": "", "geometryType": "polygon", "labelerLogin": "", "createdAt": "", "updatedAt": "", "tags": [], "points": {"exterior": [[903, 356], [903, 277], [918, 224], [920, 202], [942, 181], [942, 148], [934, 120], [920, 108], [903, 94], [905, 69], [904, 56], [882, 47], [861, 52], [841, 68], [843, 105], [832, 118], [820, 139], [812, 160], [810, 186], [810, 186], [810, 186], [824, 202], [831, 213], [837, 231], [838, 241], [816, 258], [816, 277], [832, 308], [843, 332], [846, 350], [848, 351], [852, 379], [872, 391], [896, 390], [901, 375]], "interior": []}, "classId": 1, "classTitle": "Officer"}, {"id": 10160665, "description": "", "geometryType": "polygon", "labelerLogin": "", "createdAt": "", "updatedAt": "", "tags": [], "points": {"exterior": [[1047, 291], [1042, 241], [1040, 186], [1046, 89], [1070, 66], [1062, 24], [1080, 11], [1109, 16], [1119, 39], [1120, 61], [1125, 74], [1148, 93], [1165, 110], [1171, 142], [1170, 200], [1156, 225], [1152, 255], [1139, 271], [1123, 277], [1117, 325], [1111, 356], [1105, 389], [1078, 381], [1078, 369], [1046, 368], [1069, 333]], "interior": []}, "classId": 1, "classTitle": "Officer"}, {"id": 44200634, "description": "", "geometryType": "polygon", "labelerLogin": "", "createdAt": "", "updatedAt": "", "tags": [], "points": {"exterior": [[938, 299], [945, 244], [968, 199], [1006, 196], [997, 132], [976, 104], [959, 73], [950, 66], [952, 36], [933, 26], [915, 27], [908, 34], [904, 47], [906, 60], [906, 82], [906, 93], [919, 103], [928, 112], [939, 126], [943, 143], [943, 158], [943, 179], [942, 188], [921, 201], [918, 226], [915, 249], [907, 261], [907, 277], [911, 306], [907, 328], [944, 328], [944, 312]], "interior": []}, "classId": 1, "classTitle": "Officer"}, {"id": 79561328, "description": "", "geometryType": "polygon", "labelerLogin": "", "createdAt": "", "updatedAt": "", "tags": [], "points": {"exterior": [[996, 272], [999, 201], [1009, 198], [1013, 170], [1027, 142], [1040, 120], [1035, 88], [1017, 69], [1005, 59], [1000, 36], [978, 27], [958, 38], [959, 51], [958, 60], [958, 68], [966, 84], [975, 101], [991, 137], [997, 164], [980, 203], [967, 206], [957, 222], [950, 241], [946, 260], [944, 285], [943, 295], [982, 298], [999, 285]], "interior": []}, "classId": 1, "classTitle": "Officer"}, {"id": 24126804, "description": "", "geometryType": "polygon", "labelerLogin": "", "createdAt": "", "updatedAt": "", "tags": [], "points": {"exterior": [[687, 56], [676, 39], [677, 33], [677, 25], [667, 19], [656, 24], [656, 38], [644, 32], [633, 45], [631, 57], [635, 68], [643, 62], [639, 76], [634, 87], [671, 63], [687, 63]], "interior": []}, "classId": 1, "classTitle": "Officer"}, {"id": 30987453, "description": "", "geometryType": "polygon", "labelerLogin": "", "createdAt": "", "updatedAt": "", "tags": [], "points": {"exterior": [[540, 129], [554, 86], [575, 70], [606, 70], [620, 90], [623, 97], [618, 108], [618, 119], [621, 138], [631, 154], [642, 155], [652, 225], [660, 298], [673, 336], [675, 358], [672, 384], [665, 426], [655, 479], [650, 495], [618, 376], [600, 358], [575, 400], [544, 467], [539, 502], [525, 539], [495, 540], [497, 468], [529, 386], [529, 348], [547, 310], [548, 259], [525, 229], [527, 219], [545, 153]], "interior": []}, "classId": 1, "classTitle": "Officer"}, {"id": 18034518, "description": "", "geometryType": "polygon", "labelerLogin": "", "createdAt": "", "updatedAt": "", "tags": [], "points": {"exterior": [[205, 214], [206, 207], [201, 201], [138, 193], [136, 196], [136, 199]], "interior": []}, "classId": 6, "classTitle": "Baton"}, {"id": 26333396, "description": "", "geometryType": "polygon", "labelerLogin": "", "createdAt": "", "updatedAt": "", "tags": [], "points": {"exterior": [[315, 158], [376, 157], [376, 153], [312, 154], [289, 155], [288, 158]], "interior": []}, "classId": 6, "classTitle": "Baton"}, {"id": 78630001, "description": "", "geometryType": "polygon", "labelerLogin": "", "createdAt": "", "updatedAt": "", "tags": [], "points": {"exterior": [[840, 218], [913, 227], [913, 237], [833, 226], [829, 218]], "interior": []}, "classId": 6, "classTitle": "Baton"}, {"id": 15876221, "description": "", "geometryType": "polygon", "labelerLogin": "", "createdAt": "", "updatedAt": "", "tags": [], "points": {"exterior": [[777, 100], [801, 82], [802, 53], [808, 38], [828, 34], [843, 43], [849, 59], [840, 66], [839, 81], [839, 105], [809, 144], [805, 175]], "interior": []}, "classId": 1, "classTitle": "Officer"}]}