{"tags": [], "size": {"height": 225, "width": 400}, "objects": [{"id": 84138284, "description": "", "geometryType": "polygon", "labelerLogin": "", "createdAt": "", "updatedAt": "", "tags": [], "points": {"exterior": [[319, 204], [328, 198], [332, 190], [339, 160], [337, 146], [335, 133], [244, 29], [242, 29], [242, 33], [249, 43], [249, 54], [244, 73], [232, 96], [227, 102], [226, 108], [286, 170]], "interior": []}, "classId": 3, "classTitle": "Riot Shield"}, {"id": 90238337, "description": "", "geometryType": "polygon", "labelerLogin": "", "createdAt": "", "updatedAt": "", "tags": [], "points": {"exterior": [[157, 97], [154, 90], [143, 87], [141, 83], [140, 78], [140, 76], [140, 74], [144, 72], [149, 74], [168, 77], [172, 75], [210, 80], [210, 75], [176, 70], [176, 67], [149, 62], [136, 61], [118, 58], [115, 60], [108, 62], [104, 64], [97, 66], [90, 60], [79, 60], [80, 76], [94, 75], [101, 74], [113, 71], [124, 72], [128, 74], [131, 74], [135, 73], [133, 79], [135, 84], [137, 89], [143, 99], [146, 104], [149, 107], [159, 100]], "interior": []}, "classId": 4, "classTitle": "Gun"}, {"id": 75948055, "description": "", "geometryType": "polygon", "labelerLogin": "", "createdAt": "", "updatedAt": "", "tags": [], "points": {"exterior": [[145, 175], [144, 179], [211, 179], [226, 180], [226, 177], [225, 175], [180, 174], [166, 174]], "interior": []}, "classId": 6, "classTitle": "Baton"}, {"id": 63948037, "description": "", "geometryType": "polygon", "labelerLogin": "", "createdAt": "", "updatedAt": "", "tags": [], "points": {"exterior": [[287, 205], [281, 180], [276, 167], [272, 160], [264, 154], [257, 146], [251, 140], [239, 124], [225, 106], [227, 100], [233, 94], [243, 77], [249, 60], [249, 46], [246, 44], [236, 40], [228, 36], [226, 28], [215, 16], [210, 13], [203, 9], [196, 11], [182, 15], [172, 22], [170, 45], [174, 50], [166, 60], [165, 63], [177, 67], [177, 68], [177, 70], [208, 73], [212, 78], [212, 80], [173, 75], [168, 79], [156, 77], [154, 82], [153, 86], [156, 92], [159, 101], [154, 106], [140, 141], [144, 156], [145, 160], [143, 166], [143, 173], [140, 179], [135, 190], [129, 199], [127, 207], [128, 219], [130, 222], [136, 223], [153, 223], [160, 209], [161, 199], [165, 193], [171, 186], [184, 181], [143, 179], [145, 173], [194, 173], [211, 156], [224, 161], [230, 166], [235, 173], [243, 194], [247, 203], [253, 211], [255, 223], [291, 222], [284, 203]], "interior": []}, "classId": 1, "classTitle": "Officer"}, {"id": 12009883, "description": "", "geometryType": "polygon", "labelerLogin": "", "createdAt": "", "updatedAt": "", "tags": [], "points": {"exterior": [[72, 161], [84, 135], [90, 127], [94, 119], [95, 111], [92, 111], [84, 113], [78, 112], [72, 107], [66, 104], [63, 97], [63, 86], [63, 76], [67, 66], [73, 50], [74, 44], [74, 37], [76, 26], [80, 15], [90, 13], [107, 10], [115, 17], [121, 23], [121, 23], [132, 30], [145, 34], [150, 38], [156, 46], [161, 63], [144, 61], [135, 61], [120, 57], [112, 60], [105, 60], [97, 65], [90, 60], [78, 60], [79, 76], [80, 79], [83, 81], [95, 78], [103, 74], [115, 72], [127, 73], [132, 74], [133, 80], [139, 93], [144, 104], [147, 108], [154, 104], [148, 115], [144, 135], [142, 148], [143, 164], [132, 149], [118, 156], [112, 168], [104, 183], [98, 192], [96, 200], [88, 219], [86, 223], [58, 223], [60, 206], [63, 191], [70, 165]], "interior": []}, "classId": 1, "classTitle": "Officer"}]}