{"tags": [], "size": {"height": 480, "width": 640}, "objects": [{"id": 58890827, "description": "", "geometryType": "polygon", "labelerLogin": "", "createdAt": "", "updatedAt": "", "tags": [], "points": {"exterior": [[462, 382], [472, 383], [570, 376], [554, 191], [444, 199]], "interior": []}, "classId": 3, "classTitle": "Riot Shield"}, {"id": 72508693, "description": "", "geometryType": "polygon", "labelerLogin": "", "createdAt": "", "updatedAt": "", "tags": [], "points": {"exterior": [[419, 354], [392, 189], [293, 201], [321, 367], [412, 359]], "interior": []}, "classId": 3, "classTitle": "Riot Shield"}, {"id": 78532498, "description": "", "geometryType": "polygon", "labelerLogin": "", "createdAt": "", "updatedAt": "", "tags": [], "points": {"exterior": [[311, 360], [301, 363], [220, 369], [207, 201], [290, 199]], "interior": []}, "classId": 3, "classTitle": "Riot Shield"}, {"id": 90606647, "description": "", "geometryType": "polygon", "labelerLogin": "", "createdAt": "", "updatedAt": "", "tags": [], "points": {"exterior": [[178, 199], [78, 187], [60, 353], [69, 354], [160, 357]], "interior": []}, "classId": 3, "classTitle": "Riot Shield"}, {"id": 98398380, "description": "", "geometryType": "polygon", "labelerLogin": "", "createdAt": "", "updatedAt": "", "tags": [], "points": {"exterior": [[61, 238], [56, 234], [50, 223], [46, 213], [37, 210], [29, 216], [28, 226], [29, 234], [37, 240], [43, 256], [42, 268], [53, 287], [46, 294], [53, 311], [60, 324], [62, 297], [67, 268], [69, 247]], "interior": []}, "classId": 2, "classTitle": "Civilian"}, {"id": 87121644, "description": "", "geometryType": "polygon", "labelerLogin": "", "createdAt": "", "updatedAt": "", "tags": [], "points": {"exterior": [[575, 188], [578, 176], [588, 151], [605, 145], [621, 149], [620, 166], [632, 184], [637, 186], [638, 421], [598, 415], [599, 407], [587, 365], [581, 354], [565, 315], [558, 233], [564, 214]], "interior": []}, "classId": 1, "classTitle": "Officer"}, {"id": 35513379, "description": "", "geometryType": "polygon", "labelerLogin": "", "createdAt": "", "updatedAt": "", "tags": [], "points": {"exterior": [[402, 172], [416, 174], [421, 176], [425, 184], [426, 188], [429, 195], [432, 201], [433, 206], [437, 214], [440, 223], [440, 233], [432, 251], [433, 278], [443, 292], [442, 304], [440, 314], [440, 324], [438, 342], [446, 360], [449, 376], [449, 389], [443, 396], [430, 391], [432, 369], [429, 357], [422, 337], [421, 328], [421, 315], [419, 298], [417, 286], [417, 266], [420, 253], [421, 242], [420, 227], [419, 216], [416, 206], [410, 198], [401, 193], [393, 190], [390, 184], [395, 173]], "interior": []}, "classId": 1, "classTitle": "Officer"}, {"id": 96220552, "description": "", "geometryType": "polygon", "labelerLogin": "", "createdAt": "", "updatedAt": "", "tags": [], "points": {"exterior": [[190, 277], [185, 255], [187, 249], [195, 227], [204, 218], [206, 219], [213, 310], [198, 314], [190, 316], [186, 308], [192, 303], [192, 290]], "interior": []}, "classId": 1, "classTitle": "Officer"}]}