{"tags": [], "size": {"height": 524, "width": 932}, "objects": [{"id": 60796029, "description": "", "geometryType": "polygon", "labelerLogin": "", "createdAt": "", "updatedAt": "", "tags": [], "points": {"exterior": [[849, 255], [850, 96], [915, 96], [916, 264], [909, 264], [885, 263], [871, 263], [860, 261]], "interior": []}, "classId": 3, "classTitle": "Riot Shield"}, {"id": 98407566, "description": "", "geometryType": "polygon", "labelerLogin": "", "createdAt": "", "updatedAt": "", "tags": [], "points": {"exterior": [[835, 151], [798, 86], [792, 81], [787, 80], [781, 82], [774, 84], [761, 96], [751, 107], [748, 113], [747, 122], [748, 127], [814, 240], [846, 216], [848, 163]], "interior": []}, "classId": 3, "classTitle": "Riot Shield"}, {"id": 40880223, "description": "", "geometryType": "polygon", "labelerLogin": "", "createdAt": "", "updatedAt": "", "tags": [], "points": {"exterior": [[651, 143], [647, 116], [644, 112], [639, 110], [630, 110], [630, 228], [633, 228], [639, 230], [646, 230], [652, 228], [652, 158]], "interior": []}, "classId": 3, "classTitle": "Riot Shield"}, {"id": 88419255, "description": "", "geometryType": "polygon", "labelerLogin": "", "createdAt": "", "updatedAt": "", "tags": [], "points": {"exterior": [[618, 187], [614, 123], [607, 114], [586, 118], [586, 205], [590, 206], [596, 208], [603, 209], [608, 209], [612, 209], [609, 199], [612, 194]], "interior": []}, "classId": 3, "classTitle": "Riot Shield"}, {"id": 95425540, "description": "", "geometryType": "polygon", "labelerLogin": "", "createdAt": "", "updatedAt": "", "tags": [], "points": {"exterior": [[561, 205], [560, 109], [565, 108], [580, 108], [582, 205], [577, 207], [568, 206]], "interior": []}, "classId": 3, "classTitle": "Riot Shield"}, {"id": 14479926, "description": "", "geometryType": "polygon", "labelerLogin": "", "createdAt": "", "updatedAt": "", "tags": [], "points": {"exterior": [[532, 194], [523, 105], [553, 102], [555, 109], [558, 113], [559, 121], [559, 193], [536, 195]], "interior": []}, "classId": 3, "classTitle": "Riot Shield"}, {"id": 85173491, "description": "", "geometryType": "polygon", "labelerLogin": "", "createdAt": "", "updatedAt": "", "tags": [], "points": {"exterior": [[522, 176], [504, 103], [501, 97], [498, 96], [494, 97], [486, 98], [506, 182], [508, 182], [515, 182], [520, 179]], "interior": []}, "classId": 3, "classTitle": "Riot Shield"}, {"id": 54771974, "description": "", "geometryType": "polygon", "labelerLogin": "", "createdAt": "", "updatedAt": "", "tags": [], "points": {"exterior": [[480, 194], [493, 182], [495, 140], [486, 102], [483, 103]], "interior": []}, "classId": 3, "classTitle": "Riot Shield"}, {"id": 46141278, "description": "", "geometryType": "polygon", "labelerLogin": "", "createdAt": "", "updatedAt": "", "tags": [], "points": {"exterior": [[452, 182], [451, 104], [445, 105], [441, 105], [441, 182], [442, 184]], "interior": []}, "classId": 3, "classTitle": "Riot Shield"}, {"id": 71762525, "description": "", "geometryType": "polygon", "labelerLogin": "", "createdAt": "", "updatedAt": "", "tags": [], "points": {"exterior": [[437, 153], [430, 104], [409, 105], [413, 141], [424, 180], [429, 181], [435, 180], [439, 177]], "interior": []}, "classId": 3, "classTitle": "Riot Shield"}, {"id": 37742225, "description": "", "geometryType": "polygon", "labelerLogin": "", "createdAt": "", "updatedAt": "", "tags": [], "points": {"exterior": [[729, 159], [707, 101], [692, 96], [658, 93], [697, 211], [745, 209]], "interior": []}, "classId": 3, "classTitle": "Riot Shield"}, {"id": 34400744, "description": "", "geometryType": "polygon", "labelerLogin": "", "createdAt": "", "updatedAt": "", "tags": [], "points": {"exterior": [[755, 266], [759, 258], [763, 250], [764, 204], [759, 189], [763, 167], [762, 152], [746, 126], [748, 107], [750, 102], [764, 89], [754, 73], [746, 67], [740, 65], [727, 65], [723, 66], [720, 69], [719, 73], [715, 79], [715, 90], [711, 106], [712, 107], [716, 122], [728, 157], [748, 211], [692, 211], [679, 215], [671, 254], [662, 264], [661, 277], [663, 307], [660, 322], [681, 326], [697, 312], [708, 273], [719, 243], [723, 270], [727, 306], [716, 325], [720, 328], [735, 329], [744, 326], [751, 307], [757, 285]], "interior": []}, "classId": 1, "classTitle": "Officer"}, {"id": 43295759, "description": "", "geometryType": "polygon", "labelerLogin": "", "createdAt": "", "updatedAt": "", "tags": [], "points": {"exterior": [[404, 163], [406, 138], [404, 128], [405, 114], [398, 101], [393, 100], [390, 101], [387, 104], [387, 111], [385, 124], [383, 131], [383, 143], [378, 178], [375, 187], [382, 187], [392, 185], [401, 185], [402, 177]], "interior": []}, "classId": 1, "classTitle": "Officer"}]}