{"tags": [], "size": {"height": 400, "width": 600}, "objects": [{"id": 13144150, "description": "", "geometryType": "polygon", "labelerLogin": "", "createdAt": "", "updatedAt": "", "tags": [], "points": {"exterior": [[324, 163], [336, 169], [347, 146], [347, 140], [351, 135], [345, 131], [341, 129], [335, 130], [331, 130], [335, 135], [340, 135], [337, 137], [331, 150]], "interior": []}, "classId": 5, "classTitle": "Pepper Spray"}, {"id": 25538304, "description": "", "geometryType": "polygon", "labelerLogin": "", "createdAt": "", "updatedAt": "", "tags": [], "points": {"exterior": [[410, 314], [406, 297], [376, 271], [363, 254], [378, 222], [394, 233], [408, 239], [415, 241], [442, 213], [451, 206], [458, 192], [448, 182], [432, 183], [426, 185], [421, 175], [420, 167], [422, 157], [416, 154], [399, 159], [393, 167], [381, 173], [363, 179], [342, 189], [320, 232], [310, 256], [305, 271], [301, 282], [290, 300], [293, 313], [297, 325], [305, 331], [311, 325], [320, 316], [333, 312], [349, 309], [369, 316], [389, 324], [403, 323]], "interior": []}, "classId": 2, "classTitle": "Civilian"}, {"id": 18688348, "description": "", "geometryType": "polygon", "labelerLogin": "", "createdAt": "", "updatedAt": "", "tags": [], "points": {"exterior": [[546, 244], [547, 231], [555, 217], [557, 188], [552, 169], [547, 154], [539, 152], [531, 148], [531, 138], [537, 129], [543, 123], [548, 108], [562, 92], [571, 81], [568, 58], [566, 46], [568, 23], [563, 22], [554, 22], [548, 23], [550, 30], [548, 39], [545, 48], [546, 64], [544, 73], [537, 68], [530, 62], [525, 52], [518, 47], [510, 44], [497, 43], [486, 45], [478, 54], [476, 61], [474, 72], [477, 81], [475, 85], [469, 86], [450, 81], [439, 74], [430, 65], [422, 55], [418, 50], [407, 52], [399, 53], [389, 60], [393, 66], [397, 70], [406, 76], [413, 83], [429, 96], [445, 107], [464, 112], [480, 115], [481, 123], [483, 137], [483, 144], [483, 154], [485, 171], [485, 182], [483, 192], [485, 198], [485, 211], [486, 223], [487, 244], [491, 262], [500, 281], [499, 298], [498, 306], [495, 317], [486, 323], [480, 327], [478, 336], [481, 338], [500, 341], [510, 343], [523, 340], [524, 327], [521, 273], [528, 276], [533, 283], [537, 296], [539, 308], [537, 319], [539, 331], [543, 334], [556, 333], [567, 319], [569, 311], [570, 304], [558, 281], [550, 265], [546, 256]], "interior": []}, "classId": 2, "classTitle": "Civilian"}, {"id": 31864531, "description": "", "geometryType": "polygon", "labelerLogin": "", "createdAt": "", "updatedAt": "", "tags": [], "points": {"exterior": [[597, 40], [585, 42], [577, 47], [571, 58], [568, 68], [575, 83], [572, 96], [556, 105], [548, 109], [540, 127], [533, 133], [532, 144], [535, 148], [541, 151], [547, 154], [552, 156], [559, 154], [564, 155], [566, 157], [564, 169], [568, 178], [568, 203], [564, 245], [562, 269], [562, 286], [566, 293], [571, 299], [572, 306], [571, 315], [573, 318], [562, 329], [560, 334], [565, 344], [564, 362], [562, 384], [562, 384], [561, 398], [598, 398]], "interior": []}, "classId": 2, "classTitle": "Civilian"}, {"id": 43260458, "description": "", "geometryType": "polygon", "labelerLogin": "", "createdAt": "", "updatedAt": "", "tags": [], "points": {"exterior": [[351, 123], [356, 100], [356, 92], [352, 85], [353, 71], [357, 56], [362, 36], [373, 35], [377, 37], [380, 41], [380, 43], [385, 58], [388, 68], [393, 76], [393, 102], [396, 120], [401, 142], [399, 160], [394, 166], [360, 176], [359, 163], [358, 130]], "interior": []}, "classId": 2, "classTitle": "Civilian"}, {"id": 63664632, "description": "", "geometryType": "polygon", "labelerLogin": "", "createdAt": "", "updatedAt": "", "tags": [], "points": {"exterior": [[307, 99], [303, 82], [303, 63], [301, 53], [305, 43], [312, 37], [316, 27], [326, 24], [337, 27], [341, 36], [343, 40], [347, 47], [351, 51], [352, 54], [351, 60], [351, 71], [351, 81], [354, 88], [354, 90], [354, 95], [353, 104], [351, 110], [349, 118], [349, 120], [347, 129], [339, 127], [328, 129], [332, 135], [330, 148], [325, 156], [322, 164], [336, 171], [346, 150], [347, 183], [341, 189], [335, 195], [329, 212], [321, 219], [304, 214], [316, 200], [319, 181], [317, 166], [316, 141], [301, 108]], "interior": []}, "classId": 2, "classTitle": "Civilian"}, {"id": 27546549, "description": "", "geometryType": "polygon", "labelerLogin": "", "createdAt": "", "updatedAt": "", "tags": [], "points": {"exterior": [[268, 181], [271, 158], [270, 137], [274, 124], [311, 139], [327, 148], [330, 139], [328, 131], [311, 121], [286, 103], [277, 91], [280, 82], [292, 80], [287, 64], [288, 51], [284, 39], [274, 25], [257, 18], [243, 21], [237, 31], [243, 36], [247, 43], [249, 50], [252, 63], [253, 79], [238, 73], [238, 73], [238, 81], [238, 100], [239, 119], [246, 119], [250, 126], [251, 135], [247, 148], [234, 167], [254, 205], [263, 231], [266, 259], [266, 269], [266, 214]], "interior": []}, "classId": 1, "classTitle": "Officer"}, {"id": 39752990, "description": "", "geometryType": "polygon", "labelerLogin": "", "createdAt": "", "updatedAt": "", "tags": [], "points": {"exterior": [[198, 68], [196, 51], [197, 28], [203, 24], [220, 22], [234, 27], [243, 36], [248, 48], [252, 61], [253, 81], [238, 75], [239, 119], [245, 119], [249, 122], [248, 138], [244, 148], [241, 154], [236, 162], [234, 167], [251, 201], [255, 212], [258, 222], [260, 235], [261, 248], [263, 277], [263, 301], [265, 308], [278, 314], [284, 319], [285, 323], [282, 326], [276, 329], [250, 328], [239, 325], [232, 320], [230, 286], [224, 263], [208, 295], [208, 317], [214, 325], [210, 338], [196, 339], [179, 331], [178, 320], [179, 275], [186, 233], [198, 176], [195, 151], [188, 127], [178, 98], [184, 75], [195, 69]], "interior": []}, "classId": 1, "classTitle": "Officer"}, {"id": 15956955, "description": "", "geometryType": "polygon", "labelerLogin": "", "createdAt": "", "updatedAt": "", "tags": [], "points": {"exterior": [[170, 64], [171, 83], [172, 93], [178, 98], [186, 127], [193, 150], [194, 166], [194, 175], [193, 194], [188, 212], [182, 225], [181, 250], [165, 299], [168, 313], [166, 333], [170, 344], [168, 350], [164, 354], [142, 356], [128, 354], [135, 233], [132, 215], [134, 156], [139, 141], [134, 127], [130, 122], [127, 116], [126, 96], [113, 84], [115, 73], [116, 64], [142, 64], [136, 41], [145, 43], [152, 43], [157, 47], [163, 54], [170, 66]], "interior": []}, "classId": 1, "classTitle": "Officer"}, {"id": 61609784, "description": "", "geometryType": "polygon", "labelerLogin": "", "createdAt": "", "updatedAt": "", "tags": [], "points": {"exterior": [[102, 137], [101, 111], [101, 87], [103, 67], [107, 56], [109, 45], [114, 28], [111, 7], [103, 2], [53, 2], [80, 55], [76, 63], [62, 66], [55, 67], [49, 73], [42, 81], [32, 88], [18, 99], [15, 102], [41, 121], [51, 136], [53, 147], [52, 166], [51, 175], [49, 184], [55, 233], [55, 240], [55, 249], [57, 254], [61, 277], [71, 291], [76, 298], [82, 307], [84, 312], [84, 317], [81, 323], [78, 332], [68, 340], [51, 354], [122, 354], [126, 333], [128, 326], [128, 319], [132, 311], [134, 291], [136, 289], [123, 233], [115, 208], [111, 187], [111, 159]], "interior": []}, "classId": 1, "classTitle": "Officer"}, {"id": 41159326, "description": "", "geometryType": "polygon", "labelerLogin": "", "createdAt": "", "updatedAt": "", "tags": [], "points": {"exterior": [[430, 156], [431, 121], [426, 113], [420, 100], [422, 92], [427, 54], [435, 52], [443, 48], [444, 29], [447, 22], [454, 20], [460, 20], [463, 21], [467, 25], [468, 27], [469, 33], [471, 39], [471, 42], [471, 49], [478, 50], [474, 57], [474, 63], [474, 68], [474, 72], [475, 82], [479, 122], [485, 174], [462, 179], [464, 192], [463, 204], [460, 224], [458, 237], [460, 245], [462, 254], [454, 259], [442, 261], [436, 257], [437, 250], [439, 229], [439, 215], [433, 174]], "interior": []}, "classId": 2, "classTitle": "Civilian"}]}