{"tags": [], "size": {"height": 281, "width": 250}, "objects": [{"id": 98812393, "description": "", "geometryType": "polygon", "labelerLogin": "", "createdAt": "", "updatedAt": "", "tags": [], "points": {"exterior": [[111, 112], [151, 157], [155, 158], [238, 248], [240, 253], [247, 261], [244, 268], [237, 274], [232, 277], [225, 268], [221, 266], [150, 185], [139, 168], [141, 168], [75, 92], [75, 89], [22, 27], [13, 16], [6, 15], [4, 10], [5, 6], [8, 3], [11, 2], [14, 2], [18, 6], [17, 10], [84, 83], [86, 85], [111, 112]], "interior": []}, "classId": 6, "classTitle": "Baton"}]}