{"tags": [], "size": {"height": 720, "width": 1280}, "objects": [{"id": 24735082, "description": "", "geometryType": "polygon", "labelerLogin": "", "createdAt": "", "updatedAt": "", "tags": [], "points": {"exterior": [[315, 491], [325, 450], [336, 385], [343, 375], [373, 373], [381, 367], [363, 355], [331, 309], [291, 284], [299, 216], [301, 186], [342, 141], [369, 129], [405, 146], [442, 191], [450, 231], [468, 244], [555, 274], [580, 284], [641, 365], [641, 443], [609, 403], [570, 360], [541, 328], [465, 342], [470, 377], [455, 430], [409, 455], [382, 463], [371, 494], [344, 504], [315, 491]], "interior": []}, "classId": 1, "classTitle": "Officer"}, {"id": 45029271, "description": "", "geometryType": "polygon", "labelerLogin": "", "createdAt": "", "updatedAt": "", "tags": [], "points": {"exterior": [[140, 229], [177, 186], [202, 146], [230, 128], [256, 121], [273, 129], [283, 149], [286, 196], [283, 206], [260, 206], [241, 229], [283, 272], [339, 319], [376, 368], [379, 388], [356, 388], [328, 355], [270, 312], [235, 310], [188, 340], [170, 358], [160, 382], [208, 428], [213, 466], [160, 486], [112, 486], [104, 511], [76, 508], [64, 466], [42, 438], [31, 398], [61, 319], [140, 229]], "interior": []}, "classId": 1, "classTitle": "Officer"}, {"id": 47898996, "description": "", "geometryType": "polygon", "labelerLogin": "", "createdAt": "", "updatedAt": "", "tags": [], "points": {"exterior": [[90, 55], [104, 108], [119, 234], [139, 421], [130, 483], [115, 511], [79, 509], [41, 421], [24, 455], [2, 461], [2, 2], [71, 2], [90, 55]], "interior": []}, "classId": 1, "classTitle": "Officer"}, {"id": 19704738, "description": "", "geometryType": "polygon", "labelerLogin": "", "createdAt": "", "updatedAt": "", "tags": [], "points": {"exterior": [[241, 451], [331, 441], [344, 373], [279, 317], [250, 310], [223, 312], [163, 352], [157, 380], [183, 408], [211, 450], [241, 451]], "interior": []}, "classId": 2, "classTitle": "Civilian"}, {"id": 61565899, "description": "", "geometryType": "polygon", "labelerLogin": "", "createdAt": "", "updatedAt": "", "tags": [], "points": {"exterior": [[754, 375], [795, 333], [807, 338], [818, 357], [833, 378], [886, 345], [1011, 320], [1060, 328], [1095, 319], [1125, 325], [1135, 342], [1125, 368], [1115, 393], [1117, 433], [1098, 456], [1054, 458], [1009, 474], [974, 473], [967, 455], [863, 443], [775, 440], [730, 423], [689, 411], [657, 421], [644, 415], [647, 395], [681, 373], [719, 377], [742, 382], [754, 375]], "interior": []}, "classId": 2, "classTitle": "Civilian"}, {"id": 36185013, "description": "", "geometryType": "polygon", "labelerLogin": "", "createdAt": "", "updatedAt": "", "tags": [], "points": {"exterior": [[865, 156], [883, 123], [916, 96], [953, 90], [997, 83], [1044, 75], [1076, 73], [1102, 91], [1108, 144], [1092, 154], [1059, 166], [1086, 219], [1064, 300], [1045, 322], [1019, 305], [1004, 299], [979, 324], [966, 342], [949, 345], [948, 395], [928, 420], [928, 448], [959, 455], [976, 474], [951, 489], [904, 493], [883, 484], [886, 458], [893, 445], [886, 373], [886, 305], [818, 262], [820, 247], [805, 244], [808, 229], [823, 204], [822, 163], [840, 148], [855, 171], [871, 173], [868, 163], [865, 156]], "interior": []}, "classId": 1, "classTitle": "Officer"}]}