{"tags": [], "size": {"height": 394, "width": 700}, "objects": [{"id": 67323563, "description": "", "geometryType": "polygon", "labelerLogin": "", "createdAt": "", "updatedAt": "", "tags": [], "points": {"exterior": [[414, 45], [600, 84], [608, 76], [616, 78], [620, 86], [620, 99], [615, 106], [610, 107], [602, 102], [598, 95], [411, 57], [408, 51], [410, 48], [414, 45]], "interior": []}, "classId": 6, "classTitle": "Baton"}, {"id": 15383212, "description": "", "geometryType": "polygon", "labelerLogin": "", "createdAt": "", "updatedAt": "", "tags": [], "points": {"exterior": [[437, 90], [448, 79], [463, 72], [483, 71], [507, 79], [518, 90], [525, 105], [526, 126], [519, 156], [526, 165], [541, 168], [557, 175], [571, 185], [607, 190], [603, 184], [609, 180], [616, 145], [622, 119], [613, 111], [619, 95], [619, 81], [623, 79], [640, 80], [651, 86], [657, 95], [656, 108], [656, 116], [654, 116], [658, 127], [656, 150], [658, 156], [657, 196], [651, 208], [646, 218], [636, 232], [620, 242], [613, 245], [603, 237], [598, 239], [593, 250], [584, 247], [589, 239], [581, 236], [573, 238], [557, 235], [556, 239], [548, 239], [548, 234], [541, 239], [530, 241], [526, 251], [519, 264], [524, 275], [532, 281], [536, 287], [546, 289], [552, 301], [548, 325], [535, 358], [522, 358], [502, 354], [509, 378], [509, 392], [331, 392], [312, 388], [323, 330], [339, 301], [352, 266], [376, 214], [361, 223], [342, 223], [327, 225], [319, 210], [321, 194], [326, 182], [340, 174], [347, 178], [361, 174], [373, 158], [387, 148], [403, 153], [413, 153], [421, 140], [427, 101], [437, 90]], "interior": []}, "classId": 1, "classTitle": "Officer"}, {"id": 93698984, "description": "", "geometryType": "polygon", "labelerLogin": "", "createdAt": "", "updatedAt": "", "tags": [], "points": {"exterior": [[15, 78], [34, 85], [51, 110], [62, 124], [78, 137], [85, 139], [109, 150], [138, 167], [142, 181], [128, 177], [120, 168], [97, 165], [90, 167], [84, 178], [86, 182], [90, 183], [92, 184], [97, 181], [103, 186], [114, 193], [119, 195], [122, 200], [148, 211], [151, 234], [153, 251], [153, 273], [153, 282], [139, 287], [140, 314], [130, 316], [132, 346], [124, 392], [2, 392], [2, 82], [15, 78]], "interior": []}, "classId": 2, "classTitle": "Civilian"}, {"id": 52677963, "description": "", "geometryType": "polygon", "labelerLogin": "", "createdAt": "", "updatedAt": "", "tags": [], "points": {"exterior": [[126, 60], [140, 55], [159, 57], [170, 65], [178, 75], [176, 82], [185, 97], [194, 111], [219, 122], [226, 128], [234, 140], [247, 180], [254, 191], [257, 215], [236, 266], [242, 287], [235, 298], [225, 338], [218, 372], [218, 392], [138, 392], [165, 313], [154, 281], [148, 212], [122, 199], [118, 196], [96, 182], [93, 185], [84, 181], [91, 166], [102, 166], [117, 166], [130, 178], [140, 181], [138, 168], [100, 145], [100, 142], [106, 140], [109, 133], [120, 133], [124, 133], [129, 145], [132, 134], [134, 130], [122, 114], [128, 113], [122, 102], [119, 86], [118, 69], [122, 63], [126, 60]], "interior": []}, "classId": 2, "classTitle": "Civilian"}, {"id": 14301000, "description": "", "geometryType": "polygon", "labelerLogin": "", "createdAt": "", "updatedAt": "", "tags": [], "points": {"exterior": [[246, 134], [263, 103], [267, 86], [273, 76], [281, 73], [297, 64], [310, 56], [340, 56], [353, 64], [368, 86], [372, 107], [385, 112], [397, 126], [411, 150], [389, 150], [356, 178], [321, 330], [285, 362], [280, 275], [344, 156], [269, 153], [246, 134]], "interior": []}, "classId": 2, "classTitle": "Civilian"}, {"id": 75851388, "description": "", "geometryType": "polygon", "labelerLogin": "", "createdAt": "", "updatedAt": "", "tags": [], "points": {"exterior": [[223, 378], [226, 328], [241, 289], [240, 250], [191, 111], [179, 82], [212, 86], [235, 125], [246, 129], [267, 151], [280, 203], [281, 284], [283, 364], [275, 379], [275, 392], [219, 392], [223, 378]], "interior": []}, "classId": 2, "classTitle": "Civilian"}]}