{"tags": [], "size": {"height": 800, "width": 800}, "objects": [{"id": 69245894, "description": "", "geometryType": "polygon", "labelerLogin": "", "createdAt": "", "updatedAt": "", "tags": [], "points": {"exterior": [[27, 756], [215, 558], [398, 375], [415, 346], [748, 2], [793, 49], [444, 402], [427, 412], [227, 595], [32, 788], [15, 775], [27, 756]], "interior": []}, "classId": 6, "classTitle": "Baton"}, {"id": 95049841, "description": "", "geometryType": "polygon", "labelerLogin": "", "createdAt": "", "updatedAt": "", "tags": [], "points": {"exterior": [[67, 507], [74, 497], [37, 454], [37, 446], [57, 462], [64, 458], [99, 487], [120, 514], [119, 521], [137, 540], [135, 543], [115, 526], [107, 532], [86, 520], [88, 512], [81, 504], [77, 517], [67, 507]], "interior": []}, "classId": 4, "classTitle": "Gun"}, {"id": 83618400, "description": "", "geometryType": "polygon", "labelerLogin": "", "createdAt": "", "updatedAt": "", "tags": [], "points": {"exterior": [[27, 581], [33, 556], [7, 519], [16, 481], [10, 447], [17, 405], [41, 405], [40, 416], [60, 416], [75, 388], [96, 388], [106, 404], [107, 416], [100, 423], [116, 460], [116, 488], [99, 528], [89, 543], [90, 570], [85, 590], [88, 620], [78, 623], [68, 599], [70, 562], [67, 542], [59, 511], [49, 526], [49, 546], [46, 570], [37, 589], [27, 581]], "interior": []}, "classId": 1, "classTitle": "Officer"}]}