{"tags": [], "size": {"height": 753, "width": 530}, "objects": [{"id": 68144546, "description": "", "geometryType": "polygon", "labelerLogin": "", "createdAt": "", "updatedAt": "", "tags": [], "points": {"exterior": [[242, 748], [40, 683], [9, 648], [16, 607], [84, 374], [123, 356], [158, 367], [525, 488], [528, 751], [242, 748]], "interior": []}, "classId": 3, "classTitle": "Riot Shield"}, {"id": 42572824, "description": "", "geometryType": "polygon", "labelerLogin": "", "createdAt": "", "updatedAt": "", "tags": [], "points": {"exterior": [[109, 751], [149, 590], [105, 525], [109, 465], [126, 439], [119, 351], [142, 311], [191, 246], [179, 221], [149, 214], [137, 191], [153, 188], [139, 149], [112, 130], [107, 91], [133, 56], [170, 37], [223, 46], [260, 72], [272, 100], [279, 132], [284, 156], [277, 202], [363, 277], [365, 370], [363, 402], [386, 451], [353, 690], [342, 748], [109, 751]], "interior": []}, "classId": 1, "classTitle": "Officer"}]}