{"tags": [], "size": {"height": 300, "width": 400}, "objects": [{"id": 74164884, "description": "", "geometryType": "polygon", "labelerLogin": "", "createdAt": "", "updatedAt": "", "tags": [], "points": {"exterior": [[223, 47], [218, 46], [212, 46], [207, 49], [202, 56], [198, 63], [198, 67], [199, 72], [198, 76], [193, 83], [191, 82], [185, 83], [181, 85], [180, 89], [181, 92], [172, 100], [168, 113], [164, 120], [161, 128], [160, 135], [154, 146], [150, 156], [149, 163], [146, 177], [145, 184], [143, 192], [141, 192], [138, 211], [141, 224], [148, 238], [155, 247], [158, 253], [163, 254], [163, 256], [162, 268], [162, 279], [161, 290], [159, 298], [183, 298], [184, 291], [187, 295], [186, 298], [220, 298], [217, 291], [209, 268], [208, 261], [197, 232], [196, 224], [193, 216], [193, 208], [202, 192], [206, 184], [209, 179], [215, 180], [220, 186], [224, 188], [229, 185], [242, 171], [257, 151], [269, 133], [273, 128], [275, 121], [274, 116], [271, 113], [270, 110], [266, 106], [265, 103], [261, 100], [259, 96], [258, 93], [254, 91], [251, 87], [248, 87], [247, 90], [247, 93], [242, 91], [240, 91], [240, 93], [240, 95], [241, 99], [240, 103], [241, 107], [242, 114], [240, 117], [240, 118], [237, 121], [235, 123], [235, 125], [227, 131], [224, 127], [221, 124], [220, 117], [219, 108], [220, 106], [221, 101], [224, 101], [228, 99], [234, 93], [236, 88], [239, 87], [240, 75], [240, 64], [239, 61], [235, 54], [231, 50], [224, 47], [223, 47]], "interior": []}, "classId": 1, "classTitle": "Officer"}, {"id": 94440636, "description": "", "geometryType": "polygon", "labelerLogin": "", "createdAt": "", "updatedAt": "", "tags": [], "points": {"exterior": [[103, 48], [97, 50], [93, 53], [89, 57], [86, 65], [83, 74], [83, 75], [85, 76], [86, 80], [88, 88], [88, 94], [84, 94], [80, 97], [78, 102], [76, 106], [71, 111], [69, 120], [67, 133], [64, 141], [64, 145], [64, 149], [62, 151], [61, 155], [61, 159], [58, 161], [56, 170], [56, 174], [54, 176], [51, 183], [50, 196], [50, 201], [50, 204], [49, 212], [49, 217], [48, 228], [47, 245], [46, 265], [45, 276], [45, 279], [43, 281], [43, 288], [40, 293], [39, 295], [38, 297], [37, 298], [65, 298], [65, 296], [70, 284], [76, 264], [82, 252], [85, 252], [99, 264], [106, 271], [112, 277], [114, 283], [117, 287], [117, 298], [140, 298], [141, 277], [139, 267], [133, 250], [130, 239], [128, 234], [125, 227], [127, 225], [126, 217], [121, 214], [117, 210], [115, 209], [114, 207], [118, 204], [123, 195], [124, 187], [122, 175], [126, 167], [125, 158], [127, 151], [131, 143], [140, 149], [146, 151], [151, 153], [156, 141], [160, 135], [160, 130], [167, 115], [169, 111], [165, 112], [163, 114], [144, 113], [141, 113], [135, 108], [127, 104], [121, 100], [128, 99], [131, 96], [131, 86], [131, 75], [132, 70], [130, 68], [126, 67], [123, 58], [120, 53], [113, 49], [108, 48], [103, 48]], "interior": []}, "classId": 1, "classTitle": "Officer"}, {"id": 78539622, "description": "", "geometryType": "polygon", "labelerLogin": "", "createdAt": "", "updatedAt": "", "tags": [], "points": {"exterior": [[79, 78], [74, 79], [71, 82], [68, 86], [68, 88], [68, 92], [69, 95], [70, 98], [70, 102], [71, 105], [72, 107], [69, 113], [63, 113], [55, 114], [50, 117], [47, 127], [49, 133], [48, 137], [47, 142], [47, 148], [49, 154], [45, 161], [41, 177], [42, 190], [46, 196], [46, 203], [44, 204], [44, 209], [46, 216], [49, 218], [88, 94], [88, 89], [86, 79], [79, 78]], "interior": []}, "classId": 1, "classTitle": "Officer"}, {"id": 40076194, "description": "", "geometryType": "polygon", "labelerLogin": "", "createdAt": "", "updatedAt": "", "tags": [], "points": {"exterior": [[149, 60], [143, 61], [139, 64], [138, 69], [137, 74], [137, 78], [134, 81], [131, 81], [131, 96], [128, 99], [121, 100], [122, 198], [132, 217], [133, 246], [141, 284], [152, 283], [163, 278], [162, 274], [160, 273], [154, 272], [150, 241], [148, 164], [148, 154], [155, 113], [150, 100], [151, 95], [155, 87], [159, 81], [160, 74], [161, 68], [161, 64], [156, 61], [149, 60]], "interior": []}, "classId": 2, "classTitle": "Civilian"}, {"id": 19597391, "description": "", "geometryType": "polygon", "labelerLogin": "", "createdAt": "", "updatedAt": "", "tags": [], "points": {"exterior": [[164, 64], [171, 65], [173, 67], [175, 70], [176, 80], [174, 86], [171, 91], [171, 94], [176, 96], [172, 100], [168, 112], [165, 112], [163, 114], [155, 114], [151, 102], [150, 100], [151, 95], [155, 87], [159, 81], [161, 69], [161, 67], [161, 64], [164, 64]], "interior": []}, "classId": 2, "classTitle": "Civilian"}, {"id": 48049947, "description": "", "geometryType": "polygon", "labelerLogin": "", "createdAt": "", "updatedAt": "", "tags": [], "points": {"exterior": [[10, 104], [5, 105], [2, 107], [2, 109], [2, 120], [2, 123], [3, 125], [4, 131], [6, 131], [8, 134], [8, 142], [13, 163], [15, 170], [13, 175], [12, 178], [11, 182], [2, 187], [2, 188], [2, 220], [14, 229], [13, 231], [11, 233], [5, 245], [2, 249], [2, 253], [3, 255], [6, 256], [9, 256], [23, 249], [26, 273], [28, 287], [26, 296], [21, 298], [37, 298], [43, 291], [39, 256], [40, 239], [44, 220], [46, 216], [47, 138], [30, 124], [26, 123], [29, 122], [29, 121], [28, 120], [22, 120], [23, 116], [21, 110], [17, 105], [10, 104]], "interior": []}, "classId": 2, "classTitle": "Civilian"}, {"id": 21885882, "description": "", "geometryType": "polygon", "labelerLogin": "", "createdAt": "", "updatedAt": "", "tags": [], "points": {"exterior": [[23, 96], [25, 91], [28, 89], [31, 89], [34, 90], [37, 92], [44, 102], [44, 106], [42, 107], [41, 111], [40, 112], [40, 116], [39, 118], [37, 119], [36, 121], [32, 122], [32, 125], [37, 126], [48, 125], [48, 128], [48, 132], [49, 134], [45, 135], [11, 226], [2, 248], [2, 136], [3, 130], [18, 105], [21, 102], [23, 96]], "interior": []}, "classId": 2, "classTitle": "Civilian"}, {"id": 57445369, "description": "", "geometryType": "polygon", "labelerLogin": "", "createdAt": "", "updatedAt": "", "tags": [], "points": {"exterior": [[2, 69], [5, 68], [8, 69], [10, 70], [11, 72], [10, 76], [10, 80], [8, 84], [5, 87], [8, 89], [6, 93], [7, 96], [8, 98], [8, 104], [2, 107], [2, 109], [2, 70], [2, 69]], "interior": []}, "classId": 2, "classTitle": "Civilian"}, {"id": 72379718, "description": "", "geometryType": "polygon", "labelerLogin": "", "createdAt": "", "updatedAt": "", "tags": [], "points": {"exterior": [[41, 72], [38, 73], [36, 77], [37, 79], [39, 81], [39, 83], [35, 86], [33, 90], [37, 92], [42, 100], [44, 104], [44, 106], [42, 107], [42, 111], [40, 113], [40, 116], [39, 118], [38, 119], [36, 126], [49, 126], [51, 114], [50, 98], [49, 90], [54, 91], [58, 89], [63, 83], [65, 81], [65, 74], [63, 74], [63, 79], [61, 79], [60, 81], [59, 83], [56, 85], [52, 85], [46, 83], [45, 81], [46, 78], [45, 74], [44, 73], [41, 72]], "interior": []}, "classId": 2, "classTitle": "Civilian"}, {"id": 81342661, "description": "", "geometryType": "polygon", "labelerLogin": "", "createdAt": "", "updatedAt": "", "tags": [], "points": {"exterior": [[361, 82], [358, 84], [350, 91], [347, 96], [346, 100], [346, 102], [348, 104], [350, 106], [350, 109], [345, 111], [335, 122], [330, 132], [323, 138], [311, 155], [305, 163], [301, 161], [301, 157], [298, 157], [296, 157], [296, 159], [296, 161], [294, 163], [294, 166], [295, 167], [297, 167], [298, 169], [299, 173], [301, 174], [303, 174], [306, 175], [310, 170], [330, 155], [337, 151], [342, 146], [343, 144], [344, 149], [345, 156], [347, 163], [348, 170], [348, 172], [351, 175], [352, 181], [359, 188], [375, 198], [395, 203], [398, 211], [398, 161], [396, 153], [394, 136], [398, 134], [398, 96], [393, 101], [388, 101], [384, 104], [378, 103], [380, 95], [376, 87], [369, 83], [361, 82]], "interior": []}, "classId": 2, "classTitle": "Civilian"}, {"id": 34055668, "description": "", "geometryType": "polygon", "labelerLogin": "", "createdAt": "", "updatedAt": "", "tags": [], "points": {"exterior": [[358, 33], [354, 33], [346, 37], [343, 41], [343, 43], [347, 45], [348, 48], [347, 51], [348, 53], [349, 55], [340, 61], [337, 66], [337, 74], [337, 81], [339, 86], [340, 94], [340, 100], [340, 104], [328, 112], [318, 124], [319, 127], [320, 130], [325, 137], [340, 153], [341, 158], [340, 162], [338, 165], [337, 168], [338, 170], [340, 171], [343, 171], [348, 168], [382, 102], [380, 91], [386, 87], [389, 85], [390, 80], [398, 71], [395, 64], [390, 60], [385, 55], [376, 53], [367, 51], [368, 46], [368, 39], [363, 33], [358, 33]], "interior": []}, "classId": 2, "classTitle": "Civilian"}, {"id": 73123319, "description": "", "geometryType": "polygon", "labelerLogin": "", "createdAt": "", "updatedAt": "", "tags": [], "points": {"exterior": [[328, 52], [324, 52], [322, 51], [319, 51], [318, 52], [304, 52], [296, 54], [288, 63], [284, 63], [282, 64], [280, 69], [276, 73], [263, 91], [260, 98], [264, 141], [273, 157], [275, 164], [271, 186], [270, 202], [270, 208], [269, 213], [270, 215], [274, 216], [280, 214], [289, 214], [291, 211], [291, 209], [288, 209], [281, 207], [279, 204], [285, 181], [288, 168], [289, 165], [291, 171], [296, 175], [299, 176], [300, 175], [296, 157], [306, 155], [311, 147], [311, 141], [303, 131], [289, 117], [286, 112], [292, 103], [296, 102], [302, 93], [298, 86], [298, 83], [304, 74], [307, 64], [322, 60], [323, 58], [327, 58], [331, 61], [333, 64], [337, 64], [342, 60], [340, 59], [337, 58], [337, 56], [345, 52], [347, 51], [348, 46], [346, 44], [341, 41], [339, 41], [333, 47], [328, 52]], "interior": []}, "classId": 2, "classTitle": "Civilian"}, {"id": 38605595, "description": "", "geometryType": "polygon", "labelerLogin": "", "createdAt": "", "updatedAt": "", "tags": [], "points": {"exterior": [[287, 46], [282, 45], [279, 47], [274, 53], [273, 57], [274, 59], [276, 60], [278, 63], [277, 65], [280, 66], [293, 103], [286, 111], [288, 116], [305, 133], [304, 156], [309, 180], [309, 183], [306, 184], [306, 187], [307, 189], [311, 191], [320, 194], [323, 194], [326, 193], [323, 185], [322, 168], [322, 163], [319, 139], [318, 126], [325, 109], [326, 98], [322, 90], [322, 87], [325, 87], [327, 90], [328, 92], [329, 91], [330, 92], [333, 93], [333, 91], [336, 93], [338, 92], [338, 91], [336, 85], [325, 80], [319, 76], [313, 72], [310, 64], [294, 53], [293, 49], [287, 46]], "interior": []}, "classId": 2, "classTitle": "Civilian"}, {"id": 72290463, "description": "", "geometryType": "polygon", "labelerLogin": "", "createdAt": "", "updatedAt": "", "tags": [], "points": {"exterior": [[295, 21], [290, 23], [287, 26], [287, 31], [288, 35], [288, 38], [289, 41], [290, 43], [285, 45], [313, 72], [320, 76], [318, 72], [317, 61], [313, 50], [308, 41], [302, 40], [302, 39], [303, 38], [304, 33], [303, 31], [302, 28], [301, 23], [297, 21], [295, 21]], "interior": []}, "classId": 2, "classTitle": "Civilian"}, {"id": 18079674, "description": "", "geometryType": "polygon", "labelerLogin": "", "createdAt": "", "updatedAt": "", "tags": [], "points": {"exterior": [[268, 66], [263, 68], [260, 71], [260, 74], [261, 76], [261, 82], [258, 83], [253, 85], [252, 88], [255, 92], [258, 93], [259, 98], [261, 99], [263, 92], [276, 74], [278, 71], [275, 67], [271, 66], [268, 66]], "interior": []}, "classId": 2, "classTitle": "Civilian"}, {"id": 76573099, "description": "", "geometryType": "polygon", "labelerLogin": "", "createdAt": "", "updatedAt": "", "tags": [], "points": {"exterior": [[257, 37], [251, 42], [250, 47], [251, 48], [253, 48], [254, 50], [254, 52], [256, 54], [258, 55], [258, 59], [259, 69], [260, 71], [260, 75], [256, 84], [262, 82], [276, 67], [276, 60], [274, 51], [266, 50], [265, 47], [264, 42], [262, 38], [257, 37]], "interior": []}, "classId": 2, "classTitle": "Civilian"}, {"id": 18483331, "description": "", "geometryType": "polygon", "labelerLogin": "", "createdAt": "", "updatedAt": "", "tags": [], "points": {"exterior": [[222, 109], [227, 110], [231, 113], [237, 117], [237, 121], [244, 138], [246, 139], [264, 141], [267, 146], [266, 155], [263, 162], [259, 166], [259, 168], [263, 175], [262, 182], [257, 189], [259, 196], [254, 200], [247, 201], [236, 204], [231, 207], [226, 208], [224, 213], [208, 227], [197, 228], [194, 218], [193, 208], [210, 179], [220, 109], [222, 109]], "interior": []}, "classId": 2, "classTitle": "Civilian"}, {"id": 14350090, "description": "", "geometryType": "polygon", "labelerLogin": "", "createdAt": "", "updatedAt": "", "tags": [], "points": {"exterior": [[181, 2], [241, 91], [248, 101], [255, 112], [257, 112], [257, 110], [257, 104], [247, 88], [186, 2], [180, 2], [181, 2]], "interior": []}, "classId": 6, "classTitle": "Baton"}, {"id": 97644981, "description": "", "geometryType": "polygon", "labelerLogin": "", "createdAt": "", "updatedAt": "", "tags": [], "points": {"exterior": [[158, 3], [171, 104], [172, 100], [175, 98], [162, 2], [158, 2], [158, 3]], "interior": []}, "classId": 6, "classTitle": "Baton"}]}