{"tags": [], "size": {"height": 720, "width": 1280}, "objects": [{"id": 94170066, "description": "", "geometryType": "polygon", "labelerLogin": "", "createdAt": "", "updatedAt": "", "tags": [], "points": {"exterior": [[518, 193], [497, 197], [470, 202], [451, 212], [424, 242], [416, 266], [415, 289], [416, 305], [419, 316], [422, 335], [416, 359], [391, 399], [376, 399], [366, 404], [366, 417], [359, 419], [345, 423], [332, 436], [324, 447], [292, 476], [265, 507], [233, 526], [234, 548], [240, 566], [253, 581], [263, 593], [257, 608], [245, 625], [244, 652], [244, 675], [255, 698], [262, 718], [653, 718], [653, 710], [656, 696], [643, 670], [632, 662], [618, 568], [622, 557], [623, 537], [626, 528], [630, 522], [640, 488], [594, 459], [607, 426], [614, 395], [603, 385], [604, 368], [600, 364], [604, 361], [605, 350], [615, 338], [615, 330], [639, 327], [643, 311], [636, 298], [608, 274], [604, 247], [586, 215], [556, 198], [518, 193]], "interior": []}, "classId": 1, "classTitle": "Officer"}, {"id": 40916061, "description": "", "geometryType": "polygon", "labelerLogin": "", "createdAt": "", "updatedAt": "", "tags": [], "points": {"exterior": [[196, 288], [167, 295], [143, 310], [129, 326], [125, 346], [119, 350], [118, 363], [118, 380], [113, 386], [78, 407], [77, 415], [58, 428], [37, 455], [24, 474], [3, 482], [2, 484], [2, 718], [265, 718], [300, 470], [289, 457], [304, 447], [305, 406], [303, 392], [326, 388], [338, 373], [337, 359], [292, 347], [287, 342], [272, 313], [246, 296], [216, 288], [196, 288]], "interior": []}, "classId": 1, "classTitle": "Officer"}, {"id": 33978981, "description": "", "geometryType": "polygon", "labelerLogin": "", "createdAt": "", "updatedAt": "", "tags": [], "points": {"exterior": [[31, 256], [56, 253], [78, 254], [121, 273], [157, 267], [169, 265], [165, 279], [145, 301], [133, 310], [131, 324], [125, 346], [119, 353], [117, 385], [79, 407], [75, 417], [56, 430], [25, 477], [2, 489], [2, 284], [18, 265], [31, 256]], "interior": []}, "classId": 1, "classTitle": "Officer"}, {"id": 38681579, "description": "", "geometryType": "polygon", "labelerLogin": "", "createdAt": "", "updatedAt": "", "tags": [], "points": {"exterior": [[282, 259], [274, 269], [276, 282], [286, 292], [614, 568], [632, 574], [644, 572], [651, 558], [630, 520], [291, 260], [282, 259]], "interior": []}, "classId": 6, "classTitle": "Baton"}, {"id": 18421516, "description": "", "geometryType": "polygon", "labelerLogin": "", "createdAt": "", "updatedAt": "", "tags": [], "points": {"exterior": [[1040, 532], [946, 518], [891, 531], [837, 581], [797, 656], [783, 718], [1046, 718], [1055, 717], [1053, 702], [1072, 696], [1074, 685], [1049, 653], [1053, 631], [1053, 608], [1070, 560], [1062, 543], [1040, 532]], "interior": []}, "classId": 2, "classTitle": "Civilian"}, {"id": 45825412, "description": "", "geometryType": "polygon", "labelerLogin": "", "createdAt": "", "updatedAt": "", "tags": [], "points": {"exterior": [[668, 477], [703, 462], [729, 457], [740, 457], [753, 462], [761, 472], [768, 484], [776, 511], [786, 527], [793, 531], [797, 540], [800, 555], [803, 557], [838, 560], [858, 563], [837, 581], [797, 657], [784, 718], [654, 718], [653, 710], [656, 696], [644, 671], [632, 664], [631, 654], [662, 619], [676, 609], [670, 598], [661, 581], [659, 569], [661, 562], [648, 524], [648, 503], [652, 489], [668, 477]], "interior": []}, "classId": 2, "classTitle": "Civilian"}, {"id": 51004781, "description": "", "geometryType": "polygon", "labelerLogin": "", "createdAt": "", "updatedAt": "", "tags": [], "points": {"exterior": [[1254, 174], [1235, 179], [1228, 182], [1225, 188], [1221, 193], [1215, 200], [1191, 201], [1182, 205], [1183, 209], [1188, 214], [1194, 217], [1206, 221], [1209, 225], [1210, 230], [1209, 237], [1204, 243], [1204, 249], [1207, 253], [1206, 260], [1209, 264], [1208, 268], [1208, 272], [1208, 279], [1209, 285], [1196, 322], [1184, 379], [1191, 413], [1166, 402], [1147, 398], [1114, 409], [1106, 417], [1107, 423], [1120, 426], [1127, 434], [1142, 437], [1158, 433], [1172, 438], [1192, 440], [1193, 455], [1166, 501], [1120, 539], [1106, 559], [1106, 572], [1084, 599], [1053, 634], [1049, 655], [1074, 686], [1072, 697], [1053, 705], [1056, 716], [1051, 718], [1116, 718], [1105, 672], [1114, 656], [1221, 568], [1238, 595], [1278, 683], [1278, 179], [1263, 173], [1254, 174]], "interior": []}, "classId": 2, "classTitle": "Civilian"}, {"id": 33257066, "description": "", "geometryType": "polygon", "labelerLogin": "", "createdAt": "", "updatedAt": "", "tags": [], "points": {"exterior": [[795, 214], [761, 219], [748, 222], [742, 228], [740, 231], [742, 238], [736, 254], [732, 268], [734, 275], [722, 292], [722, 297], [728, 300], [726, 309], [731, 312], [732, 315], [728, 319], [726, 322], [729, 327], [728, 331], [726, 338], [728, 343], [734, 346], [747, 346], [756, 348], [759, 355], [752, 361], [730, 365], [686, 402], [610, 417], [594, 459], [642, 490], [702, 462], [730, 457], [740, 457], [753, 462], [763, 474], [770, 490], [776, 512], [785, 525], [794, 533], [798, 541], [800, 557], [858, 562], [891, 531], [944, 520], [1005, 528], [934, 398], [883, 325], [857, 315], [845, 315], [844, 297], [849, 269], [839, 234], [820, 215], [795, 214]], "interior": []}, "classId": 2, "classTitle": "Civilian"}, {"id": 83687943, "description": "", "geometryType": "polygon", "labelerLogin": "", "createdAt": "", "updatedAt": "", "tags": [], "points": {"exterior": [[947, 252], [921, 254], [911, 258], [908, 263], [909, 269], [898, 285], [893, 293], [893, 299], [889, 305], [880, 318], [882, 323], [888, 327], [888, 330], [935, 401], [1004, 527], [1045, 533], [1028, 414], [991, 369], [994, 323], [996, 289], [978, 264], [947, 252]], "interior": []}, "classId": 2, "classTitle": "Civilian"}, {"id": 32989924, "description": "", "geometryType": "polygon", "labelerLogin": "", "createdAt": "", "updatedAt": "", "tags": [], "points": {"exterior": [[1118, 187], [1095, 192], [1089, 199], [1085, 208], [1078, 217], [1081, 228], [1085, 240], [1167, 506], [1196, 456], [1208, 225], [1168, 193], [1153, 166], [1137, 163], [1124, 164], [1117, 171], [1118, 187]], "interior": []}, "classId": 2, "classTitle": "Civilian"}, {"id": 42478799, "description": "", "geometryType": "polygon", "labelerLogin": "", "createdAt": "", "updatedAt": "", "tags": [], "points": {"exterior": [[1056, 153], [1041, 156], [1033, 162], [1030, 172], [1030, 179], [1033, 189], [1032, 194], [1032, 199], [1033, 204], [1037, 217], [1049, 217], [1067, 220], [1083, 236], [1079, 217], [1084, 208], [1090, 201], [1090, 189], [1085, 165], [1078, 156], [1070, 154], [1056, 153]], "interior": []}, "classId": 2, "classTitle": "Civilian"}, {"id": 80948459, "description": "", "geometryType": "polygon", "labelerLogin": "", "createdAt": "", "updatedAt": "", "tags": [], "points": {"exterior": [[1089, 156], [1105, 154], [1112, 159], [1118, 166], [1118, 186], [1108, 189], [1092, 194], [1089, 179], [1086, 166], [1083, 162], [1089, 156]], "interior": []}, "classId": 2, "classTitle": "Civilian"}, {"id": 80247318, "description": "", "geometryType": "polygon", "labelerLogin": "", "createdAt": "", "updatedAt": "", "tags": [], "points": {"exterior": [[786, 178], [804, 181], [817, 192], [823, 204], [821, 215], [796, 215], [756, 221], [755, 216], [762, 208], [762, 203], [771, 192], [771, 186], [778, 181], [786, 178]], "interior": []}, "classId": 2, "classTitle": "Civilian"}, {"id": 62304674, "description": "", "geometryType": "polygon", "labelerLogin": "", "createdAt": "", "updatedAt": "", "tags": [], "points": {"exterior": [[718, 148], [700, 153], [688, 160], [685, 164], [687, 171], [684, 177], [677, 185], [670, 178], [657, 162], [649, 160], [645, 163], [640, 166], [632, 166], [631, 169], [631, 177], [631, 185], [635, 194], [639, 206], [624, 209], [623, 214], [627, 222], [637, 233], [654, 241], [668, 242], [681, 248], [667, 280], [670, 379], [680, 405], [760, 357], [718, 295], [727, 284], [733, 279], [733, 269], [741, 240], [741, 231], [748, 222], [746, 212], [748, 202], [751, 180], [754, 164], [746, 152], [729, 147], [718, 148]], "interior": []}, "classId": 2, "classTitle": "Civilian"}, {"id": 70484267, "description": "", "geometryType": "polygon", "labelerLogin": "", "createdAt": "", "updatedAt": "", "tags": [], "points": {"exterior": [[608, 168], [599, 171], [594, 179], [587, 185], [581, 190], [582, 194], [587, 196], [590, 198], [590, 210], [591, 215], [588, 218], [603, 246], [608, 274], [637, 298], [643, 311], [639, 327], [614, 330], [615, 338], [605, 349], [605, 360], [600, 364], [604, 369], [603, 386], [614, 394], [609, 417], [651, 409], [654, 347], [662, 309], [657, 284], [657, 254], [656, 242], [631, 171], [625, 166], [608, 168]], "interior": []}, "classId": 2, "classTitle": "Civilian"}, {"id": 88732444, "description": "", "geometryType": "polygon", "labelerLogin": "", "createdAt": "", "updatedAt": "", "tags": [], "points": {"exterior": [[420, 216], [398, 222], [389, 231], [387, 249], [382, 263], [374, 279], [372, 290], [372, 294], [373, 298], [370, 305], [370, 312], [376, 323], [389, 323], [399, 327], [399, 340], [418, 357], [422, 334], [419, 315], [415, 303], [416, 265], [424, 242], [443, 222], [435, 218], [420, 216]], "interior": []}, "classId": 2, "classTitle": "Civilian"}, {"id": 17174600, "description": "", "geometryType": "polygon", "labelerLogin": "", "createdAt": "", "updatedAt": "", "tags": [], "points": {"exterior": [[212, 196], [192, 194], [180, 198], [175, 206], [175, 214], [175, 221], [173, 229], [177, 240], [178, 250], [169, 266], [163, 282], [136, 308], [133, 313], [133, 321], [143, 312], [168, 297], [196, 288], [211, 288], [214, 275], [223, 261], [240, 254], [263, 254], [249, 238], [242, 231], [232, 226], [227, 202], [212, 196]], "interior": []}, "classId": 2, "classTitle": "Civilian"}, {"id": 37957689, "description": "", "geometryType": "polygon", "labelerLogin": "", "createdAt": "", "updatedAt": "", "tags": [], "points": {"exterior": [[214, 187], [230, 183], [239, 183], [244, 186], [249, 202], [257, 225], [265, 239], [269, 252], [263, 254], [249, 239], [243, 231], [232, 227], [229, 208], [226, 202], [211, 195], [211, 191], [214, 187]], "interior": []}, "classId": 2, "classTitle": "Civilian"}, {"id": 70059452, "description": "", "geometryType": "polygon", "labelerLogin": "", "createdAt": "", "updatedAt": "", "tags": [], "points": {"exterior": [[280, 315], [285, 298], [279, 269], [272, 256], [259, 254], [239, 254], [222, 262], [214, 276], [212, 287], [233, 293], [245, 296], [264, 307], [273, 314], [280, 328], [280, 315]], "interior": []}, "classId": 1, "classTitle": "Officer"}]}