{"tags": [], "size": {"height": 630, "width": 1200}, "objects": [{"id": 95343641, "description": "", "geometryType": "polygon", "labelerLogin": "", "createdAt": "", "updatedAt": "", "tags": [], "points": {"exterior": [[463, 392], [466, 375], [475, 367], [486, 365], [495, 375], [501, 385], [501, 390], [496, 400], [490, 412], [483, 413], [487, 438], [483, 474], [478, 481], [478, 503], [480, 568], [477, 588], [483, 593], [492, 596], [490, 602], [472, 604], [455, 598], [432, 571], [435, 507], [430, 477], [436, 448], [439, 422], [446, 400], [451, 395], [463, 392]], "interior": []}, "classId": 1, "classTitle": "Officer"}, {"id": 15499549, "description": "", "geometryType": "polygon", "labelerLogin": "", "createdAt": "", "updatedAt": "", "tags": [], "points": {"exterior": [[614, 424], [612, 415], [614, 404], [623, 399], [632, 399], [640, 406], [641, 417], [637, 435], [639, 439], [656, 451], [687, 474], [690, 484], [685, 495], [660, 510], [657, 519], [646, 522], [647, 564], [640, 624], [601, 624], [589, 540], [594, 522], [591, 518], [584, 527], [577, 521], [573, 516], [559, 512], [557, 503], [555, 490], [555, 482], [577, 456], [581, 448], [599, 432], [608, 426], [614, 424]], "interior": []}, "classId": 1, "classTitle": "Officer"}, {"id": 99766847, "description": "", "geometryType": "polygon", "labelerLogin": "", "createdAt": "", "updatedAt": "", "tags": [], "points": {"exterior": [[572, 594], [558, 600], [514, 594], [500, 591], [506, 584], [526, 578], [545, 576], [566, 555], [580, 557], [596, 567], [645, 591], [648, 602], [645, 613], [592, 607], [572, 594]], "interior": []}, "classId": 2, "classTitle": "Civilian"}, {"id": 80661203, "description": "", "geometryType": "polygon", "labelerLogin": "", "createdAt": "", "updatedAt": "", "tags": [], "points": {"exterior": [[838, 326], [839, 335], [838, 341], [831, 351], [828, 364], [832, 365], [827, 405], [830, 421], [837, 424], [847, 425], [848, 417], [852, 383], [860, 364], [860, 345], [856, 339], [856, 327], [850, 322], [843, 323], [838, 326]], "interior": []}, "classId": 2, "classTitle": "Civilian"}, {"id": 54880771, "description": "", "geometryType": "polygon", "labelerLogin": "", "createdAt": "", "updatedAt": "", "tags": [], "points": {"exterior": [[779, 341], [784, 334], [788, 334], [790, 330], [792, 328], [796, 328], [798, 331], [798, 336], [801, 341], [801, 360], [794, 363], [787, 361], [791, 355], [790, 351], [777, 347], [779, 341]], "interior": []}, "classId": 2, "classTitle": "Civilian"}]}