{"tags": [], "size": {"height": 708, "width": 388}, "objects": [{"id": 37802086, "description": "", "geometryType": "polygon", "labelerLogin": "", "createdAt": "", "updatedAt": "", "tags": [], "points": {"exterior": [[37, 154], [66, 154], [127, 161], [125, 45], [134, 38], [147, 40], [152, 56], [165, 533], [150, 546], [135, 522], [128, 192], [100, 184], [39, 179], [32, 192], [10, 170], [13, 149], [32, 138], [37, 154]], "interior": []}, "classId": 6, "classTitle": "Baton"}, {"id": 22887125, "description": "", "geometryType": "polygon", "labelerLogin": "", "createdAt": "", "updatedAt": "", "tags": [], "points": {"exterior": [[219, 483], [213, 165], [205, 156], [211, 152], [207, 95], [205, 69], [207, 56], [222, 54], [233, 54], [232, 61], [234, 82], [237, 122], [231, 148], [240, 151], [240, 158], [235, 163], [247, 485], [241, 492], [230, 493], [221, 493], [219, 483]], "interior": []}, "classId": 6, "classTitle": "Baton"}, {"id": 83683279, "description": "", "geometryType": "polygon", "labelerLogin": "", "createdAt": "", "updatedAt": "", "tags": [], "points": {"exterior": [[266, 64], [275, 57], [288, 57], [297, 63], [292, 69], [299, 98], [294, 133], [296, 149], [302, 157], [297, 164], [303, 588], [294, 594], [284, 593], [274, 587], [269, 167], [268, 156], [275, 150], [267, 98], [266, 64]], "interior": []}, "classId": 6, "classTitle": "Baton"}, {"id": 76634499, "description": "", "geometryType": "polygon", "labelerLogin": "", "createdAt": "", "updatedAt": "", "tags": [], "points": {"exterior": [[325, 161], [318, 56], [341, 55], [351, 55], [350, 108], [352, 163], [369, 169], [368, 180], [353, 194], [351, 201], [359, 697], [331, 695], [328, 210], [307, 186], [307, 175], [325, 161]], "interior": []}, "classId": 6, "classTitle": "Baton"}]}