{"tags": [], "size": {"height": 619, "width": 1100}, "objects": [{"id": 39534381, "description": "", "geometryType": "polygon", "labelerLogin": "", "createdAt": "", "updatedAt": "", "tags": [], "points": {"exterior": [[314, 434], [305, 399], [305, 388], [291, 373], [293, 354], [286, 317], [297, 253], [332, 142], [341, 93], [346, 2], [988, 2], [984, 31], [957, 97], [947, 117], [957, 144], [945, 176], [929, 231], [888, 275], [895, 349], [923, 421], [961, 471], [954, 483], [996, 517], [986, 539], [974, 566], [942, 617], [413, 617], [413, 531], [420, 460], [390, 468], [352, 463], [327, 451], [314, 434]], "interior": []}, "classId": 1, "classTitle": "Officer"}, {"id": 43571115, "description": "", "geometryType": "polygon", "labelerLogin": "", "createdAt": "", "updatedAt": "", "tags": [], "points": {"exterior": [[400, 380], [590, 349], [722, 332], [768, 321], [795, 321], [812, 336], [807, 363], [783, 380], [730, 383], [696, 376], [603, 400], [420, 427], [402, 415], [398, 393], [400, 380]], "interior": []}, "classId": 6, "classTitle": "Baton"}, {"id": 30146490, "description": "", "geometryType": "polygon", "labelerLogin": "", "createdAt": "", "updatedAt": "", "tags": [], "points": {"exterior": [[149, 112], [168, 71], [181, 44], [170, 2], [2, 2], [2, 431], [12, 451], [22, 566], [39, 617], [178, 617], [180, 429], [210, 412], [224, 368], [220, 326], [229, 302], [205, 209], [197, 168], [149, 112]], "interior": []}, "classId": 1, "classTitle": "Officer"}, {"id": 56330082, "description": "", "geometryType": "polygon", "labelerLogin": "", "createdAt": "", "updatedAt": "", "tags": [], "points": {"exterior": [[957, 324], [1042, 332], [1098, 324], [1098, 2], [962, 2], [962, 81], [947, 112], [937, 207], [937, 295], [957, 324]], "interior": []}, "classId": 3, "classTitle": "Riot Shield"}]}