{"tags": [], "size": {"height": 340, "width": 250}, "objects": [{"id": 66842617, "description": "", "geometryType": "polygon", "labelerLogin": "", "createdAt": "", "updatedAt": "", "tags": [], "points": {"exterior": [[53, 206], [65, 193], [67, 196], [58, 209], [56, 209], [21, 249], [20, 252], [18, 252], [15, 251], [19, 248], [36, 229], [36, 228], [53, 209], [53, 206]], "interior": []}, "classId": 6, "classTitle": "Baton"}, {"id": 59976063, "description": "", "geometryType": "polygon", "labelerLogin": "", "createdAt": "", "updatedAt": "", "tags": [], "points": {"exterior": [[69, 150], [63, 161], [61, 176], [62, 191], [62, 195], [69, 199], [70, 201], [73, 198], [74, 193], [77, 187], [80, 191], [81, 190], [78, 184], [82, 183], [87, 179], [87, 184], [84, 187], [85, 189], [89, 190], [90, 191], [92, 190], [94, 188], [97, 188], [98, 201], [97, 228], [97, 233], [100, 237], [100, 245], [103, 250], [104, 259], [105, 265], [104, 269], [105, 273], [107, 276], [105, 278], [107, 284], [106, 291], [106, 295], [109, 299], [115, 300], [119, 298], [124, 289], [126, 287], [127, 282], [131, 277], [129, 271], [130, 265], [131, 259], [130, 241], [130, 211], [131, 210], [132, 243], [136, 250], [135, 255], [134, 259], [136, 274], [138, 286], [138, 296], [139, 305], [141, 307], [140, 313], [141, 316], [148, 319], [158, 321], [169, 318], [170, 315], [164, 304], [169, 303], [170, 297], [164, 296], [164, 294], [167, 291], [165, 287], [162, 278], [162, 264], [162, 257], [164, 254], [162, 253], [166, 250], [166, 246], [164, 243], [166, 236], [167, 230], [167, 218], [165, 214], [163, 209], [171, 200], [175, 190], [175, 185], [171, 184], [161, 185], [161, 183], [162, 178], [167, 178], [167, 174], [164, 162], [162, 156], [164, 144], [189, 168], [192, 172], [190, 177], [192, 177], [195, 172], [196, 175], [210, 179], [218, 178], [221, 174], [215, 169], [208, 162], [204, 159], [201, 147], [192, 136], [185, 120], [170, 91], [163, 84], [153, 80], [149, 74], [142, 71], [145, 67], [147, 57], [148, 55], [148, 50], [146, 43], [142, 35], [139, 29], [135, 27], [130, 28], [120, 28], [115, 30], [109, 35], [104, 40], [101, 50], [102, 74], [104, 82], [97, 86], [88, 92], [87, 94], [82, 103], [75, 135], [69, 150]], "interior": []}, "classId": 1, "classTitle": "Officer"}, {"id": 13212970, "description": "", "geometryType": "polygon", "labelerLogin": "", "createdAt": "", "updatedAt": "", "tags": [], "points": {"exterior": [[184, 57], [187, 57], [190, 59], [191, 63], [192, 67], [191, 69], [191, 73], [198, 77], [204, 84], [205, 90], [201, 94], [198, 107], [199, 119], [200, 127], [200, 144], [182, 161], [180, 167], [182, 170], [182, 172], [179, 173], [174, 172], [171, 170], [170, 151], [167, 85], [168, 79], [171, 75], [175, 73], [176, 65], [176, 61], [179, 58], [184, 57]], "interior": []}, "classId": 2, "classTitle": "Civilian"}, {"id": 87245844, "description": "", "geometryType": "polygon", "labelerLogin": "", "createdAt": "", "updatedAt": "", "tags": [], "points": {"exterior": [[66, 107], [66, 105], [57, 104], [55, 99], [54, 90], [63, 74], [70, 71], [72, 66], [72, 61], [74, 54], [78, 52], [82, 51], [85, 52], [88, 58], [88, 63], [87, 68], [96, 70], [102, 76], [104, 80], [103, 83], [87, 94], [81, 105], [73, 139], [71, 131], [67, 121], [62, 118], [61, 113], [63, 109], [66, 107]], "interior": []}, "classId": 2, "classTitle": "Civilian"}, {"id": 55374202, "description": "", "geometryType": "polygon", "labelerLogin": "", "createdAt": "", "updatedAt": "", "tags": [], "points": {"exterior": [[45, 74], [41, 79], [40, 88], [40, 106], [39, 112], [39, 118], [43, 126], [42, 133], [38, 141], [30, 162], [28, 168], [27, 174], [28, 176], [40, 179], [48, 179], [48, 176], [46, 174], [42, 172], [41, 169], [43, 166], [43, 158], [50, 146], [52, 141], [51, 165], [51, 170], [53, 171], [61, 170], [63, 163], [61, 161], [63, 157], [63, 148], [62, 144], [63, 138], [61, 130], [59, 126], [62, 120], [62, 113], [64, 109], [65, 106], [57, 104], [55, 96], [55, 90], [60, 79], [58, 75], [60, 73], [62, 68], [61, 60], [58, 57], [53, 56], [48, 57], [46, 61], [46, 66], [47, 69], [47, 71], [45, 74]], "interior": []}, "classId": 2, "classTitle": "Civilian"}, {"id": 54041054, "description": "", "geometryType": "polygon", "labelerLogin": "", "createdAt": "", "updatedAt": "", "tags": [], "points": {"exterior": [[244, 73], [246, 73], [248, 77], [248, 82], [248, 84], [248, 121], [248, 125], [246, 125], [245, 115], [245, 110], [244, 125], [241, 124], [239, 106], [239, 86], [237, 83], [239, 79], [242, 74], [244, 73]], "interior": []}, "classId": 2, "classTitle": "Civilian"}, {"id": 44733990, "description": "", "geometryType": "polygon", "labelerLogin": "", "createdAt": "", "updatedAt": "", "tags": [], "points": {"exterior": [[220, 79], [217, 80], [216, 82], [216, 89], [216, 105], [212, 111], [213, 114], [216, 113], [216, 115], [217, 116], [222, 116], [221, 113], [221, 104], [221, 103], [224, 101], [226, 98], [224, 96], [222, 93], [221, 83], [222, 82], [222, 81], [220, 79]], "interior": []}, "classId": 2, "classTitle": "Civilian"}]}