{"tags": [], "size": {"height": 280, "width": 260}, "objects": [{"id": 79317244, "description": "", "geometryType": "polygon", "labelerLogin": "", "createdAt": "", "updatedAt": "", "tags": [], "points": {"exterior": [[99, 172], [111, 162], [122, 152], [136, 139], [145, 128], [157, 116], [173, 98], [178, 92], [196, 78], [212, 62], [223, 49], [242, 29], [255, 18], [253, 10], [245, 6], [239, 8], [233, 12], [225, 17], [222, 25], [211, 33], [196, 50], [178, 70], [149, 98], [139, 107], [117, 130], [102, 143], [98, 145], [94, 152], [77, 167], [69, 174], [59, 187], [52, 193], [45, 201], [34, 212], [23, 225], [5, 242], [8, 246], [8, 252], [14, 254], [24, 253], [28, 246], [40, 231], [51, 226], [61, 213], [68, 204], [74, 200], [84, 204], [97, 221], [106, 227], [115, 236], [120, 247], [127, 246], [137, 238], [137, 231], [132, 224], [123, 222], [111, 210], [101, 200], [90, 185], [99, 172]], "interior": []}, "classId": 6, "classTitle": "Baton"}]}