{"tags": [], "size": {"height": 675, "width": 1200}, "objects": [{"id": 51132412, "description": "", "geometryType": "polygon", "labelerLogin": "", "createdAt": "", "updatedAt": "", "tags": [], "points": {"exterior": [[331, 656], [350, 542], [433, 371], [492, 260], [490, 131], [519, 81], [544, 35], [600, 10], [658, 19], [690, 42], [712, 102], [715, 133], [740, 208], [756, 271], [744, 302], [821, 402], [881, 667], [331, 671], [331, 656]], "interior": []}, "classId": 2, "classTitle": "Civilian"}]}