{"tags": [], "size": {"height": 1390, "width": 866}, "objects": [{"id": 55666531, "description": "", "geometryType": "polygon", "labelerLogin": "", "createdAt": "", "updatedAt": "", "tags": [], "points": {"exterior": [[294, 122], [325, 260], [366, 428], [396, 570], [427, 723], [457, 845], [483, 957], [498, 993], [534, 998], [564, 983], [559, 922], [732, 876], [768, 815], [712, 794], [528, 845], [457, 504], [406, 285], [386, 168], [355, 97], [289, 102], [294, 122]], "interior": []}, "classId": 6, "classTitle": "Baton"}]}