{"tags": [], "size": {"height": 720, "width": 1280}, "objects": [{"id": 17462096, "description": "", "geometryType": "polygon", "labelerLogin": "", "createdAt": "", "updatedAt": "", "tags": [], "points": {"exterior": [[702, 707], [707, 569], [729, 484], [756, 451], [838, 422], [853, 378], [844, 276], [824, 207], [876, 113], [931, 84], [996, 93], [1031, 129], [1051, 198], [1069, 258], [1051, 260], [1033, 362], [1036, 420], [1153, 462], [1204, 593], [1267, 684], [1251, 716], [707, 718], [702, 707]], "interior": []}, "classId": 1, "classTitle": "Officer"}, {"id": 76764223, "description": "", "geometryType": "polygon", "labelerLogin": "", "createdAt": "", "updatedAt": "", "tags": [], "points": {"exterior": [[331, 422], [387, 384], [433, 358], [433, 287], [400, 238], [427, 151], [473, 111], [524, 107], [571, 131], [607, 227], [591, 364], [700, 416], [724, 498], [707, 709], [416, 718], [387, 591], [331, 422]], "interior": []}, "classId": 1, "classTitle": "Officer"}, {"id": 61774117, "description": "", "geometryType": "polygon", "labelerLogin": "", "createdAt": "", "updatedAt": "", "tags": [], "points": {"exterior": [[2, 711], [2, 2], [178, 2], [238, 64], [258, 104], [262, 133], [198, 151], [158, 302], [236, 336], [331, 427], [402, 653], [413, 718], [2, 711]], "interior": []}, "classId": 1, "classTitle": "Officer"}]}