{"tags": [], "size": {"height": 360, "width": 640}, "objects": [{"id": 58008445, "description": "", "geometryType": "polygon", "labelerLogin": "", "createdAt": "", "updatedAt": "", "tags": [], "points": {"exterior": [[270, 99], [377, 33], [391, 33], [391, 48], [279, 121], [264, 111], [270, 99]], "interior": []}, "classId": 6, "classTitle": "Baton"}, {"id": 52724398, "description": "", "geometryType": "polygon", "labelerLogin": "", "createdAt": "", "updatedAt": "", "tags": [], "points": {"exterior": [[330, 227], [332, 210], [363, 198], [413, 180], [423, 132], [456, 94], [500, 84], [537, 101], [576, 133], [590, 160], [574, 204], [611, 230], [638, 241], [637, 358], [344, 358], [338, 334], [328, 333], [278, 357], [167, 358], [138, 296], [166, 261], [156, 236], [179, 219], [190, 198], [193, 140], [243, 92], [263, 94], [264, 109], [283, 122], [272, 167], [259, 188], [244, 218], [236, 261], [266, 248], [280, 251], [302, 237], [317, 237], [333, 233], [330, 227]], "interior": []}, "classId": 1, "classTitle": "Officer"}]}