{"tags": [], "size": {"height": 576, "width": 1024}, "objects": [{"id": 31458279, "description": "", "geometryType": "polygon", "labelerLogin": "", "createdAt": "", "updatedAt": "", "tags": [], "points": {"exterior": [[197, 51], [305, 39], [308, 17], [335, 19], [347, 24], [571, 42], [518, 44], [521, 52], [566, 58], [565, 63], [523, 62], [502, 75], [561, 81], [563, 96], [548, 95], [502, 87], [473, 81], [467, 69], [373, 57], [353, 54], [310, 44], [264, 67], [188, 66], [197, 51]], "interior": []}, "classId": 4, "classTitle": "Gun"}, {"id": 61771501, "description": "", "geometryType": "polygon", "labelerLogin": "", "createdAt": "", "updatedAt": "", "tags": [], "points": {"exterior": [[243, 2], [245, 25], [251, 39], [178, 59], [140, 66], [113, 70], [94, 85], [101, 105], [129, 121], [149, 129], [167, 141], [152, 183], [134, 240], [104, 250], [82, 318], [2, 549], [17, 574], [81, 574], [147, 444], [162, 438], [176, 574], [270, 574], [320, 344], [347, 248], [374, 195], [405, 223], [437, 229], [460, 210], [449, 146], [443, 101], [452, 83], [461, 69], [452, 42], [437, 35], [419, 39], [412, 60], [410, 87], [403, 138], [367, 102], [335, 84], [325, 53], [319, 42], [341, 2], [243, 2]], "interior": []}, "classId": 1, "classTitle": "Officer"}, {"id": 49994109, "description": "", "geometryType": "polygon", "labelerLogin": "", "createdAt": "", "updatedAt": "", "tags": [], "points": {"exterior": [[679, 449], [718, 452], [718, 458], [714, 460], [712, 473], [702, 472], [691, 467], [693, 460], [690, 456], [678, 452], [679, 449]], "interior": []}, "classId": 4, "classTitle": "Gun"}, {"id": 48052300, "description": "", "geometryType": "polygon", "labelerLogin": "", "createdAt": "", "updatedAt": "", "tags": [], "points": {"exterior": [[630, 400], [608, 411], [607, 432], [606, 442], [601, 445], [582, 447], [561, 450], [559, 474], [561, 489], [580, 510], [612, 540], [632, 556], [639, 567], [658, 559], [680, 567], [691, 565], [696, 538], [689, 513], [683, 498], [689, 485], [694, 477], [690, 472], [688, 467], [688, 454], [678, 451], [670, 460], [660, 467], [654, 464], [651, 455], [655, 432], [655, 417], [647, 405], [640, 404], [630, 400]], "interior": []}, "classId": 1, "classTitle": "Officer"}]}