{"tags": [], "size": {"height": 675, "width": 920}, "objects": [{"id": 72913817, "description": "", "geometryType": "polygon", "labelerLogin": "", "createdAt": "", "updatedAt": "", "tags": [], "points": {"exterior": [[213, 336], [215, 326], [227, 323], [236, 331], [237, 344], [259, 355], [259, 364], [233, 364], [233, 372], [207, 412], [193, 457], [183, 497], [164, 498], [162, 478], [170, 452], [163, 425], [152, 396], [201, 341], [213, 336]], "interior": []}, "classId": 1, "classTitle": "Officer"}, {"id": 75857407, "description": "", "geometryType": "polygon", "labelerLogin": "", "createdAt": "", "updatedAt": "", "tags": [], "points": {"exterior": [[796, 345], [790, 369], [769, 383], [765, 405], [753, 429], [753, 448], [767, 471], [761, 533], [791, 534], [792, 509], [804, 462], [822, 422], [823, 411], [840, 418], [852, 404], [818, 370], [818, 345], [796, 345]], "interior": []}, "classId": 1, "classTitle": "Officer"}]}