{"tags": [], "size": {"height": 2353, "width": 3137}, "objects": [{"id": 33586739, "description": "", "geometryType": "polygon", "labelerLogin": "", "createdAt": "", "updatedAt": "", "tags": [], "points": {"exterior": [[19, 274], [48, 398], [228, 395], [266, 454], [284, 463], [322, 463], [420, 463], [452, 395], [496, 372], [514, 345], [552, 345], [585, 348], [605, 327], [611, 289], [599, 236], [567, 203], [537, 215], [529, 233], [116, 265], [87, 254], [37, 259], [19, 274]], "interior": []}, "classId": 4, "classTitle": "Gun"}, {"id": 78175394, "description": "", "geometryType": "polygon", "labelerLogin": "", "createdAt": "", "updatedAt": "", "tags": [], "points": {"exterior": [[1115, 195], [1080, 286], [1127, 336], [1259, 345], [1295, 372], [1292, 433], [1357, 460], [1486, 463], [1507, 407], [1501, 372], [1560, 324], [1601, 298], [1666, 304], [1742, 313], [1716, 203], [1660, 224], [1115, 195]], "interior": []}, "classId": 4, "classTitle": "Gun"}, {"id": 88295409, "description": "", "geometryType": "polygon", "labelerLogin": "", "createdAt": "", "updatedAt": "", "tags": [], "points": {"exterior": [[2114, 268], [2093, 321], [2125, 374], [2308, 383], [2397, 380], [2444, 389], [2467, 425], [2470, 469], [2511, 481], [2556, 466], [2635, 466], [2679, 466], [2697, 466], [2709, 430], [2671, 413], [2688, 372], [2727, 336], [2724, 310], [2676, 280], [2517, 280], [2450, 289], [2158, 283], [2114, 268]], "interior": []}, "classId": 4, "classTitle": "Gun"}, {"id": 71845192, "description": "", "geometryType": "polygon", "labelerLogin": "", "createdAt": "", "updatedAt": "", "tags": [], "points": {"exterior": [[43, 1654], [19, 1707], [37, 1763], [48, 1799], [213, 1793], [240, 1825], [269, 1875], [390, 1866], [443, 1802], [487, 1766], [526, 1740], [576, 1731], [614, 1722], [608, 1660], [593, 1625], [567, 1610], [532, 1619], [523, 1639], [99, 1666], [90, 1651], [43, 1654]], "interior": []}, "classId": 4, "classTitle": "Gun"}, {"id": 26697938, "description": "", "geometryType": "polygon", "labelerLogin": "", "createdAt": "", "updatedAt": "", "tags": [], "points": {"exterior": [[1186, 1660], [1106, 1690], [1106, 1728], [1127, 1790], [1150, 1808], [1186, 1816], [1277, 1813], [1348, 1813], [1401, 1810], [1433, 1810], [1433, 1769], [1460, 1769], [1513, 1772], [1539, 1772], [1583, 1751], [1631, 1725], [1692, 1728], [1734, 1743], [1728, 1660], [1722, 1616], [1654, 1636], [1654, 1657], [1451, 1672], [1212, 1687], [1177, 1693], [1186, 1660]], "interior": []}, "classId": 4, "classTitle": "Gun"}, {"id": 41040863, "description": "", "geometryType": "polygon", "labelerLogin": "", "createdAt": "", "updatedAt": "", "tags": [], "points": {"exterior": [[2226, 1654], [2202, 1693], [2220, 1754], [2229, 1808], [2447, 1816], [2485, 1751], [2567, 1775], [2629, 1787], [2644, 1751], [2732, 1751], [2759, 1740], [2824, 1769], [2838, 1766], [2838, 1669], [2821, 1654], [2759, 1663], [2288, 1678], [2261, 1663], [2226, 1654]], "interior": []}, "classId": 4, "classTitle": "Gun"}]}