{"tags": [], "size": {"height": 214, "width": 268}, "objects": [{"id": 97145900, "description": "", "geometryType": "polygon", "labelerLogin": "", "createdAt": "", "updatedAt": "", "tags": [], "points": {"exterior": [[114, 53], [17, 120], [5, 130], [9, 153], [15, 162], [66, 164], [74, 159], [95, 144], [114, 133], [144, 132], [171, 130], [184, 114], [189, 105], [244, 109], [263, 105], [262, 65], [169, 66], [158, 62], [151, 53], [127, 52], [114, 53]], "interior": []}, "classId": 4, "classTitle": "Gun"}]}