{"tags": [], "size": {"height": 365, "width": 597}, "objects": [{"id": 26101288, "description": "", "geometryType": "polygon", "labelerLogin": "", "createdAt": "", "updatedAt": "", "tags": [], "points": {"exterior": [[483, 126], [480, 104], [472, 88], [466, 87], [458, 89], [455, 92], [454, 97], [449, 104], [440, 105], [431, 106], [423, 104], [412, 97], [409, 90], [407, 86], [400, 84], [395, 83], [395, 78], [392, 74], [391, 74], [378, 74], [376, 72], [377, 65], [386, 64], [391, 64], [391, 57], [387, 57], [381, 60], [379, 63], [372, 63], [366, 63], [365, 55], [362, 47], [368, 39], [368, 36], [375, 38], [384, 39], [393, 40], [415, 38], [454, 38], [454, 39], [460, 41], [463, 41], [471, 39], [474, 41], [469, 44], [465, 45], [464, 48], [467, 51], [472, 54], [483, 55], [486, 58], [488, 67], [496, 76], [508, 88], [515, 122], [510, 130], [491, 130], [482, 129]], "interior": []}, "classId": 4, "classTitle": "Gun"}]}