{"tags": [], "size": {"height": 676, "width": 900}, "objects": [{"id": 53048167, "description": "", "geometryType": "polygon", "labelerLogin": "", "createdAt": "", "updatedAt": "", "tags": [], "points": {"exterior": [[491, 275], [502, 263], [497, 241], [494, 222], [496, 213], [497, 204], [487, 176], [478, 164], [457, 163], [451, 160], [451, 144], [450, 133], [441, 121], [424, 123], [407, 133], [402, 141], [403, 153], [403, 161], [401, 168], [397, 172], [388, 178], [379, 179], [367, 179], [352, 178], [345, 176], [337, 172], [328, 174], [317, 178], [315, 186], [315, 207], [334, 207], [348, 211], [375, 215], [393, 220], [390, 255], [390, 284], [392, 289], [504, 279]], "interior": []}, "classId": 1, "classTitle": "Officer"}]}