{"tags": [], "size": {"height": 425, "width": 537}, "objects": [{"id": 13571889, "description": "", "geometryType": "polygon", "labelerLogin": "", "createdAt": "", "updatedAt": "", "tags": [], "points": {"exterior": [[57, 68], [25, 146], [47, 153], [64, 159], [74, 192], [52, 233], [30, 293], [32, 329], [74, 342], [149, 359], [142, 341], [176, 238], [185, 230], [221, 234], [286, 239], [305, 235], [319, 215], [328, 178], [335, 169], [442, 167], [442, 67], [423, 59], [412, 65], [411, 69], [97, 70], [85, 70], [66, 61], [61, 59], [57, 68]], "interior": []}, "classId": 4, "classTitle": "Gun"}]}