{"tags": [], "size": {"height": 720, "width": 1280}, "objects": [{"id": 38045008, "description": "", "geometryType": "polygon", "labelerLogin": "", "createdAt": "", "updatedAt": "", "tags": [], "points": {"exterior": [[789, 678], [762, 658], [727, 604], [689, 513], [711, 451], [796, 271], [827, 260], [873, 242], [851, 193], [853, 124], [871, 73], [891, 53], [918, 42], [940, 40], [967, 49], [982, 76], [996, 113], [1000, 167], [991, 222], [1064, 278], [1113, 307], [1151, 451], [1158, 593], [1104, 622], [1091, 653], [1109, 684], [1111, 711], [780, 716], [789, 678]], "interior": []}, "classId": 1, "classTitle": "Officer"}]}