{"tags": [], "size": {"height": 534, "width": 800}, "objects": [{"id": 22130165, "description": "", "geometryType": "polygon", "labelerLogin": "", "createdAt": "", "updatedAt": "", "tags": [], "points": {"exterior": [[263, 198], [254, 165], [256, 132], [268, 105], [296, 92], [333, 95], [359, 129], [364, 150], [362, 189], [373, 193], [421, 194], [432, 212], [439, 316], [439, 361], [445, 385], [456, 381], [470, 421], [473, 461], [449, 465], [449, 481], [465, 523], [465, 532], [273, 532], [278, 509], [263, 504], [253, 480], [253, 410], [269, 400], [258, 365], [243, 400], [232, 488], [227, 514], [238, 516], [251, 532], [184, 532], [186, 527], [173, 432], [189, 330], [209, 267], [241, 225], [253, 212], [263, 198]], "interior": []}, "classId": 1, "classTitle": "Officer"}]}