{"tags": [], "size": {"height": 575, "width": 1024}, "objects": [{"id": 96936682, "description": "", "geometryType": "polygon", "labelerLogin": "", "createdAt": "", "updatedAt": "", "tags": [], "points": {"exterior": [[432, 277], [429, 246], [436, 235], [429, 190], [414, 106], [376, 112], [330, 112], [298, 112], [295, 138], [290, 176], [290, 213], [290, 237], [290, 246], [328, 258], [367, 265], [388, 268], [405, 273], [423, 277], [432, 277]], "interior": []}, "classId": 5, "classTitle": "Pepper Spray"}]}