{"tags": [], "size": {"height": 480, "width": 480}, "objects": [{"id": 36113311, "description": "", "geometryType": "polygon", "labelerLogin": "", "createdAt": "", "updatedAt": "", "tags": [], "points": {"exterior": [[284, 425], [277, 399], [324, 373], [333, 347], [344, 330], [342, 313], [333, 296], [339, 280], [342, 259], [323, 253], [327, 228], [255, 193], [253, 179], [259, 178], [267, 121], [326, 77], [339, 53], [347, 55], [326, 102], [375, 99], [370, 199], [369, 369], [375, 433], [381, 444], [379, 470], [276, 468], [262, 461], [262, 437], [273, 428], [284, 425]], "interior": []}, "classId": 5, "classTitle": "Pepper Spray"}]}