{"tags": [], "size": {"height": 1124, "width": 1280}, "objects": [{"id": 95035169, "description": "", "geometryType": "polygon", "labelerLogin": "", "createdAt": "", "updatedAt": "", "tags": [], "points": {"exterior": [[402, 422], [414, 347], [509, 368], [487, 454], [449, 428], [395, 422], [402, 422]], "interior": []}, "classId": 5, "classTitle": "Pepper Spray"}, {"id": 96745112, "description": "", "geometryType": "polygon", "labelerLogin": "", "createdAt": "", "updatedAt": "", "tags": [], "points": {"exterior": [[213, 1065], [247, 1023], [275, 916], [323, 819], [296, 770], [369, 699], [344, 555], [344, 503], [375, 437], [441, 437], [496, 451], [548, 496], [628, 448], [628, 347], [676, 198], [735, 94], [870, 62], [953, 132], [977, 253], [926, 350], [874, 416], [846, 486], [846, 538], [884, 635], [860, 746], [846, 808], [732, 874], [708, 940], [621, 1121], [185, 1114], [213, 1065]], "interior": []}, "classId": 2, "classTitle": "Civilian"}]}