{"tags": [], "size": {"height": 549, "width": 976}, "objects": [{"id": 80260212, "description": "", "geometryType": "polygon", "labelerLogin": "", "createdAt": "", "updatedAt": "", "tags": [], "points": {"exterior": [[470, 52], [450, 59], [437, 66], [419, 95], [410, 126], [413, 150], [418, 177], [423, 184], [412, 194], [400, 223], [385, 249], [375, 272], [374, 296], [374, 310], [369, 322], [374, 343], [382, 370], [391, 386], [412, 395], [431, 396], [417, 430], [414, 463], [382, 512], [369, 539], [365, 547], [689, 547], [694, 523], [697, 446], [694, 421], [709, 390], [705, 364], [691, 303], [673, 258], [658, 219], [636, 197], [612, 182], [599, 172], [581, 153], [568, 125], [545, 89], [526, 64], [496, 51], [482, 52], [470, 52]], "interior": []}, "classId": 2, "classTitle": "Civilian"}, {"id": 39444205, "description": "", "geometryType": "polygon", "labelerLogin": "", "createdAt": "", "updatedAt": "", "tags": [], "points": {"exterior": [[252, 6], [247, 16], [248, 25], [241, 30], [241, 35], [244, 41], [243, 46], [253, 59], [259, 83], [270, 97], [294, 113], [306, 117], [310, 121], [323, 124], [333, 130], [341, 128], [355, 135], [364, 137], [380, 136], [395, 131], [399, 126], [393, 112], [399, 107], [405, 100], [411, 97], [413, 86], [417, 79], [422, 80], [427, 83], [415, 105], [410, 128], [415, 155], [419, 177], [422, 185], [409, 196], [385, 195], [352, 197], [332, 195], [300, 187], [267, 176], [269, 191], [283, 217], [277, 222], [274, 225], [300, 270], [305, 309], [318, 322], [356, 332], [372, 335], [385, 377], [391, 386], [408, 395], [391, 410], [349, 431], [337, 441], [276, 484], [267, 493], [276, 515], [293, 547], [67, 547], [16, 547], [2, 547], [2, 421], [24, 414], [30, 399], [30, 372], [14, 347], [2, 338], [4, 309], [23, 274], [27, 244], [24, 216], [30, 189], [30, 166], [33, 142], [33, 127], [35, 112], [41, 101], [60, 101], [97, 70], [104, 59], [124, 52], [125, 25], [124, 2], [252, 2], [252, 6]], "interior": []}, "classId": 2, "classTitle": "Civilian"}, {"id": 99746066, "description": "", "geometryType": "polygon", "labelerLogin": "", "createdAt": "", "updatedAt": "", "tags": [], "points": {"exterior": [[79, 83], [62, 102], [42, 101], [34, 115], [32, 167], [26, 222], [28, 255], [21, 284], [4, 304], [2, 336], [26, 363], [32, 384], [28, 412], [2, 422], [2, 2], [126, 2], [126, 39], [119, 52], [96, 67], [79, 83]], "interior": []}, "classId": 2, "classTitle": "Civilian"}, {"id": 68224837, "description": "", "geometryType": "polygon", "labelerLogin": "", "createdAt": "", "updatedAt": "", "tags": [], "points": {"exterior": [[331, 65], [319, 76], [314, 97], [317, 106], [317, 109], [309, 117], [296, 190], [294, 218], [299, 227], [301, 265], [306, 309], [317, 322], [350, 330], [355, 290], [358, 243], [359, 237], [370, 213], [371, 195], [378, 135], [371, 124], [361, 113], [367, 107], [367, 82], [361, 69], [345, 64], [334, 63], [331, 65]], "interior": []}, "classId": 1, "classTitle": "Officer"}, {"id": 47978201, "description": "", "geometryType": "polygon", "labelerLogin": "", "createdAt": "", "updatedAt": "", "tags": [], "points": {"exterior": [[270, 61], [285, 60], [299, 67], [307, 79], [308, 88], [308, 94], [304, 116], [297, 191], [295, 219], [300, 230], [298, 265], [275, 225], [282, 217], [269, 186], [268, 177], [259, 76], [264, 69], [270, 61]], "interior": []}, "classId": 1, "classTitle": "Officer"}, {"id": 37276494, "description": "", "geometryType": "polygon", "labelerLogin": "", "createdAt": "", "updatedAt": "", "tags": [], "points": {"exterior": [[606, 95], [623, 93], [635, 99], [639, 105], [646, 128], [641, 139], [634, 144], [634, 150], [646, 159], [634, 169], [634, 184], [634, 195], [608, 179], [589, 162], [581, 151], [578, 145], [588, 143], [590, 139], [586, 124], [594, 105], [606, 95]], "interior": []}, "classId": 1, "classTitle": "Officer"}, {"id": 74051055, "description": "", "geometryType": "polygon", "labelerLogin": "", "createdAt": "", "updatedAt": "", "tags": [], "points": {"exterior": [[684, 106], [672, 106], [659, 109], [654, 118], [650, 141], [655, 146], [656, 150], [646, 159], [634, 172], [634, 195], [655, 217], [668, 245], [686, 290], [694, 317], [701, 285], [701, 263], [711, 265], [720, 253], [723, 228], [721, 196], [717, 191], [719, 184], [721, 179], [708, 158], [689, 150], [692, 147], [699, 143], [700, 126], [696, 114], [689, 109], [684, 106]], "interior": []}, "classId": 1, "classTitle": "Officer"}, {"id": 44101861, "description": "", "geometryType": "polygon", "labelerLogin": "", "createdAt": "", "updatedAt": "", "tags": [], "points": {"exterior": [[737, 100], [723, 108], [718, 121], [718, 152], [720, 156], [730, 157], [733, 169], [727, 175], [721, 179], [717, 192], [721, 196], [723, 233], [721, 254], [710, 266], [707, 266], [706, 315], [712, 343], [715, 356], [705, 361], [710, 380], [724, 380], [736, 380], [740, 375], [751, 377], [755, 384], [758, 395], [767, 399], [775, 397], [780, 384], [782, 366], [769, 305], [776, 296], [773, 274], [768, 253], [770, 245], [772, 211], [782, 198], [787, 174], [778, 157], [764, 147], [763, 142], [769, 130], [771, 114], [762, 104], [749, 99], [737, 100]], "interior": []}, "classId": 1, "classTitle": "Officer"}, {"id": 99084264, "description": "", "geometryType": "polygon", "labelerLogin": "", "createdAt": "", "updatedAt": "", "tags": [], "points": {"exterior": [[846, 126], [834, 127], [825, 136], [823, 144], [823, 151], [824, 169], [811, 173], [803, 176], [790, 184], [773, 222], [772, 251], [781, 256], [779, 275], [784, 319], [790, 359], [787, 374], [789, 387], [801, 393], [813, 394], [815, 387], [810, 380], [813, 365], [816, 304], [818, 285], [827, 278], [831, 289], [840, 328], [842, 365], [840, 374], [841, 379], [859, 385], [876, 388], [879, 383], [873, 376], [865, 368], [866, 335], [864, 288], [854, 260], [864, 235], [886, 229], [891, 208], [884, 186], [873, 179], [869, 164], [869, 142], [862, 131], [854, 128], [846, 126]], "interior": []}, "classId": 1, "classTitle": "Officer"}, {"id": 59447680, "description": "", "geometryType": "polygon", "labelerLogin": "", "createdAt": "", "updatedAt": "", "tags": [], "points": {"exterior": [[914, 135], [901, 139], [894, 145], [892, 151], [888, 155], [884, 180], [884, 185], [892, 208], [886, 230], [870, 235], [865, 258], [864, 273], [865, 285], [866, 294], [865, 355], [866, 367], [868, 371], [873, 376], [880, 384], [895, 390], [898, 384], [895, 377], [888, 363], [886, 357], [897, 307], [902, 294], [908, 315], [918, 347], [918, 369], [918, 384], [921, 390], [930, 393], [940, 393], [956, 398], [962, 395], [961, 388], [951, 381], [943, 367], [938, 329], [931, 269], [931, 256], [935, 266], [938, 280], [945, 288], [956, 283], [956, 272], [949, 260], [946, 226], [945, 201], [938, 187], [934, 181], [933, 177], [940, 155], [933, 141], [927, 137], [914, 135]], "interior": []}, "classId": 1, "classTitle": "Officer"}]}