{"tags": [], "size": {"height": 346, "width": 600}, "objects": [{"id": 36031090, "description": "", "geometryType": "polygon", "labelerLogin": "", "createdAt": "", "updatedAt": "", "tags": [], "points": {"exterior": [[171, 295], [199, 273], [258, 238], [264, 208], [264, 159], [253, 125], [275, 103], [310, 96], [341, 114], [346, 133], [346, 151], [361, 186], [377, 215], [377, 222], [349, 231], [371, 288], [428, 286], [418, 314], [412, 326], [417, 344], [139, 343], [171, 295]], "interior": []}, "classId": 2, "classTitle": "Civilian"}, {"id": 82678975, "description": "", "geometryType": "polygon", "labelerLogin": "", "createdAt": "", "updatedAt": "", "tags": [], "points": {"exterior": [[4, 270], [33, 229], [24, 161], [44, 141], [49, 113], [76, 96], [59, 47], [69, 13], [101, 3], [148, 13], [162, 40], [165, 92], [194, 99], [259, 115], [254, 138], [264, 168], [262, 234], [166, 294], [139, 344], [2, 342], [4, 270]], "interior": []}, "classId": 2, "classTitle": "Civilian"}, {"id": 79003472, "description": "", "geometryType": "polygon", "labelerLogin": "", "createdAt": "", "updatedAt": "", "tags": [], "points": {"exterior": [[350, 141], [364, 117], [365, 86], [397, 4], [463, 2], [487, 66], [518, 112], [583, 183], [596, 238], [585, 315], [578, 344], [415, 344], [414, 324], [429, 284], [372, 283], [350, 235], [380, 218], [346, 150], [350, 141]], "interior": []}, "classId": 2, "classTitle": "Civilian"}]}