{"tags": [], "size": {"height": 1282, "width": 960}, "objects": [{"id": 94223190, "description": "", "geometryType": "polygon", "labelerLogin": "", "createdAt": "", "updatedAt": "", "tags": [], "points": {"exterior": [[21, 878], [171, 748], [143, 661], [175, 613], [226, 578], [222, 550], [25, 574], [2, 609], [2, 890], [21, 878]], "interior": []}, "classId": 1, "classTitle": "Officer"}, {"id": 27972619, "description": "", "geometryType": "polygon", "labelerLogin": "", "createdAt": "", "updatedAt": "", "tags": [], "points": {"exterior": [[360, 1092], [424, 1092], [483, 1211], [538, 1242], [554, 1270], [392, 1280], [376, 1242], [345, 1246], [345, 1278], [9, 1278], [5, 902], [167, 772], [155, 633], [250, 578], [364, 601], [408, 669], [416, 712], [376, 779], [349, 827], [404, 910], [404, 977], [360, 1092]], "interior": []}, "classId": 2, "classTitle": "Civilian"}]}