{"tags": [], "size": {"height": 800, "width": 1200}, "objects": [{"id": 26433854, "description": "", "geometryType": "polygon", "labelerLogin": "", "createdAt": "", "updatedAt": "", "tags": [], "points": {"exterior": [[862, 158], [833, 245], [816, 327], [800, 381], [811, 489], [816, 563], [831, 712], [838, 723], [862, 798], [934, 798], [960, 754], [969, 776], [965, 798], [1037, 798], [1054, 798], [1061, 782], [1052, 649], [1046, 590], [1050, 530], [1105, 515], [1122, 487], [1198, 425], [1198, 379], [1188, 392], [1153, 405], [1078, 447], [1059, 371], [1021, 375], [993, 358], [974, 340], [960, 313], [963, 297], [989, 279], [1024, 276], [1029, 272], [1031, 255], [1034, 247], [1034, 241], [1035, 234], [1034, 229], [1043, 218], [1040, 212], [1027, 199], [1027, 190], [1032, 174], [1036, 155], [1021, 128], [991, 114], [955, 107], [918, 106], [892, 120], [871, 140], [862, 158]], "interior": []}, "classId": 2, "classTitle": "Civilian"}, {"id": 12710105, "description": "", "geometryType": "polygon", "labelerLogin": "", "createdAt": "", "updatedAt": "", "tags": [], "points": {"exterior": [[462, 192], [427, 212], [411, 239], [408, 251], [383, 267], [366, 284], [361, 331], [351, 352], [325, 388], [325, 402], [311, 418], [297, 442], [289, 473], [284, 499], [281, 505], [277, 523], [280, 529], [274, 588], [272, 615], [275, 632], [284, 644], [344, 671], [349, 684], [342, 775], [343, 798], [617, 798], [629, 738], [631, 688], [624, 646], [612, 616], [651, 623], [713, 618], [729, 625], [744, 614], [772, 609], [805, 616], [820, 612], [842, 604], [845, 590], [847, 561], [833, 543], [820, 540], [785, 548], [766, 570], [736, 593], [716, 596], [681, 584], [654, 559], [643, 557], [639, 539], [623, 526], [592, 514], [579, 518], [570, 530], [554, 524], [512, 514], [500, 516], [491, 505], [481, 481], [470, 450], [473, 427], [480, 405], [480, 391], [502, 368], [522, 349], [551, 346], [570, 343], [575, 333], [583, 309], [590, 280], [592, 268], [586, 255], [585, 239], [568, 215], [548, 198], [525, 187], [507, 179], [486, 182], [462, 192]], "interior": []}, "classId": 2, "classTitle": "Civilian"}, {"id": 47789137, "description": "", "geometryType": "polygon", "labelerLogin": "", "createdAt": "", "updatedAt": "", "tags": [], "points": {"exterior": [[627, 203], [642, 201], [659, 218], [668, 249], [667, 273], [670, 296], [704, 303], [728, 308], [743, 331], [762, 405], [764, 439], [762, 451], [730, 442], [706, 442], [676, 434], [654, 408], [648, 395], [635, 373], [602, 346], [574, 339], [581, 324], [602, 311], [618, 296], [612, 281], [599, 268], [599, 249], [606, 221], [612, 210], [623, 204], [627, 203]], "interior": []}, "classId": 2, "classTitle": "Civilian"}, {"id": 66151410, "description": "", "geometryType": "polygon", "labelerLogin": "", "createdAt": "", "updatedAt": "", "tags": [], "points": {"exterior": [[278, 337], [282, 387], [288, 402], [281, 420], [262, 432], [256, 460], [267, 498], [278, 517], [293, 463], [298, 444], [323, 405], [327, 386], [359, 336], [367, 281], [356, 264], [339, 248], [312, 239], [293, 247], [279, 273], [278, 337]], "interior": []}, "classId": 2, "classTitle": "Civilian"}, {"id": 77427304, "description": "", "geometryType": "polygon", "labelerLogin": "", "createdAt": "", "updatedAt": "", "tags": [], "points": {"exterior": [[138, 126], [137, 104], [152, 82], [169, 74], [195, 73], [214, 83], [241, 113], [254, 133], [257, 151], [257, 169], [266, 187], [284, 198], [312, 202], [361, 229], [382, 240], [384, 215], [380, 187], [366, 143], [393, 122], [416, 88], [421, 97], [418, 122], [425, 148], [426, 164], [416, 182], [416, 229], [410, 249], [378, 276], [366, 282], [343, 249], [315, 240], [294, 245], [282, 270], [277, 362], [292, 412], [259, 434], [257, 473], [284, 528], [275, 607], [284, 644], [295, 658], [310, 701], [262, 706], [244, 666], [226, 603], [215, 551], [195, 494], [150, 456], [150, 373], [135, 368], [121, 274], [126, 250], [150, 235], [143, 158], [138, 126]], "interior": []}, "classId": 2, "classTitle": "Civilian"}, {"id": 75825513, "description": "", "geometryType": "polygon", "labelerLogin": "", "createdAt": "", "updatedAt": "", "tags": [], "points": {"exterior": [[77, 229], [77, 193], [86, 180], [103, 173], [124, 174], [134, 183], [145, 204], [151, 237], [129, 252], [121, 285], [135, 370], [154, 379], [152, 454], [196, 495], [211, 583], [235, 675], [207, 695], [143, 708], [56, 327], [56, 292], [73, 265], [77, 229]], "interior": []}, "classId": 2, "classTitle": "Civilian"}, {"id": 25449529, "description": "", "geometryType": "polygon", "labelerLogin": "", "createdAt": "", "updatedAt": "", "tags": [], "points": {"exterior": [[789, 112], [802, 114], [814, 128], [816, 142], [814, 161], [813, 174], [823, 186], [841, 192], [842, 220], [816, 329], [805, 370], [802, 409], [805, 450], [770, 455], [758, 378], [740, 323], [761, 318], [763, 292], [748, 267], [733, 242], [725, 220], [731, 200], [756, 186], [769, 181], [767, 165], [763, 148], [767, 131], [779, 117], [789, 112]], "interior": []}, "classId": 2, "classTitle": "Civilian"}, {"id": 59582763, "description": "", "geometryType": "polygon", "labelerLogin": "", "createdAt": "", "updatedAt": "", "tags": [], "points": {"exterior": [[622, 151], [654, 146], [677, 153], [692, 169], [690, 205], [712, 207], [732, 240], [766, 296], [761, 321], [738, 323], [729, 310], [673, 296], [663, 228], [649, 204], [642, 201], [616, 205], [604, 218], [604, 186], [611, 163], [622, 151]], "interior": []}, "classId": 2, "classTitle": "Civilian"}, {"id": 80300134, "description": "", "geometryType": "polygon", "labelerLogin": "", "createdAt": "", "updatedAt": "", "tags": [], "points": {"exterior": [[433, 109], [454, 110], [466, 122], [470, 145], [470, 167], [478, 185], [438, 206], [419, 224], [419, 179], [425, 164], [425, 142], [423, 124], [427, 112], [433, 109]], "interior": []}, "classId": 2, "classTitle": "Civilian"}, {"id": 35532234, "description": "", "geometryType": "polygon", "labelerLogin": "", "createdAt": "", "updatedAt": "", "tags": [], "points": {"exterior": [[269, 159], [276, 150], [299, 140], [322, 148], [335, 159], [339, 183], [364, 209], [370, 234], [315, 205], [281, 197], [265, 183], [265, 165], [269, 159]], "interior": []}, "classId": 2, "classTitle": "Civilian"}, {"id": 37934657, "description": "", "geometryType": "polygon", "labelerLogin": "", "createdAt": "", "updatedAt": "", "tags": [], "points": {"exterior": [[1147, 71], [1164, 50], [1178, 47], [1190, 47], [1198, 56], [1198, 101], [1187, 133], [1169, 187], [1173, 206], [1198, 200], [1198, 220], [1198, 262], [1168, 304], [1150, 297], [1109, 292], [1083, 274], [1103, 217], [1120, 207], [1122, 163], [1123, 123], [1141, 106], [1147, 71]], "interior": []}, "classId": 2, "classTitle": "Civilian"}, {"id": 56470728, "description": "", "geometryType": "polygon", "labelerLogin": "", "createdAt": "", "updatedAt": "", "tags": [], "points": {"exterior": [[1005, 104], [1023, 100], [1042, 100], [1063, 117], [1069, 141], [1070, 159], [1068, 172], [1079, 180], [1096, 180], [1097, 134], [1086, 112], [1086, 98], [1102, 91], [1114, 106], [1118, 137], [1123, 159], [1122, 199], [1122, 206], [1105, 218], [1042, 214], [1029, 196], [1036, 159], [1027, 131], [985, 114], [1005, 104]], "interior": []}, "classId": 2, "classTitle": "Civilian"}]}