{"tags": [], "size": {"height": 799, "width": 799}, "objects": [{"id": 98174175, "description": "", "geometryType": "polygon", "labelerLogin": "", "createdAt": "", "updatedAt": "", "tags": [], "points": {"exterior": [[247, 747], [249, 298], [269, 264], [259, 247], [259, 192], [276, 131], [358, 131], [390, 113], [436, 113], [397, 131], [422, 136], [449, 165], [377, 175], [377, 187], [395, 217], [382, 239], [397, 276], [402, 757], [348, 774], [276, 774], [247, 747]], "interior": []}, "classId": 5, "classTitle": "Pepper Spray"}]}