{"tags": [], "size": {"height": 320, "width": 576}, "objects": [{"id": 98960948, "description": "", "geometryType": "polygon", "labelerLogin": "", "createdAt": "", "updatedAt": "", "tags": [], "points": {"exterior": [[198, 22], [178, 26], [172, 45], [169, 67], [141, 78], [127, 115], [136, 148], [151, 168], [159, 225], [157, 282], [156, 315], [175, 311], [191, 211], [192, 291], [196, 318], [221, 317], [223, 204], [241, 193], [248, 164], [235, 107], [221, 63], [199, 45], [202, 28], [198, 22]], "interior": []}, "classId": 2, "classTitle": "Civilian"}, {"id": 76803000, "description": "", "geometryType": "polygon", "labelerLogin": "", "createdAt": "", "updatedAt": "", "tags": [], "points": {"exterior": [[88, 63], [75, 71], [60, 90], [48, 116], [59, 150], [64, 179], [70, 215], [68, 238], [68, 266], [72, 275], [85, 275], [96, 275], [98, 252], [101, 215], [100, 173], [95, 140], [93, 106], [91, 91], [88, 63]], "interior": []}, "classId": 2, "classTitle": "Civilian"}, {"id": 50477760, "description": "", "geometryType": "polygon", "labelerLogin": "", "createdAt": "", "updatedAt": "", "tags": [], "points": {"exterior": [[514, 184], [492, 195], [487, 227], [481, 248], [445, 269], [432, 311], [512, 318], [558, 312], [549, 253], [530, 215], [524, 199], [514, 184]], "interior": []}, "classId": 2, "classTitle": "Civilian"}, {"id": 79778487, "description": "", "geometryType": "polygon", "labelerLogin": "", "createdAt": "", "updatedAt": "", "tags": [], "points": {"exterior": [[406, 55], [398, 68], [395, 82], [392, 113], [391, 136], [391, 160], [386, 170], [385, 175], [397, 172], [398, 159], [404, 133], [410, 136], [410, 159], [415, 167], [425, 156], [421, 115], [422, 93], [421, 72], [414, 61], [406, 55]], "interior": []}, "classId": 2, "classTitle": "Civilian"}, {"id": 86763900, "description": "", "geometryType": "polygon", "labelerLogin": "", "createdAt": "", "updatedAt": "", "tags": [], "points": {"exterior": [[439, 61], [430, 68], [435, 85], [431, 109], [435, 128], [449, 138], [458, 122], [451, 80], [444, 70], [439, 61]], "interior": []}, "classId": 2, "classTitle": "Civilian"}, {"id": 85729377, "description": "", "geometryType": "polygon", "labelerLogin": "", "createdAt": "", "updatedAt": "", "tags": [], "points": {"exterior": [[322, 63], [315, 64], [310, 75], [298, 83], [302, 109], [305, 132], [304, 150], [298, 163], [299, 172], [310, 174], [314, 142], [318, 132], [325, 148], [323, 168], [324, 177], [338, 176], [348, 170], [333, 154], [329, 130], [326, 102], [327, 79], [325, 70], [322, 63]], "interior": []}, "classId": 2, "classTitle": "Civilian"}, {"id": 24103688, "description": "", "geometryType": "polygon", "labelerLogin": "", "createdAt": "", "updatedAt": "", "tags": [], "points": {"exterior": [[256, 122], [266, 131], [268, 145], [277, 159], [284, 176], [290, 182], [298, 184], [294, 187], [286, 184], [271, 159], [263, 174], [257, 192], [247, 193], [242, 185], [251, 163], [244, 139], [250, 122], [254, 122], [256, 122]], "interior": []}, "classId": 2, "classTitle": "Civilian"}]}