{"tags": [], "size": {"height": 540, "width": 960}, "objects": [{"id": 55569682, "description": "", "geometryType": "polygon", "labelerLogin": "", "createdAt": "", "updatedAt": "", "tags": [], "points": {"exterior": [[45, 100], [73, 85], [108, 82], [123, 115], [112, 160], [125, 183], [142, 150], [162, 167], [152, 210], [142, 248], [118, 255], [110, 347], [92, 537], [53, 532], [57, 477], [25, 453], [45, 100]], "interior": []}, "classId": 2, "classTitle": "Civilian"}, {"id": 86094576, "description": "", "geometryType": "polygon", "labelerLogin": "", "createdAt": "", "updatedAt": "", "tags": [], "points": {"exterior": [[160, 533], [143, 405], [160, 203], [200, 125], [238, 88], [272, 88], [295, 117], [282, 162], [253, 193], [258, 363], [237, 485], [217, 538], [160, 533]], "interior": []}, "classId": 2, "classTitle": "Civilian"}, {"id": 23153522, "description": "", "geometryType": "polygon", "labelerLogin": "", "createdAt": "", "updatedAt": "", "tags": [], "points": {"exterior": [[320, 442], [317, 370], [332, 300], [302, 205], [303, 168], [318, 157], [318, 108], [345, 102], [360, 118], [363, 153], [365, 197], [375, 317], [355, 402], [365, 433], [393, 462], [350, 470], [327, 463], [320, 442]], "interior": []}, "classId": 2, "classTitle": "Civilian"}, {"id": 82535500, "description": "", "geometryType": "polygon", "labelerLogin": "", "createdAt": "", "updatedAt": "", "tags": [], "points": {"exterior": [[290, 535], [262, 405], [257, 195], [288, 168], [283, 92], [298, 95], [308, 163], [298, 203], [322, 268], [317, 475], [320, 537], [290, 535]], "interior": []}, "classId": 2, "classTitle": "Civilian"}, {"id": 51170244, "description": "", "geometryType": "polygon", "labelerLogin": "", "createdAt": "", "updatedAt": "", "tags": [], "points": {"exterior": [[697, 263], [740, 198], [778, 183], [775, 160], [778, 112], [812, 83], [847, 88], [860, 120], [870, 145], [862, 183], [895, 198], [935, 227], [953, 237], [958, 300], [905, 297], [902, 393], [922, 377], [932, 408], [898, 460], [897, 537], [775, 538], [757, 433], [730, 423], [683, 305], [697, 263]], "interior": []}, "classId": 1, "classTitle": "Officer"}, {"id": 17584671, "description": "", "geometryType": "polygon", "labelerLogin": "", "createdAt": "", "updatedAt": "", "tags": [], "points": {"exterior": [[635, 502], [657, 390], [638, 372], [637, 312], [653, 243], [608, 238], [573, 213], [550, 206], [548, 190], [563, 187], [565, 180], [573, 184], [571, 189], [623, 215], [648, 210], [674, 212], [673, 190], [667, 134], [686, 124], [702, 125], [725, 166], [727, 172], [722, 197], [727, 221], [687, 303], [713, 387], [703, 400], [690, 503], [665, 513], [630, 508], [635, 502]], "interior": []}, "classId": 1, "classTitle": "Officer"}, {"id": 74231790, "description": "", "geometryType": "polygon", "labelerLogin": "", "createdAt": "", "updatedAt": "", "tags": [], "points": {"exterior": [[555, 186], [558, 173], [568, 173], [570, 185], [566, 217], [560, 219], [555, 186]], "interior": []}, "classId": 5, "classTitle": "Pepper Spray"}]}