{"tags": [], "size": {"height": 1023, "width": 703}, "objects": [{"id": 23362764, "description": "", "geometryType": "polygon", "labelerLogin": "", "createdAt": "", "updatedAt": "", "tags": [], "points": {"exterior": [[624, 147], [641, 223], [627, 277], [612, 311], [610, 328], [607, 345], [595, 367], [559, 390], [530, 401], [522, 432], [544, 478], [391, 854], [391, 893], [357, 964], [272, 992], [187, 984], [148, 961], [122, 941], [88, 907], [77, 879], [77, 842], [77, 828], [219, 362], [250, 322], [275, 317], [241, 283], [236, 252], [264, 158], [295, 59], [321, 37], [355, 28], [374, 28], [397, 28], [476, 57], [624, 147]], "interior": []}, "classId": 5, "classTitle": "Pepper Spray"}]}