{"tags": [], "size": {"height": 433, "width": 758}, "objects": [{"id": 73141056, "description": "", "geometryType": "polygon", "labelerLogin": "", "createdAt": "", "updatedAt": "", "tags": [], "points": {"exterior": [[434, 70], [427, 77], [423, 86], [419, 88], [412, 88], [383, 92], [367, 99], [357, 109], [340, 132], [335, 141], [340, 146], [340, 154], [330, 195], [324, 215], [323, 225], [332, 241], [348, 252], [363, 235], [371, 233], [383, 227], [405, 210], [424, 199], [449, 196], [465, 195], [478, 184], [487, 180], [490, 159], [488, 127], [482, 116], [478, 110], [485, 99], [491, 93], [494, 87], [494, 79], [491, 69], [437, 68], [434, 70]], "interior": []}, "classId": 1, "classTitle": "Officer"}, {"id": 43867107, "description": "", "geometryType": "polygon", "labelerLogin": "", "createdAt": "", "updatedAt": "", "tags": [], "points": {"exterior": [[498, 180], [522, 194], [536, 205], [546, 209], [551, 214], [558, 229], [559, 254], [550, 277], [540, 285], [536, 301], [535, 326], [534, 352], [530, 363], [527, 368], [521, 431], [501, 429], [488, 404], [409, 407], [372, 406], [346, 399], [340, 396], [333, 346], [329, 336], [321, 327], [319, 317], [321, 308], [329, 297], [339, 290], [345, 275], [349, 254], [364, 236], [372, 232], [385, 226], [415, 205], [425, 200], [445, 197], [464, 196], [472, 188], [487, 180], [498, 180]], "interior": []}, "classId": 2, "classTitle": "Civilian"}]}