{"tags": [], "size": {"height": 900, "width": 1200}, "objects": [{"id": 31869660, "description": "", "geometryType": "polygon", "labelerLogin": "", "createdAt": "", "updatedAt": "", "tags": [], "points": {"exterior": [[615, 333], [594, 361], [573, 415], [564, 466], [572, 604], [574, 667], [552, 767], [560, 793], [638, 742], [654, 693], [669, 550], [663, 497], [677, 480], [676, 439], [668, 413], [658, 396], [708, 382], [719, 378], [713, 364], [689, 371], [645, 382], [641, 364], [633, 344], [618, 339], [615, 333]], "interior": []}, "classId": 2, "classTitle": "Civilian"}, {"id": 75343252, "description": "", "geometryType": "polygon", "labelerLogin": "", "createdAt": "", "updatedAt": "", "tags": [], "points": {"exterior": [[461, 262], [425, 285], [442, 308], [434, 342], [411, 393], [430, 507], [434, 537], [431, 592], [420, 686], [425, 737], [430, 747], [470, 745], [489, 740], [492, 675], [505, 541], [501, 444], [478, 346], [488, 315], [475, 271], [461, 262]], "interior": []}, "classId": 2, "classTitle": "Civilian"}, {"id": 70924430, "description": "", "geometryType": "polygon", "labelerLogin": "", "createdAt": "", "updatedAt": "", "tags": [], "points": {"exterior": [[492, 335], [507, 348], [516, 400], [538, 396], [558, 397], [556, 460], [553, 540], [559, 650], [532, 721], [538, 754], [553, 776], [533, 780], [501, 762], [501, 701], [492, 619], [502, 497], [498, 423], [484, 357], [482, 337], [491, 340], [492, 335]], "interior": []}, "classId": 2, "classTitle": "Civilian"}, {"id": 22507970, "description": "", "geometryType": "polygon", "labelerLogin": "", "createdAt": "", "updatedAt": "", "tags": [], "points": {"exterior": [[205, 353], [177, 371], [192, 414], [176, 450], [197, 463], [222, 490], [242, 550], [263, 548], [273, 470], [250, 416], [261, 389], [297, 315], [322, 291], [308, 269], [290, 312], [251, 382], [238, 361], [213, 355], [205, 353]], "interior": []}, "classId": 2, "classTitle": "Civilian"}, {"id": 85068211, "description": "", "geometryType": "polygon", "labelerLogin": "", "createdAt": "", "updatedAt": "", "tags": [], "points": {"exterior": [[76, 330], [67, 380], [58, 425], [63, 484], [72, 510], [120, 511], [177, 483], [152, 416], [132, 393], [123, 353], [95, 339], [76, 330]], "interior": []}, "classId": 2, "classTitle": "Civilian"}, {"id": 92768041, "description": "", "geometryType": "polygon", "labelerLogin": "", "createdAt": "", "updatedAt": "", "tags": [], "points": {"exterior": [[76, 247], [62, 268], [79, 301], [95, 324], [120, 345], [138, 341], [166, 322], [151, 296], [121, 270], [104, 259], [93, 253], [76, 247]], "interior": []}, "classId": 2, "classTitle": "Civilian"}, {"id": 77069229, "description": "", "geometryType": "polygon", "labelerLogin": "", "createdAt": "", "updatedAt": "", "tags": [], "points": {"exterior": [[313, 543], [276, 551], [256, 585], [245, 612], [215, 629], [189, 663], [227, 696], [283, 713], [326, 702], [319, 628], [317, 576], [313, 543]], "interior": []}, "classId": 2, "classTitle": "Civilian"}, {"id": 33465996, "description": "", "geometryType": "polygon", "labelerLogin": "", "createdAt": "", "updatedAt": "", "tags": [], "points": {"exterior": [[364, 704], [343, 723], [341, 748], [362, 766], [400, 759], [403, 717], [386, 702], [364, 704]], "interior": []}, "classId": 2, "classTitle": "Civilian"}, {"id": 17090200, "description": "", "geometryType": "polygon", "labelerLogin": "", "createdAt": "", "updatedAt": "", "tags": [], "points": {"exterior": [[313, 720], [272, 724], [250, 766], [264, 808], [287, 826], [309, 803], [335, 789], [343, 741], [313, 720]], "interior": []}, "classId": 2, "classTitle": "Civilian"}]}