{"tags": [], "size": {"height": 640, "width": 500}, "objects": [{"id": 54399475, "description": "", "geometryType": "polygon", "labelerLogin": "", "createdAt": "", "updatedAt": "", "tags": [], "points": {"exterior": [[98, 600], [74, 269], [96, 223], [60, 198], [70, 180], [100, 194], [82, 124], [94, 87], [187, 69], [256, 105], [264, 128], [341, 261], [349, 310], [376, 346], [400, 354], [416, 399], [394, 423], [301, 429], [295, 363], [278, 324], [301, 298], [303, 263], [266, 275], [287, 251], [279, 227], [268, 225], [226, 227], [206, 200], [183, 203], [177, 237], [206, 251], [228, 280], [232, 296], [242, 597], [199, 630], [137, 630], [98, 600]], "interior": []}, "classId": 5, "classTitle": "Pepper Spray"}]}