{"tags": [], "size": {"height": 591, "width": 1024}, "objects": [{"id": 69245899, "description": "", "geometryType": "polygon", "labelerLogin": "", "createdAt": "", "updatedAt": "", "tags": [], "points": {"exterior": [[80, 589], [74, 511], [147, 476], [202, 461], [236, 438], [318, 430], [362, 387], [360, 296], [366, 210], [357, 137], [366, 111], [318, 55], [355, 7], [413, 7], [503, 2], [555, 31], [626, 42], [665, 86], [710, 117], [692, 182], [650, 182], [637, 250], [643, 279], [601, 345], [586, 359], [628, 429], [736, 452], [752, 471], [874, 513], [889, 587], [80, 589]], "interior": []}, "classId": 1, "classTitle": "Officer"}, {"id": 23850096, "description": "", "geometryType": "polygon", "labelerLogin": "", "createdAt": "", "updatedAt": "", "tags": [], "points": {"exterior": [[5, 390], [76, 312], [65, 217], [109, 53], [191, 40], [273, 80], [280, 182], [307, 274], [329, 319], [362, 368], [317, 432], [253, 440], [198, 467], [89, 507], [71, 518], [76, 586], [2, 587], [5, 390]], "interior": []}, "classId": 1, "classTitle": "Officer"}]}