{"tags": [], "size": {"height": 675, "width": 1200}, "objects": [{"id": 93935516, "description": "", "geometryType": "polygon", "labelerLogin": "", "createdAt": "", "updatedAt": "", "tags": [], "points": {"exterior": [[1050, 662], [1039, 617], [1080, 594], [1009, 435], [955, 362], [834, 302], [834, 278], [754, 115], [699, 50], [581, 76], [533, 119], [524, 167], [527, 313], [532, 320], [551, 336], [562, 340], [492, 394], [467, 412], [435, 599], [463, 621], [465, 671], [1050, 662]], "interior": []}, "classId": 2, "classTitle": "Civilian"}, {"id": 55922975, "description": "", "geometryType": "polygon", "labelerLogin": "", "createdAt": "", "updatedAt": "", "tags": [], "points": {"exterior": [[1190, 93], [1155, 35], [1136, 18], [1127, 7], [945, 2], [888, 88], [856, 308], [884, 325], [942, 358], [972, 390], [1040, 518], [1063, 562], [1085, 589], [1036, 616], [1047, 664], [1105, 664], [1198, 666], [1198, 509], [1196, 459], [1198, 100], [1190, 93]], "interior": []}, "classId": 1, "classTitle": "Officer"}, {"id": 39805716, "description": "", "geometryType": "polygon", "labelerLogin": "", "createdAt": "", "updatedAt": "", "tags": [], "points": {"exterior": [[219, 666], [129, 429], [73, 369], [2, 297], [2, 673], [219, 666]], "interior": []}, "classId": 1, "classTitle": "Officer"}]}