{"tags": [], "size": {"height": 533, "width": 800}, "objects": [{"id": 74758087, "description": "", "geometryType": "polygon", "labelerLogin": "", "createdAt": "", "updatedAt": "", "tags": [], "points": {"exterior": [[276, 250], [270, 285], [249, 297], [245, 324], [229, 430], [210, 512], [210, 529], [245, 531], [299, 531], [348, 531], [391, 531], [424, 531], [455, 529], [455, 474], [461, 424], [469, 328], [446, 316], [440, 266], [389, 262], [342, 254], [301, 250], [284, 250], [276, 250]], "interior": []}, "classId": 5, "classTitle": "Pepper Spray"}]}