{"tags": [], "size": {"height": 185, "width": 308}, "objects": [{"id": 45327569, "description": "", "geometryType": "polygon", "labelerLogin": "", "createdAt": "", "updatedAt": "", "tags": [], "points": {"exterior": [[190, 124], [257, 126], [257, 129], [189, 127], [190, 124]], "interior": []}, "classId": 6, "classTitle": "Baton"}, {"id": 38691466, "description": "", "geometryType": "polygon", "labelerLogin": "", "createdAt": "", "updatedAt": "", "tags": [], "points": {"exterior": [[302, 129], [284, 130], [284, 127], [303, 126], [302, 129]], "interior": []}, "classId": 6, "classTitle": "Baton"}, {"id": 88433856, "description": "", "geometryType": "polygon", "labelerLogin": "", "createdAt": "", "updatedAt": "", "tags": [], "points": {"exterior": [[280, 122], [258, 85], [261, 82], [284, 119], [280, 122]], "interior": []}, "classId": 6, "classTitle": "Baton"}, {"id": 42903966, "description": "", "geometryType": "polygon", "labelerLogin": "", "createdAt": "", "updatedAt": "", "tags": [], "points": {"exterior": [[294, 111], [303, 103], [306, 105], [296, 113], [294, 111]], "interior": []}, "classId": 6, "classTitle": "Baton"}, {"id": 34295687, "description": "", "geometryType": "polygon", "labelerLogin": "", "createdAt": "", "updatedAt": "", "tags": [], "points": {"exterior": [[188, 113], [202, 102], [204, 105], [189, 115], [188, 113]], "interior": []}, "classId": 6, "classTitle": "Baton"}, {"id": 19529627, "description": "", "geometryType": "polygon", "labelerLogin": "", "createdAt": "", "updatedAt": "", "tags": [], "points": {"exterior": [[182, 107], [172, 90], [175, 88], [185, 106], [183, 106], [182, 107]], "interior": []}, "classId": 6, "classTitle": "Baton"}, {"id": 82483857, "description": "", "geometryType": "polygon", "labelerLogin": "", "createdAt": "", "updatedAt": "", "tags": [], "points": {"exterior": [[289, 163], [290, 144], [292, 125], [291, 106], [297, 92], [292, 84], [297, 77], [298, 66], [306, 66], [303, 135], [303, 154], [297, 163], [295, 166], [288, 166], [289, 163]], "interior": []}, "classId": 1, "classTitle": "Officer"}, {"id": 70824396, "description": "", "geometryType": "polygon", "labelerLogin": "", "createdAt": "", "updatedAt": "", "tags": [], "points": {"exterior": [[235, 85], [244, 79], [245, 66], [251, 62], [258, 66], [262, 78], [260, 102], [269, 148], [265, 164], [258, 140], [251, 131], [249, 139], [245, 166], [235, 168], [242, 130], [248, 111], [245, 92], [238, 87], [235, 85]], "interior": []}, "classId": 1, "classTitle": "Officer"}, {"id": 16461103, "description": "", "geometryType": "polygon", "labelerLogin": "", "createdAt": "", "updatedAt": "", "tags": [], "points": {"exterior": [[207, 166], [208, 145], [204, 137], [211, 128], [202, 120], [206, 92], [218, 85], [221, 73], [225, 70], [236, 73], [236, 84], [246, 92], [249, 109], [241, 133], [238, 148], [235, 148], [232, 178], [226, 177], [224, 139], [216, 151], [216, 177], [202, 178], [200, 174], [206, 173], [207, 166]], "interior": []}, "classId": 1, "classTitle": "Officer"}, {"id": 14406610, "description": "", "geometryType": "polygon", "labelerLogin": "", "createdAt": "", "updatedAt": "", "tags": [], "points": {"exterior": [[243, 171], [249, 163], [250, 135], [254, 114], [249, 97], [248, 86], [257, 75], [263, 71], [263, 64], [271, 58], [277, 60], [280, 75], [296, 87], [297, 101], [290, 112], [289, 121], [284, 126], [287, 137], [277, 145], [277, 162], [276, 171], [268, 173], [269, 143], [263, 132], [257, 165], [258, 172], [247, 174], [243, 171]], "interior": []}, "classId": 1, "classTitle": "Officer"}, {"id": 86877653, "description": "", "geometryType": "polygon", "labelerLogin": "", "createdAt": "", "updatedAt": "", "tags": [], "points": {"exterior": [[183, 78], [187, 72], [198, 73], [201, 82], [201, 86], [209, 92], [204, 123], [202, 163], [202, 168], [195, 165], [193, 132], [186, 167], [176, 166], [180, 148], [185, 110], [193, 100], [191, 89], [183, 78]], "interior": []}, "classId": 1, "classTitle": "Officer"}, {"id": 56830603, "description": "", "geometryType": "polygon", "labelerLogin": "", "createdAt": "", "updatedAt": "", "tags": [], "points": {"exterior": [[161, 172], [165, 162], [161, 137], [156, 130], [156, 116], [154, 111], [153, 84], [160, 75], [158, 64], [160, 56], [166, 56], [172, 63], [175, 72], [189, 86], [194, 100], [184, 115], [190, 165], [197, 173], [191, 176], [184, 174], [176, 140], [172, 133], [173, 174], [161, 172]], "interior": []}, "classId": 1, "classTitle": "Officer"}, {"id": 90799551, "description": "", "geometryType": "polygon", "labelerLogin": "", "createdAt": "", "updatedAt": "", "tags": [], "points": {"exterior": [[175, 66], [179, 64], [184, 68], [185, 78], [184, 81], [175, 73], [175, 66]], "interior": []}, "classId": 1, "classTitle": "Officer"}, {"id": 78266313, "description": "", "geometryType": "polygon", "labelerLogin": "", "createdAt": "", "updatedAt": "", "tags": [], "points": {"exterior": [[101, 158], [97, 132], [95, 117], [91, 113], [96, 101], [97, 88], [110, 77], [108, 63], [112, 56], [119, 54], [124, 57], [130, 69], [138, 72], [143, 61], [151, 68], [151, 183], [101, 183], [101, 158]], "interior": []}, "classId": 2, "classTitle": "Civilian"}, {"id": 98996538, "description": "", "geometryType": "polygon", "labelerLogin": "", "createdAt": "", "updatedAt": "", "tags": [], "points": {"exterior": [[38, 183], [39, 160], [37, 150], [40, 141], [25, 132], [22, 124], [32, 111], [43, 101], [52, 100], [55, 94], [57, 80], [58, 78], [65, 72], [72, 70], [76, 75], [78, 82], [89, 88], [95, 82], [99, 96], [91, 118], [83, 137], [78, 137], [82, 183], [38, 183]], "interior": []}, "classId": 2, "classTitle": "Civilian"}, {"id": 75880749, "description": "", "geometryType": "polygon", "labelerLogin": "", "createdAt": "", "updatedAt": "", "tags": [], "points": {"exterior": [[83, 168], [86, 166], [88, 182], [95, 183], [99, 159], [91, 131], [97, 128], [97, 110], [82, 136], [80, 142], [83, 168]], "interior": []}, "classId": 2, "classTitle": "Civilian"}, {"id": 92029709, "description": "", "geometryType": "polygon", "labelerLogin": "", "createdAt": "", "updatedAt": "", "tags": [], "points": {"exterior": [[2, 45], [11, 47], [19, 51], [21, 63], [21, 77], [25, 89], [35, 100], [46, 107], [50, 117], [65, 121], [70, 129], [63, 136], [41, 146], [25, 154], [23, 155], [27, 183], [2, 183], [2, 45]], "interior": []}, "classId": 2, "classTitle": "Civilian"}]}