{"tags": [], "size": {"height": 1043, "width": 1300}, "objects": [{"id": 19362584, "description": "", "geometryType": "polygon", "labelerLogin": "", "createdAt": "", "updatedAt": "", "tags": [], "points": {"exterior": [[628, 580], [610, 585], [607, 606], [601, 620], [589, 698], [598, 703], [607, 703], [616, 701], [632, 621], [627, 612], [631, 594], [641, 588], [640, 580], [628, 580]], "interior": []}, "classId": 5, "classTitle": "Pepper Spray"}, {"id": 17857486, "description": "", "geometryType": "polygon", "labelerLogin": "", "createdAt": "", "updatedAt": "", "tags": [], "points": {"exterior": [[755, 953], [774, 793], [729, 722], [768, 603], [735, 565], [671, 607], [665, 632], [629, 623], [623, 574], [719, 507], [771, 472], [780, 443], [800, 424], [784, 395], [774, 340], [739, 315], [755, 295], [796, 289], [835, 273], [880, 282], [893, 324], [912, 369], [941, 379], [980, 430], [973, 469], [976, 610], [970, 767], [941, 780], [912, 956], [755, 953]], "interior": []}, "classId": 2, "classTitle": "Civilian"}, {"id": 35317984, "description": "", "geometryType": "polygon", "labelerLogin": "", "createdAt": "", "updatedAt": "", "tags": [], "points": {"exterior": [[254, 944], [241, 915], [247, 866], [199, 895], [160, 844], [154, 754], [196, 684], [234, 671], [282, 581], [299, 546], [279, 507], [286, 465], [260, 427], [282, 414], [302, 411], [347, 427], [379, 430], [411, 507], [412, 517], [474, 480], [516, 450], [533, 431], [540, 436], [526, 455], [534, 455], [562, 441], [575, 451], [578, 470], [539, 486], [531, 493], [554, 501], [554, 510], [517, 509], [487, 517], [414, 586], [408, 639], [404, 645], [430, 709], [421, 899], [398, 908], [405, 953], [254, 944]], "interior": []}, "classId": 2, "classTitle": "Civilian"}]}