{"tags": [], "size": {"height": 260, "width": 363}, "objects": [{"id": 11597277, "description": "", "geometryType": "polygon", "labelerLogin": "", "createdAt": "", "updatedAt": "", "tags": [], "points": {"exterior": [[80, 214], [93, 86], [101, 73], [115, 67], [128, 70], [184, 88], [169, 228], [167, 245], [74, 242], [80, 214]], "interior": []}, "classId": 3, "classTitle": "Riot Shield"}, {"id": 93227507, "description": "", "geometryType": "polygon", "labelerLogin": "", "createdAt": "", "updatedAt": "", "tags": [], "points": {"exterior": [[236, 202], [237, 73], [245, 71], [258, 70], [279, 67], [297, 69], [295, 180], [295, 245], [234, 244], [236, 202]], "interior": []}, "classId": 3, "classTitle": "Riot Shield"}, {"id": 83664503, "description": "", "geometryType": "polygon", "labelerLogin": "", "createdAt": "", "updatedAt": "", "tags": [], "points": {"exterior": [[152, 133], [228, 223], [226, 225], [217, 226], [147, 135], [149, 132], [152, 133]], "interior": []}, "classId": 6, "classTitle": "Baton"}, {"id": 84472893, "description": "", "geometryType": "polygon", "labelerLogin": "", "createdAt": "", "updatedAt": "", "tags": [], "points": {"exterior": [[11, 76], [17, 63], [22, 55], [35, 50], [51, 50], [70, 55], [86, 73], [91, 88], [92, 99], [89, 104], [84, 147], [97, 148], [128, 176], [136, 186], [154, 218], [166, 244], [2, 242], [4, 120], [9, 109], [7, 88], [11, 76]], "interior": []}, "classId": 1, "classTitle": "Officer"}, {"id": 25729746, "description": "", "geometryType": "polygon", "labelerLogin": "", "createdAt": "", "updatedAt": "", "tags": [], "points": {"exterior": [[89, 61], [96, 55], [102, 54], [110, 55], [120, 60], [125, 70], [127, 105], [146, 126], [161, 175], [163, 245], [97, 244], [85, 69], [89, 61]], "interior": []}, "classId": 1, "classTitle": "Officer"}, {"id": 83691247, "description": "", "geometryType": "polygon", "labelerLogin": "", "createdAt": "", "updatedAt": "", "tags": [], "points": {"exterior": [[195, 93], [188, 74], [185, 56], [191, 46], [200, 35], [210, 31], [222, 34], [231, 44], [237, 56], [235, 95], [231, 106], [245, 115], [253, 160], [255, 247], [169, 244], [164, 136], [167, 118], [179, 109], [194, 100], [195, 93]], "interior": []}, "classId": 1, "classTitle": "Officer"}, {"id": 83085810, "description": "", "geometryType": "polygon", "labelerLogin": "", "createdAt": "", "updatedAt": "", "tags": [], "points": {"exterior": [[262, 76], [276, 63], [292, 65], [307, 76], [313, 92], [317, 119], [333, 147], [340, 159], [332, 189], [331, 247], [275, 245], [274, 139], [276, 132], [260, 99], [260, 87], [262, 76]], "interior": []}, "classId": 1, "classTitle": "Officer"}, {"id": 41860983, "description": "", "geometryType": "polygon", "labelerLogin": "", "createdAt": "", "updatedAt": "", "tags": [], "points": {"exterior": [[161, 95], [163, 78], [167, 74], [175, 74], [181, 80], [184, 104], [168, 118], [163, 147], [148, 129], [146, 124], [153, 116], [155, 107], [161, 102], [161, 95]], "interior": []}, "classId": 1, "classTitle": "Officer"}]}