{"tags": [], "size": {"height": 225, "width": 238}, "objects": [{"id": 29213472, "description": "", "geometryType": "polygon", "labelerLogin": "", "createdAt": "", "updatedAt": "", "tags": [], "points": {"exterior": [[64, 2], [236, 2], [236, 2], [236, 2], [236, 56], [236, 88], [236, 139], [236, 181], [236, 223], [165, 223], [65, 223], [65, 222], [64, 216], [64, 197], [66, 192], [71, 192], [73, 170], [74, 154], [68, 153], [66, 131], [63, 122], [56, 111], [57, 104], [59, 92], [62, 58], [61, 30], [64, 2]], "interior": []}, "classId": 2, "classTitle": "Civilian"}]}