{"tags": [], "size": {"height": 407, "width": 612}, "objects": [{"id": 72982963, "description": "", "geometryType": "polygon", "labelerLogin": "", "createdAt": "", "updatedAt": "", "tags": [], "points": {"exterior": [[512, 178], [520, 256], [511, 266], [457, 281], [412, 283], [385, 280], [367, 268], [326, 147], [313, 115], [284, 20], [291, 14], [315, 7], [334, 2], [483, 2], [498, 85], [511, 175], [512, 178]], "interior": []}, "classId": 3, "classTitle": "Riot Shield"}, {"id": 82788561, "description": "", "geometryType": "polygon", "labelerLogin": "", "createdAt": "", "updatedAt": "", "tags": [], "points": {"exterior": [[200, 155], [162, 86], [148, 97], [135, 120], [131, 141], [131, 148], [182, 265], [217, 319], [221, 320], [262, 278], [265, 265], [212, 173], [200, 155]], "interior": []}, "classId": 3, "classTitle": "Riot Shield"}]}