{"tags": [], "size": {"height": 250, "width": 374}, "objects": [{"id": 79148388, "description": "", "geometryType": "polygon", "labelerLogin": "", "createdAt": "", "updatedAt": "", "tags": [], "points": {"exterior": [[213, 145], [210, 140], [15, 31], [15, 22], [26, 14], [216, 132], [224, 134], [216, 146], [213, 145]], "interior": []}, "classId": 6, "classTitle": "Baton"}, {"id": 47354418, "description": "", "geometryType": "polygon", "labelerLogin": "", "createdAt": "", "updatedAt": "", "tags": [], "points": {"exterior": [[233, 207], [231, 58], [247, 43], [321, 41], [326, 47], [328, 60], [327, 213], [285, 217], [243, 216], [233, 207]], "interior": []}, "classId": 3, "classTitle": "Riot Shield"}, {"id": 65004980, "description": "", "geometryType": "polygon", "labelerLogin": "", "createdAt": "", "updatedAt": "", "tags": [], "points": {"exterior": [[257, 248], [248, 219], [255, 173], [264, 163], [258, 152], [242, 156], [237, 143], [240, 122], [256, 90], [264, 87], [264, 60], [269, 43], [278, 34], [293, 33], [303, 44], [307, 75], [322, 76], [333, 111], [325, 134], [331, 146], [326, 164], [322, 164], [318, 182], [334, 245], [297, 248], [289, 214], [283, 241], [283, 248], [257, 248]], "interior": []}, "classId": 1, "classTitle": "Officer"}, {"id": 29450765, "description": "", "geometryType": "polygon", "labelerLogin": "", "createdAt": "", "updatedAt": "", "tags": [], "points": {"exterior": [[30, 246], [36, 134], [52, 92], [72, 77], [91, 46], [111, 2], [140, 14], [163, 38], [169, 58], [151, 97], [141, 110], [129, 119], [138, 130], [169, 138], [172, 124], [190, 105], [205, 111], [216, 126], [209, 137], [202, 156], [202, 162], [190, 177], [159, 213], [136, 229], [137, 248], [34, 248], [30, 246]], "interior": []}, "classId": 2, "classTitle": "Civilian"}]}