{"tags": [], "size": {"height": 564, "width": 564}, "objects": [{"id": 55036416, "description": "", "geometryType": "polygon", "labelerLogin": "", "createdAt": "", "updatedAt": "", "tags": [], "points": {"exterior": [[173, 52], [218, 29], [363, 26], [391, 43], [394, 159], [394, 167], [391, 170], [394, 181], [394, 201], [396, 231], [399, 233], [399, 241], [396, 243], [394, 256], [393, 274], [392, 294], [392, 351], [393, 482], [382, 497], [361, 514], [325, 529], [286, 539], [238, 538], [208, 533], [186, 526], [171, 512], [171, 387], [168, 228], [173, 52]], "interior": []}, "classId": 3, "classTitle": "Riot Shield"}]}