{"tags": [], "size": {"height": 250, "width": 250}, "objects": [{"id": 65901049, "description": "", "geometryType": "polygon", "labelerLogin": "", "createdAt": "", "updatedAt": "", "tags": [], "points": {"exterior": [[65, 205], [68, 178], [62, 152], [48, 131], [36, 127], [20, 139], [11, 158], [13, 191], [19, 211], [32, 224], [46, 231], [63, 225], [65, 205]], "interior": []}, "classId": 6, "classTitle": "Baton"}, {"id": 54798745, "description": "", "geometryType": "polygon", "labelerLogin": "", "createdAt": "", "updatedAt": "", "tags": [], "points": {"exterior": [[200, 203], [188, 191], [176, 175], [173, 148], [166, 133], [173, 110], [186, 95], [210, 87], [222, 86], [239, 89], [248, 92], [248, 219], [226, 216], [211, 210], [200, 203]], "interior": []}, "classId": 3, "classTitle": "Riot Shield"}, {"id": 58414333, "description": "", "geometryType": "polygon", "labelerLogin": "", "createdAt": "", "updatedAt": "", "tags": [], "points": {"exterior": [[69, 209], [79, 220], [90, 230], [108, 237], [127, 237], [150, 230], [166, 217], [175, 193], [179, 175], [174, 148], [164, 133], [148, 119], [122, 110], [105, 112], [84, 123], [71, 136], [61, 149], [67, 167], [68, 193], [69, 209]], "interior": []}, "classId": 1, "classTitle": "Officer"}, {"id": 38359194, "description": "", "geometryType": "polygon", "labelerLogin": "", "createdAt": "", "updatedAt": "", "tags": [], "points": {"exterior": [[2, 123], [15, 115], [22, 118], [37, 129], [18, 146], [14, 172], [15, 203], [3, 197], [2, 123]], "interior": []}, "classId": 3, "classTitle": "Riot Shield"}, {"id": 10564034, "description": "", "geometryType": "polygon", "labelerLogin": "", "createdAt": "", "updatedAt": "", "tags": [], "points": {"exterior": [[74, 219], [52, 248], [57, 248], [81, 221], [74, 219]], "interior": []}, "classId": 6, "classTitle": "Baton"}, {"id": 22126242, "description": "", "geometryType": "polygon", "labelerLogin": "", "createdAt": "", "updatedAt": "", "tags": [], "points": {"exterior": [[27, 223], [9, 246], [3, 237], [24, 217], [27, 223]], "interior": []}, "classId": 6, "classTitle": "Baton"}, {"id": 56975246, "description": "", "geometryType": "polygon", "labelerLogin": "", "createdAt": "", "updatedAt": "", "tags": [], "points": {"exterior": [[181, 87], [181, 61], [198, 54], [211, 54], [198, 84], [195, 90], [181, 87]], "interior": []}, "classId": 1, "classTitle": "Officer"}, {"id": 81185339, "description": "", "geometryType": "polygon", "labelerLogin": "", "createdAt": "", "updatedAt": "", "tags": [], "points": {"exterior": [[154, 99], [174, 92], [194, 92], [173, 105], [170, 123], [159, 107], [154, 99]], "interior": []}, "classId": 3, "classTitle": "Riot Shield"}, {"id": 77321747, "description": "", "geometryType": "polygon", "labelerLogin": "", "createdAt": "", "updatedAt": "", "tags": [], "points": {"exterior": [[166, 86], [170, 69], [178, 68], [180, 84], [178, 89], [167, 92], [166, 86]], "interior": []}, "classId": 1, "classTitle": "Officer"}, {"id": 51243639, "description": "", "geometryType": "polygon", "labelerLogin": "", "createdAt": "", "updatedAt": "", "tags": [], "points": {"exterior": [[197, 48], [214, 19], [243, 8], [247, 8], [248, 93], [221, 86], [200, 87], [210, 68], [207, 56], [197, 48]], "interior": []}, "classId": 1, "classTitle": "Officer"}, {"id": 87106443, "description": "", "geometryType": "polygon", "labelerLogin": "", "createdAt": "", "updatedAt": "", "tags": [], "points": {"exterior": [[138, 60], [151, 63], [152, 72], [154, 84], [160, 92], [153, 101], [140, 89], [137, 86], [138, 60]], "interior": []}, "classId": 1, "classTitle": "Officer"}, {"id": 51931819, "description": "", "geometryType": "polygon", "labelerLogin": "", "createdAt": "", "updatedAt": "", "tags": [], "points": {"exterior": [[155, 73], [167, 72], [169, 78], [168, 88], [163, 95], [156, 85], [154, 79], [155, 73]], "interior": []}, "classId": 1, "classTitle": "Officer"}, {"id": 78777146, "description": "", "geometryType": "polygon", "labelerLogin": "", "createdAt": "", "updatedAt": "", "tags": [], "points": {"exterior": [[78, 68], [90, 70], [93, 80], [95, 90], [95, 98], [91, 115], [77, 103], [69, 99], [76, 90], [77, 80], [76, 70], [78, 68]], "interior": []}, "classId": 1, "classTitle": "Officer"}, {"id": 44071639, "description": "", "geometryType": "polygon", "labelerLogin": "", "createdAt": "", "updatedAt": "", "tags": [], "points": {"exterior": [[24, 117], [33, 106], [28, 100], [29, 78], [42, 65], [53, 59], [71, 59], [79, 78], [76, 87], [65, 98], [82, 105], [90, 115], [72, 131], [61, 148], [47, 128], [37, 128], [24, 117]], "interior": []}, "classId": 1, "classTitle": "Officer"}, {"id": 17801386, "description": "", "geometryType": "polygon", "labelerLogin": "", "createdAt": "", "updatedAt": "", "tags": [], "points": {"exterior": [[68, 209], [51, 228], [34, 224], [15, 202], [11, 159], [28, 135], [40, 130], [60, 140], [65, 159], [67, 184], [70, 204], [68, 209]], "interior": []}, "classId": 3, "classTitle": "Riot Shield"}, {"id": 61189299, "description": "", "geometryType": "polygon", "labelerLogin": "", "createdAt": "", "updatedAt": "", "tags": [], "points": {"exterior": [[144, 235], [124, 239], [94, 233], [76, 222], [69, 208], [65, 171], [65, 149], [77, 124], [105, 113], [126, 110], [150, 120], [166, 136], [184, 167], [180, 193], [167, 219], [153, 230], [144, 235]], "interior": []}, "classId": 3, "classTitle": "Riot Shield"}, {"id": 46087791, "description": "", "geometryType": "polygon", "labelerLogin": "", "createdAt": "", "updatedAt": "", "tags": [], "points": {"exterior": [[80, 229], [85, 247], [155, 248], [161, 245], [167, 242], [164, 225], [144, 236], [103, 239], [80, 229]], "interior": []}, "classId": 1, "classTitle": "Officer"}, {"id": 96171769, "description": "", "geometryType": "polygon", "labelerLogin": "", "createdAt": "", "updatedAt": "", "tags": [], "points": {"exterior": [[186, 195], [212, 210], [248, 221], [248, 248], [173, 248], [165, 228], [182, 195], [186, 195]], "interior": []}, "classId": 1, "classTitle": "Officer"}, {"id": 37136350, "description": "", "geometryType": "polygon", "labelerLogin": "", "createdAt": "", "updatedAt": "", "tags": [], "points": {"exterior": [[13, 245], [29, 222], [41, 230], [67, 214], [78, 221], [55, 248], [11, 248], [13, 245]], "interior": []}, "classId": 1, "classTitle": "Officer"}]}