{"tags": [], "size": {"height": 583, "width": 743}, "objects": [{"id": 23818936, "description": "", "geometryType": "polygon", "labelerLogin": "", "createdAt": "", "updatedAt": "", "tags": [], "points": {"exterior": [[456, 249], [478, 201], [503, 175], [525, 165], [557, 165], [599, 169], [616, 190], [626, 214], [628, 239], [628, 261], [616, 266], [610, 275], [608, 287], [604, 301], [591, 313], [658, 341], [670, 366], [676, 395], [673, 421], [679, 455], [691, 502], [717, 581], [441, 579], [426, 581], [438, 563], [478, 551], [504, 499], [525, 445], [507, 395], [483, 333], [471, 301], [456, 249]], "interior": []}, "classId": 2, "classTitle": "Civilian"}]}