{"tags": [], "size": {"height": 1200, "width": 1200}, "objects": [{"id": 49366605, "description": "", "geometryType": "polygon", "labelerLogin": "", "createdAt": "", "updatedAt": "", "tags": [], "points": {"exterior": [[996, 367], [963, 7], [1007, 2], [1070, 544], [1022, 548], [996, 367]], "interior": []}, "classId": 6, "classTitle": "Baton"}, {"id": 93190809, "description": "", "geometryType": "polygon", "labelerLogin": "", "createdAt": "", "updatedAt": "", "tags": [], "points": {"exterior": [[219, 867], [81, 763], [15, 593], [44, 363], [159, 185], [370, 59], [581, 52], [700, 89], [819, 178], [885, 341], [893, 519], [826, 667], [604, 848], [456, 900], [252, 893], [219, 867]], "interior": []}, "classId": 3, "classTitle": "Riot Shield"}]}