{"tags": [], "size": {"height": 300, "width": 293}, "objects": [{"id": 15776395, "description": "", "geometryType": "polygon", "labelerLogin": "", "createdAt": "", "updatedAt": "", "tags": [], "points": {"exterior": [[125, 29], [152, 26], [161, 25], [167, 25], [171, 27], [175, 30], [178, 35], [179, 39], [181, 45], [180, 59], [176, 127], [173, 195], [172, 226], [171, 237], [162, 268], [156, 293], [145, 293], [99, 250], [97, 145], [98, 60], [99, 44], [100, 39], [101, 35], [104, 33], [125, 29]], "interior": []}, "classId": 3, "classTitle": "Riot Shield"}]}