{"tags": [], "size": {"height": 863, "width": 1300}, "objects": [{"id": 72143787, "description": "", "geometryType": "polygon", "labelerLogin": "", "createdAt": "", "updatedAt": "", "tags": [], "points": {"exterior": [[124, 170], [132, 129], [145, 102], [164, 82], [198, 69], [235, 62], [277, 61], [305, 68], [335, 87], [361, 111], [379, 151], [388, 194], [396, 225], [376, 247], [385, 314], [407, 366], [420, 367], [435, 392], [452, 408], [469, 407], [485, 394], [520, 390], [550, 399], [574, 427], [604, 449], [641, 529], [647, 551], [628, 554], [610, 563], [623, 694], [616, 699], [616, 724], [618, 742], [613, 776], [597, 807], [583, 813], [583, 861], [2, 861], [2, 345], [31, 321], [87, 323], [124, 170]], "interior": []}, "classId": 1, "classTitle": "Officer"}, {"id": 85377746, "description": "", "geometryType": "polygon", "labelerLogin": "", "createdAt": "", "updatedAt": "", "tags": [], "points": {"exterior": [[289, 186], [351, 226], [428, 442], [571, 857], [2, 861], [2, 228], [196, 179], [256, 177], [289, 186]], "interior": []}, "classId": 3, "classTitle": "Riot Shield"}, {"id": 37093437, "description": "", "geometryType": "polygon", "labelerLogin": "", "createdAt": "", "updatedAt": "", "tags": [], "points": {"exterior": [[915, 680], [873, 536], [842, 436], [855, 367], [887, 319], [965, 272], [1298, 169], [1296, 861], [971, 861], [915, 680]], "interior": []}, "classId": 3, "classTitle": "Riot Shield"}, {"id": 97197106, "description": "", "geometryType": "polygon", "labelerLogin": "", "createdAt": "", "updatedAt": "", "tags": [], "points": {"exterior": [[678, 501], [664, 471], [656, 436], [662, 413], [672, 393], [690, 374], [839, 309], [878, 285], [893, 279], [904, 278], [913, 286], [919, 299], [941, 377], [718, 604], [678, 501]], "interior": []}, "classId": 3, "classTitle": "Riot Shield"}, {"id": 56071559, "description": "", "geometryType": "polygon", "labelerLogin": "", "createdAt": "", "updatedAt": "", "tags": [], "points": {"exterior": [[973, 81], [992, 63], [1013, 49], [1045, 40], [1068, 37], [1107, 41], [1135, 51], [1162, 73], [1175, 98], [1183, 112], [1207, 120], [1213, 136], [1228, 185], [1277, 283], [1269, 298], [1245, 299], [1225, 285], [1203, 292], [1215, 354], [1278, 362], [1282, 412], [1298, 433], [1298, 861], [683, 861], [665, 823], [683, 752], [699, 664], [754, 513], [792, 432], [814, 390], [871, 362], [913, 360], [961, 372], [967, 350], [945, 312], [933, 207], [931, 161], [949, 117], [973, 81]], "interior": []}, "classId": 1, "classTitle": "Officer"}, {"id": 84083496, "description": "", "geometryType": "polygon", "labelerLogin": "", "createdAt": "", "updatedAt": "", "tags": [], "points": {"exterior": [[743, 185], [770, 192], [793, 208], [805, 223], [810, 233], [821, 241], [821, 248], [821, 279], [816, 322], [810, 347], [829, 352], [863, 355], [857, 368], [804, 402], [734, 579], [667, 827], [689, 861], [581, 861], [593, 809], [613, 776], [613, 696], [621, 690], [609, 561], [643, 553], [609, 451], [550, 396], [557, 370], [559, 358], [643, 322], [659, 320], [659, 237], [674, 233], [694, 201], [716, 187], [743, 185]], "interior": []}, "classId": 1, "classTitle": "Officer"}, {"id": 93480959, "description": "", "geometryType": "polygon", "labelerLogin": "", "createdAt": "", "updatedAt": "", "tags": [], "points": {"exterior": [[113, 616], [329, 308], [359, 308], [373, 330], [136, 656], [115, 650], [99, 642], [113, 616]], "interior": []}, "classId": 6, "classTitle": "Baton"}]}