{"tags": [], "size": {"height": 619, "width": 1100}, "objects": [{"id": 85148716, "description": "", "geometryType": "polygon", "labelerLogin": "", "createdAt": "", "updatedAt": "", "tags": [], "points": {"exterior": [[72, 46], [78, 20], [89, 2], [254, 2], [287, 34], [334, 78], [371, 91], [421, 121], [444, 171], [454, 197], [457, 224], [443, 250], [443, 298], [454, 351], [465, 382], [471, 408], [454, 422], [455, 427], [448, 432], [442, 448], [430, 451], [423, 449], [423, 436], [420, 428], [410, 434], [403, 449], [392, 450], [365, 438], [355, 425], [355, 439], [365, 447], [365, 462], [360, 490], [353, 518], [348, 558], [340, 588], [351, 609], [349, 617], [286, 617], [289, 503], [270, 482], [267, 454], [281, 448], [283, 394], [299, 368], [300, 357], [237, 359], [227, 345], [206, 335], [112, 339], [89, 325], [83, 317], [86, 300], [85, 280], [66, 272], [60, 231], [59, 154], [66, 128], [76, 111], [109, 106], [116, 94], [80, 77], [75, 61], [72, 46]], "interior": []}, "classId": 1, "classTitle": "Officer"}, {"id": 43932975, "description": "", "geometryType": "polygon", "labelerLogin": "", "createdAt": "", "updatedAt": "", "tags": [], "points": {"exterior": [[356, 39], [357, 25], [373, 17], [388, 16], [400, 22], [408, 35], [412, 47], [430, 50], [438, 60], [438, 66], [448, 81], [464, 124], [469, 153], [475, 188], [484, 258], [480, 287], [522, 332], [514, 347], [488, 351], [474, 351], [471, 342], [476, 337], [487, 337], [490, 335], [469, 310], [464, 304], [451, 302], [444, 280], [444, 251], [457, 222], [454, 197], [420, 120], [364, 86], [370, 80], [365, 73], [352, 84], [349, 76], [350, 45], [356, 39]], "interior": []}, "classId": 1, "classTitle": "Officer"}, {"id": 31007254, "description": "", "geometryType": "polygon", "labelerLogin": "", "createdAt": "", "updatedAt": "", "tags": [], "points": {"exterior": [[600, 78], [654, 109], [665, 120], [668, 134], [672, 142], [687, 155], [702, 173], [716, 197], [724, 225], [733, 231], [751, 282], [748, 328], [732, 352], [745, 432], [716, 485], [688, 432], [664, 416], [631, 419], [626, 439], [639, 450], [636, 465], [645, 482], [647, 492], [642, 502], [633, 507], [628, 495], [619, 498], [616, 505], [605, 506], [607, 498], [600, 500], [588, 498], [566, 490], [564, 487], [551, 493], [532, 490], [512, 472], [496, 444], [490, 424], [492, 405], [527, 390], [535, 388], [544, 376], [546, 372], [553, 368], [562, 364], [568, 364], [597, 283], [586, 251], [582, 212], [583, 191], [583, 175], [586, 158], [588, 144], [580, 141], [573, 128], [570, 113], [576, 89], [585, 81], [592, 79], [600, 78]], "interior": []}, "classId": 1, "classTitle": "Officer"}, {"id": 98753737, "description": "", "geometryType": "polygon", "labelerLogin": "", "createdAt": "", "updatedAt": "", "tags": [], "points": {"exterior": [[526, 149], [528, 124], [544, 109], [560, 104], [569, 108], [571, 124], [580, 139], [588, 146], [588, 162], [584, 177], [581, 205], [586, 249], [597, 282], [576, 338], [567, 362], [534, 378], [518, 381], [526, 364], [540, 355], [548, 316], [551, 268], [526, 234], [513, 204], [515, 177], [517, 164], [526, 156], [526, 149]], "interior": []}, "classId": 1, "classTitle": "Officer"}, {"id": 47916283, "description": "", "geometryType": "polygon", "labelerLogin": "", "createdAt": "", "updatedAt": "", "tags": [], "points": {"exterior": [[493, 191], [507, 197], [528, 244], [550, 268], [552, 290], [540, 287], [523, 291], [523, 330], [503, 313], [500, 280], [496, 262], [495, 249], [483, 242], [476, 201], [480, 195], [493, 191]], "interior": []}, "classId": 1, "classTitle": "Officer"}, {"id": 33977734, "description": "", "geometryType": "polygon", "labelerLogin": "", "createdAt": "", "updatedAt": "", "tags": [], "points": {"exterior": [[470, 152], [492, 111], [503, 106], [515, 104], [517, 97], [515, 92], [512, 85], [517, 66], [527, 61], [545, 64], [548, 76], [549, 86], [551, 104], [539, 112], [529, 126], [526, 159], [517, 167], [515, 208], [502, 313], [490, 292], [483, 287], [482, 280], [489, 273], [489, 248], [480, 185], [487, 178], [474, 164], [470, 152]], "interior": []}, "classId": 1, "classTitle": "Officer"}, {"id": 30070664, "description": "", "geometryType": "polygon", "labelerLogin": "", "createdAt": "", "updatedAt": "", "tags": [], "points": {"exterior": [[704, 10], [689, 37], [685, 83], [668, 106], [669, 128], [686, 157], [724, 151], [753, 123], [755, 111], [741, 104], [728, 103], [721, 106], [721, 88], [752, 66], [779, 67], [783, 137], [761, 145], [751, 214], [761, 242], [769, 247], [768, 257], [753, 275], [751, 335], [735, 354], [745, 434], [711, 526], [696, 579], [711, 610], [716, 617], [776, 617], [779, 579], [819, 478], [830, 452], [850, 429], [858, 387], [859, 351], [860, 322], [876, 302], [917, 377], [930, 374], [926, 408], [909, 462], [909, 476], [913, 493], [905, 516], [956, 515], [1006, 542], [1029, 532], [1027, 513], [977, 476], [1040, 388], [1030, 361], [1047, 357], [1069, 378], [1064, 355], [1043, 337], [1024, 312], [1012, 301], [1024, 281], [987, 227], [1024, 163], [1010, 138], [962, 175], [1007, 76], [1020, 43], [1009, 31], [1024, 6], [711, 2], [704, 10]], "interior": []}, "classId": 1, "classTitle": "Officer"}, {"id": 95258499, "description": "", "geometryType": "polygon", "labelerLogin": "", "createdAt": "", "updatedAt": "", "tags": [], "points": {"exterior": [[842, 31], [990, 128], [1010, 143], [994, 150], [820, 33], [842, 31]], "interior": []}, "classId": 6, "classTitle": "Baton"}, {"id": 55501034, "description": "", "geometryType": "polygon", "labelerLogin": "", "createdAt": "", "updatedAt": "", "tags": [], "points": {"exterior": [[297, 322], [426, 304], [431, 317], [216, 348], [214, 337], [297, 322]], "interior": []}, "classId": 6, "classTitle": "Baton"}]}