{"tags": [], "size": {"height": 534, "width": 950}, "objects": [{"id": 44985916, "description": "", "geometryType": "polygon", "labelerLogin": "", "createdAt": "", "updatedAt": "", "tags": [], "points": {"exterior": [[172, 217], [156, 249], [134, 291], [108, 343], [103, 356], [106, 358], [98, 373], [91, 390], [78, 408], [77, 425], [90, 443], [91, 461], [88, 472], [94, 472], [106, 495], [106, 500], [100, 509], [95, 532], [506, 532], [512, 518], [514, 513], [511, 512], [519, 496], [519, 489], [526, 482], [541, 428], [545, 414], [540, 390], [540, 367], [539, 356], [521, 319], [511, 301], [499, 263], [498, 245], [494, 229], [482, 211], [462, 197], [449, 192], [451, 188], [438, 179], [428, 174], [421, 155], [430, 98], [427, 73], [415, 27], [417, 7], [406, 2], [314, 2], [299, 25], [278, 59], [268, 135], [252, 150], [235, 169], [230, 170], [214, 186], [209, 192], [190, 201], [172, 217]], "interior": []}, "classId": 2, "classTitle": "Civilian"}, {"id": 82322429, "description": "", "geometryType": "polygon", "labelerLogin": "", "createdAt": "", "updatedAt": "", "tags": [], "points": {"exterior": [[570, 300], [591, 283], [600, 281], [609, 271], [623, 271], [626, 268], [619, 253], [617, 239], [620, 231], [621, 219], [628, 208], [652, 195], [668, 195], [667, 186], [669, 156], [678, 129], [690, 112], [703, 101], [719, 94], [734, 93], [756, 96], [776, 107], [792, 124], [799, 144], [805, 172], [803, 188], [802, 202], [800, 212], [803, 231], [799, 241], [810, 243], [813, 248], [809, 252], [806, 252], [812, 267], [821, 279], [848, 299], [850, 306], [626, 396], [615, 398], [623, 465], [643, 532], [555, 532], [527, 483], [549, 415], [545, 377], [564, 307], [570, 300]], "interior": []}, "classId": 2, "classTitle": "Civilian"}, {"id": 85234199, "description": "", "geometryType": "polygon", "labelerLogin": "", "createdAt": "", "updatedAt": "", "tags": [], "points": {"exterior": [[23, 211], [46, 205], [61, 206], [72, 209], [81, 234], [80, 262], [104, 291], [93, 367], [90, 398], [81, 414], [80, 435], [88, 445], [84, 471], [104, 509], [96, 532], [77, 532], [68, 506], [52, 474], [40, 473], [31, 506], [31, 532], [2, 532], [2, 363], [14, 348], [18, 284], [2, 265], [2, 234], [2, 227], [23, 211]], "interior": []}, "classId": 2, "classTitle": "Civilian"}, {"id": 92083582, "description": "", "geometryType": "polygon", "labelerLogin": "", "createdAt": "", "updatedAt": "", "tags": [], "points": {"exterior": [[935, 186], [920, 221], [925, 288], [933, 342], [926, 413], [926, 442], [939, 452], [948, 446], [948, 176], [935, 186]], "interior": []}, "classId": 2, "classTitle": "Civilian"}, {"id": 59231310, "description": "", "geometryType": "polygon", "labelerLogin": "", "createdAt": "", "updatedAt": "", "tags": [], "points": {"exterior": [[912, 128], [919, 129], [929, 139], [930, 153], [939, 158], [936, 183], [925, 207], [921, 229], [923, 264], [919, 271], [917, 303], [920, 318], [927, 331], [921, 335], [904, 326], [904, 300], [904, 266], [895, 257], [891, 243], [891, 217], [884, 205], [882, 174], [894, 159], [892, 147], [894, 136], [900, 132], [912, 128]], "interior": []}, "classId": 2, "classTitle": "Civilian"}, {"id": 20556567, "description": "", "geometryType": "polygon", "labelerLogin": "", "createdAt": "", "updatedAt": "", "tags": [], "points": {"exterior": [[515, 181], [523, 175], [534, 174], [544, 177], [549, 187], [551, 209], [555, 219], [551, 237], [560, 248], [574, 246], [581, 248], [586, 251], [590, 266], [584, 271], [572, 272], [560, 275], [557, 279], [567, 295], [562, 303], [555, 307], [554, 312], [559, 319], [555, 345], [543, 379], [540, 358], [508, 285], [500, 263], [499, 246], [515, 233], [517, 218], [509, 203], [499, 192], [508, 185], [515, 181]], "interior": []}, "classId": 2, "classTitle": "Civilian"}, {"id": 21722781, "description": "", "geometryType": "polygon", "labelerLogin": "", "createdAt": "", "updatedAt": "", "tags": [], "points": {"exterior": [[812, 143], [825, 148], [834, 164], [853, 168], [876, 211], [859, 241], [850, 259], [852, 294], [824, 281], [811, 250], [819, 218], [808, 196], [803, 177], [805, 149], [812, 143]], "interior": []}, "classId": 2, "classTitle": "Civilian"}, {"id": 93942147, "description": "", "geometryType": "polygon", "labelerLogin": "", "createdAt": "", "updatedAt": "", "tags": [], "points": {"exterior": [[599, 158], [610, 158], [622, 161], [628, 184], [628, 198], [628, 211], [619, 243], [628, 269], [610, 272], [599, 284], [569, 301], [564, 281], [590, 268], [581, 247], [562, 249], [555, 225], [572, 190], [584, 190], [599, 158]], "interior": []}, "classId": 2, "classTitle": "Civilian"}, {"id": 66389983, "description": "", "geometryType": "polygon", "labelerLogin": "", "createdAt": "", "updatedAt": "", "tags": [], "points": {"exterior": [[435, 152], [451, 152], [458, 161], [477, 161], [495, 170], [520, 225], [505, 244], [493, 222], [467, 199], [439, 183], [426, 173], [428, 159], [435, 152]], "interior": []}, "classId": 2, "classTitle": "Civilian"}, {"id": 29097830, "description": "", "geometryType": "polygon", "labelerLogin": "", "createdAt": "", "updatedAt": "", "tags": [], "points": {"exterior": [[30, 145], [42, 155], [52, 181], [52, 200], [2, 227], [2, 158], [9, 145], [30, 145]], "interior": []}, "classId": 2, "classTitle": "Civilian"}, {"id": 24396681, "description": "", "geometryType": "polygon", "labelerLogin": "", "createdAt": "", "updatedAt": "", "tags": [], "points": {"exterior": [[72, 161], [85, 159], [97, 165], [93, 203], [122, 221], [101, 290], [85, 260], [77, 215], [61, 202], [52, 178], [72, 161]], "interior": []}, "classId": 2, "classTitle": "Civilian"}, {"id": 18193725, "description": "", "geometryType": "polygon", "labelerLogin": "", "createdAt": "", "updatedAt": "", "tags": [], "points": {"exterior": [[139, 120], [154, 117], [166, 129], [170, 148], [185, 171], [191, 200], [178, 217], [163, 202], [148, 199], [138, 177], [112, 180], [103, 183], [112, 157], [131, 140], [139, 120]], "interior": []}, "classId": 2, "classTitle": "Civilian"}, {"id": 51670828, "description": "", "geometryType": "polygon", "labelerLogin": "", "createdAt": "", "updatedAt": "", "tags": [], "points": {"exterior": [[69, 114], [78, 97], [93, 94], [107, 104], [110, 124], [116, 136], [123, 149], [115, 167], [104, 187], [93, 167], [81, 164], [62, 173], [55, 177], [47, 157], [61, 135], [72, 126], [69, 114]], "interior": []}, "classId": 2, "classTitle": "Civilian"}, {"id": 13488652, "description": "", "geometryType": "polygon", "labelerLogin": "", "createdAt": "", "updatedAt": "", "tags": [], "points": {"exterior": [[182, 120], [198, 117], [217, 135], [213, 161], [191, 187], [178, 167], [170, 140], [182, 120]], "interior": []}, "classId": 2, "classTitle": "Civilian"}, {"id": 89542497, "description": "", "geometryType": "polygon", "labelerLogin": "", "createdAt": "", "updatedAt": "", "tags": [], "points": {"exterior": [[825, 117], [830, 105], [841, 97], [857, 101], [865, 116], [868, 127], [885, 159], [882, 212], [860, 183], [853, 165], [834, 157], [819, 138], [825, 117]], "interior": []}, "classId": 2, "classTitle": "Civilian"}]}