{"tags": [], "size": {"height": 720, "width": 1200}, "objects": [{"id": 68195122, "description": "", "geometryType": "polygon", "labelerLogin": "", "createdAt": "", "updatedAt": "", "tags": [], "points": {"exterior": [[347, 447], [324, 424], [337, 412], [358, 442], [347, 447]], "interior": []}, "classId": 6, "classTitle": "Baton"}, {"id": 62055095, "description": "", "geometryType": "polygon", "labelerLogin": "", "createdAt": "", "updatedAt": "", "tags": [], "points": {"exterior": [[528, 363], [517, 344], [524, 342], [536, 357], [528, 363]], "interior": []}, "classId": 6, "classTitle": "Baton"}, {"id": 67687763, "description": "", "geometryType": "polygon", "labelerLogin": "", "createdAt": "", "updatedAt": "", "tags": [], "points": {"exterior": [[884, 390], [838, 358], [838, 350], [892, 382], [884, 390]], "interior": []}, "classId": 6, "classTitle": "Baton"}, {"id": 80762727, "description": "", "geometryType": "polygon", "labelerLogin": "", "createdAt": "", "updatedAt": "", "tags": [], "points": {"exterior": [[767, 388], [756, 368], [766, 366], [782, 386], [769, 393], [767, 388]], "interior": []}, "classId": 6, "classTitle": "Baton"}, {"id": 29409648, "description": "", "geometryType": "polygon", "labelerLogin": "", "createdAt": "", "updatedAt": "", "tags": [], "points": {"exterior": [[51, 680], [153, 553], [100, 431], [102, 340], [62, 307], [124, 184], [171, 156], [171, 109], [229, 87], [280, 111], [296, 193], [244, 187], [276, 233], [273, 276], [260, 333], [293, 342], [342, 404], [340, 420], [258, 376], [227, 404], [251, 507], [227, 576], [147, 718], [87, 718], [51, 680]], "interior": []}, "classId": 1, "classTitle": "Officer"}, {"id": 15879529, "description": "", "geometryType": "polygon", "labelerLogin": "", "createdAt": "", "updatedAt": "", "tags": [], "points": {"exterior": [[2, 520], [27, 480], [58, 467], [87, 584], [156, 558], [100, 442], [98, 351], [69, 302], [113, 202], [158, 160], [164, 144], [153, 116], [160, 60], [133, 42], [107, 38], [82, 58], [62, 91], [20, 127], [2, 171], [2, 218], [16, 244], [18, 298], [9, 347], [9, 391], [13, 427], [2, 431], [2, 520]], "interior": []}, "classId": 1, "classTitle": "Officer"}, {"id": 78119333, "description": "", "geometryType": "polygon", "labelerLogin": "", "createdAt": "", "updatedAt": "", "tags": [], "points": {"exterior": [[302, 473], [382, 429], [378, 351], [387, 242], [413, 187], [442, 158], [438, 127], [462, 116], [491, 116], [500, 129], [504, 153], [504, 189], [507, 236], [504, 296], [538, 342], [522, 356], [498, 320], [489, 438], [456, 556], [489, 560], [480, 576], [409, 573], [436, 458], [338, 502], [309, 553], [282, 522], [302, 473]], "interior": []}, "classId": 1, "classTitle": "Officer"}, {"id": 35875210, "description": "", "geometryType": "polygon", "labelerLogin": "", "createdAt": "", "updatedAt": "", "tags": [], "points": {"exterior": [[544, 667], [589, 536], [598, 516], [609, 507], [589, 496], [580, 360], [542, 291], [556, 260], [582, 238], [618, 191], [658, 169], [656, 140], [669, 120], [696, 109], [722, 122], [751, 156], [764, 198], [747, 211], [753, 291], [756, 324], [773, 367], [753, 382], [738, 362], [724, 429], [740, 518], [653, 640], [682, 684], [633, 687], [544, 667]], "interior": []}, "classId": 1, "classTitle": "Officer"}, {"id": 83600682, "description": "", "geometryType": "polygon", "labelerLogin": "", "createdAt": "", "updatedAt": "", "tags": [], "points": {"exterior": [[738, 467], [764, 444], [747, 389], [773, 360], [747, 256], [773, 238], [807, 227], [818, 193], [844, 189], [867, 209], [867, 227], [862, 278], [887, 356], [887, 384], [844, 358], [840, 400], [813, 476], [807, 527], [829, 542], [829, 556], [764, 549], [769, 489], [733, 504], [738, 467]], "interior": []}, "classId": 1, "classTitle": "Officer"}, {"id": 62165705, "description": "", "geometryType": "polygon", "labelerLogin": "", "createdAt": "", "updatedAt": "", "tags": [], "points": {"exterior": [[889, 584], [947, 544], [951, 500], [922, 407], [931, 353], [920, 318], [918, 249], [953, 220], [993, 196], [1016, 158], [1049, 153], [1064, 184], [1058, 222], [1076, 276], [1080, 331], [1031, 420], [1042, 489], [1036, 549], [987, 598], [1009, 642], [1011, 662], [907, 671], [871, 587], [889, 584]], "interior": []}, "classId": 1, "classTitle": "Officer"}, {"id": 38764427, "description": "", "geometryType": "polygon", "labelerLogin": "", "createdAt": "", "updatedAt": "", "tags": [], "points": {"exterior": [[1064, 158], [1100, 167], [1120, 213], [1096, 231], [1107, 278], [1098, 318], [1091, 424], [1076, 489], [1047, 502], [1029, 418], [1082, 318], [1053, 178], [1064, 158]], "interior": []}, "classId": 1, "classTitle": "Officer"}, {"id": 64279529, "description": "", "geometryType": "polygon", "labelerLogin": "", "createdAt": "", "updatedAt": "", "tags": [], "points": {"exterior": [[1196, 169], [1156, 200], [1133, 236], [1098, 280], [1104, 449], [1111, 476], [1016, 564], [1042, 638], [1058, 636], [1062, 584], [1156, 502], [1138, 644], [1189, 633], [1196, 169]], "interior": []}, "classId": 1, "classTitle": "Officer"}]}