{"tags": [], "size": {"height": 237, "width": 420}, "objects": [{"id": 30972887, "description": "", "geometryType": "polygon", "labelerLogin": "", "createdAt": "", "updatedAt": "", "tags": [], "points": {"exterior": [[252, 177], [255, 165], [255, 156], [265, 137], [270, 130], [274, 122], [279, 113], [282, 103], [294, 88], [304, 85], [304, 81], [301, 79], [294, 75], [286, 72], [282, 63], [282, 52], [285, 43], [296, 25], [300, 20], [317, 11], [327, 12], [341, 19], [345, 23], [350, 38], [350, 50], [346, 70], [343, 78], [346, 85], [355, 87], [361, 92], [371, 99], [374, 106], [380, 118], [386, 140], [389, 156], [391, 176], [390, 189], [374, 194], [361, 200], [362, 209], [364, 218], [366, 227], [366, 235], [270, 235], [270, 231], [271, 225], [271, 220], [271, 208], [267, 211], [261, 214], [253, 216], [243, 214], [242, 210], [242, 202], [245, 195], [250, 194], [252, 177]], "interior": []}, "classId": 1, "classTitle": "Officer"}, {"id": 88830261, "description": "", "geometryType": "polygon", "labelerLogin": "", "createdAt": "", "updatedAt": "", "tags": [], "points": {"exterior": [[226, 115], [229, 127], [233, 142], [234, 155], [236, 166], [236, 185], [214, 188], [216, 194], [214, 205], [210, 215], [206, 229], [215, 224], [225, 228], [229, 234], [152, 235], [140, 201], [130, 206], [122, 204], [120, 203], [121, 195], [121, 187], [126, 177], [131, 169], [132, 163], [135, 155], [137, 153], [142, 146], [146, 142], [150, 135], [154, 119], [158, 111], [160, 106], [161, 99], [155, 97], [152, 93], [149, 85], [152, 74], [157, 65], [162, 54], [170, 47], [178, 45], [195, 45], [201, 51], [205, 60], [206, 78], [206, 84], [202, 97], [206, 97], [210, 97], [219, 102], [224, 106], [226, 115]], "interior": []}, "classId": 1, "classTitle": "Officer"}, {"id": 88566007, "description": "", "geometryType": "polygon", "labelerLogin": "", "createdAt": "", "updatedAt": "", "tags": [], "points": {"exterior": [[110, 122], [112, 134], [119, 145], [123, 159], [124, 168], [107, 172], [88, 172], [93, 180], [99, 189], [105, 199], [106, 215], [106, 228], [106, 235], [50, 235], [43, 234], [40, 225], [40, 219], [40, 214], [46, 201], [50, 192], [41, 190], [36, 188], [42, 177], [40, 174], [33, 187], [28, 188], [15, 186], [15, 178], [18, 174], [22, 163], [29, 165], [44, 143], [44, 140], [45, 125], [45, 116], [41, 108], [35, 94], [41, 78], [49, 68], [63, 62], [72, 58], [86, 63], [91, 70], [96, 84], [95, 103], [110, 122]], "interior": []}, "classId": 1, "classTitle": "Officer"}, {"id": 12914916, "description": "", "geometryType": "polygon", "labelerLogin": "", "createdAt": "", "updatedAt": "", "tags": [], "points": {"exterior": [[292, 187], [388, 156], [390, 159], [390, 163], [384, 169], [260, 209], [252, 210], [245, 210], [243, 209], [247, 203], [265, 195], [292, 187]], "interior": []}, "classId": 6, "classTitle": "Baton"}, {"id": 28551703, "description": "", "geometryType": "polygon", "labelerLogin": "", "createdAt": "", "updatedAt": "", "tags": [], "points": {"exterior": [[144, 186], [195, 167], [197, 172], [132, 203], [120, 204], [120, 199], [144, 186]], "interior": []}, "classId": 6, "classTitle": "Baton"}, {"id": 61188776, "description": "", "geometryType": "polygon", "labelerLogin": "", "createdAt": "", "updatedAt": "", "tags": [], "points": {"exterior": [[47, 172], [95, 153], [94, 147], [86, 146], [26, 174], [25, 178], [47, 172]], "interior": []}, "classId": 6, "classTitle": "Baton"}]}