{"tags": [], "size": {"height": 1080, "width": 1920}, "objects": [{"id": 51797756, "description": "", "geometryType": "polygon", "labelerLogin": "", "createdAt": "", "updatedAt": "", "tags": [], "points": {"exterior": [[820.0, 365.0], [797.0, 378.0], [778.0, 393.0], [763.0, 409.0], [753.0, 429.0], [742.0, 449.0], [738.0, 471.0], [736.0, 493.0], [738.0, 522.0], [742.0, 547.0], [753.0, 568.0], [768.0, 586.0], [945.0, 607.0], [970.0, 588.0], [983.0, 560.0], [993.0, 542.0], [997.0, 527.0], [1000.0, 511.0], [1002.0, 484.0], [999.0, 459.0], [992.0, 438.0], [983.0, 417.0], [971.0, 401.0]], "interior": []}, "classId": 3, "classTitle": "Riot Shield"}, {"id": 91322189, "description": "", "geometryType": "polygon", "labelerLogin": "", "createdAt": "", "updatedAt": "", "tags": [], "points": {"exterior": [[1000.0, 570.0], [1127.0, 555.0], [1131.0, 569.0], [1007.0, 583.0]], "interior": []}, "classId": 6, "classTitle": "Baton"}]}