{"tags": [], "size": {"height": 1080, "width": 1920}, "objects": [{"id": 52600153, "description": "", "geometryType": "polygon", "labelerLogin": "", "createdAt": "", "updatedAt": "", "tags": [], "points": {"exterior": [[658.0, 430.0], [663.0, 412.0], [671.0, 398.0], [679.0, 386.0], [692.0, 377.0], [702.0, 375.0], [713.0, 374.0], [723.0, 373.0], [736.0, 375.0], [745.0, 380.0], [753.0, 388.0], [766.0, 408.0], [774.0, 427.0], [781.0, 449.0], [783.0, 474.0], [780.0, 502.0], [776.0, 523.0], [765.0, 541.0], [749.0, 553.0], [729.0, 560.0], [710.0, 561.0], [698.0, 557.0], [687.0, 550.0], [672.0, 533.0], [665.0, 518.0], [656.0, 484.0], [655.0, 463.0]], "interior": []}, "classId": 3, "classTitle": "Riot Shield"}, {"id": 46452499, "description": "", "geometryType": "polygon", "labelerLogin": "", "createdAt": "", "updatedAt": "", "tags": [], "points": {"exterior": [[847.0, 362.0], [859.0, 339.0], [873.0, 324.0], [892.0, 312.0], [914.0, 307.0], [936.0, 305.0], [957.0, 306.0], [974.0, 312.0], [996.0, 324.0], [1014.0, 343.0], [1027.0, 362.0], [1036.0, 384.0], [1038.0, 415.0], [1034.0, 436.0], [1023.0, 465.0], [1008.0, 482.0], [981.0, 501.0], [958.0, 509.0], [938.0, 510.0], [912.0, 507.0], [889.0, 496.0], [868.0, 477.0], [854.0, 458.0], [842.0, 428.0], [840.0, 411.0], [839.0, 394.0], [842.0, 376.0]], "interior": []}, "classId": 3, "classTitle": "Riot Shield"}, {"id": 25379071, "description": "", "geometryType": "polygon", "labelerLogin": "", "createdAt": "", "updatedAt": "", "tags": [], "points": {"exterior": [[508.0, 624.0], [547.0, 550.0], [558.0, 551.0], [516.0, 630.0]], "interior": []}, "classId": 6, "classTitle": "Baton"}, {"id": 11818751, "description": "", "geometryType": "polygon", "labelerLogin": "", "createdAt": "", "updatedAt": "", "tags": [], "points": {"exterior": [[1370.0, 271.0], [1397.0, 253.0], [1440.0, 239.0], [1476.0, 237.0], [1512.0, 247.0], [1538.0, 264.0], [1551.0, 274.0], [1568.0, 289.0], [1586.0, 315.0], [1594.0, 331.0], [1606.0, 362.0], [1611.0, 393.0], [1611.0, 417.0], [1608.0, 442.0], [1600.0, 470.0], [1593.0, 487.0], [1584.0, 504.0], [1574.0, 520.0], [1564.0, 532.0], [1546.0, 549.0], [1530.0, 560.0], [1376.0, 419.0], [1374.0, 385.0], [1410.0, 340.0], [1357.0, 294.0]], "interior": []}, "classId": 3, "classTitle": "Riot Shield"}]}