{"tags": [], "size": {"height": 1080, "width": 1920}, "objects": [{"id": 73836627, "description": "", "geometryType": "polygon", "labelerLogin": "", "createdAt": "", "updatedAt": "", "tags": [], "points": {"exterior": [[839.0, 610.0], [891.0, 600.0], [965.0, 595.0], [1033.0, 598.0], [1106.0, 615.0], [1177.0, 651.0], [1217.0, 689.0], [1206.0, 933.0], [1185.0, 992.0], [1076.0, 1073.0], [1058.0, 1079.0], [663.0, 1079.0], [637.0, 1043.0], [609.0, 998.0], [610.0, 732.0], [661.0, 684.0], [724.0, 652.0], [776.0, 632.0]], "interior": []}, "classId": 3, "classTitle": "Riot Shield"}, {"id": 31090735, "description": "", "geometryType": "polygon", "labelerLogin": "", "createdAt": "", "updatedAt": "", "tags": [], "points": {"exterior": [[700.0, 327.0], [718.0, 276.0], [755.0, 221.0], [790.0, 186.0], [822.0, 171.0], [857.0, 161.0], [878.0, 162.0], [899.0, 168.0], [926.0, 177.0], [955.0, 195.0], [986.0, 228.0], [1008.0, 270.0], [1020.0, 337.0], [1018.0, 395.0], [1012.0, 438.0], [1005.0, 457.0], [996.0, 479.0], [985.0, 498.0], [974.0, 513.0], [958.0, 531.0], [942.0, 543.0], [926.0, 557.0], [904.0, 569.0], [879.0, 580.0], [858.0, 585.0], [816.0, 578.0], [763.0, 546.0], [724.0, 498.0], [707.0, 457.0], [697.0, 420.0], [696.0, 367.0]], "interior": []}, "classId": 3, "classTitle": "Riot Shield"}, {"id": 83456793, "description": "", "geometryType": "polygon", "labelerLogin": "", "createdAt": "", "updatedAt": "", "tags": [], "points": {"exterior": [[1023.0, 413.0], [1029.0, 400.0], [1035.0, 389.0], [1043.0, 373.0], [1057.0, 356.0], [1074.0, 334.0], [1084.0, 324.0], [1095.0, 311.0], [1104.0, 300.0], [1118.0, 287.0], [1132.0, 276.0], [1148.0, 265.0], [1160.0, 256.0], [1172.0, 250.0], [1184.0, 247.0], [1198.0, 250.0], [1211.0, 257.0], [1218.0, 272.0], [1221.0, 293.0], [1221.0, 310.0], [1218.0, 324.0], [1211.0, 341.0], [1205.0, 358.0], [1194.0, 377.0], [1177.0, 407.0], [1149.0, 443.0], [1135.0, 457.0], [1123.0, 469.0], [1105.0, 484.0], [1081.0, 498.0], [1052.0, 505.0], [1039.0, 501.0], [1029.0, 495.0], [1022.0, 481.0], [1016.0, 461.0], [1017.0, 436.0]], "interior": []}, "classId": 3, "classTitle": "Riot Shield"}, {"id": 40087903, "description": "", "geometryType": "polygon", "labelerLogin": "", "createdAt": "", "updatedAt": "", "tags": [], "points": {"exterior": [[99.0, 289.0], [153.0, 284.0], [232.0, 291.0], [284.0, 301.0], [325.0, 315.0], [375.0, 335.0], [412.0, 358.0], [458.0, 398.0], [486.0, 426.0], [508.0, 464.0], [519.0, 502.0], [516.0, 537.0], [495.0, 511.0], [485.0, 484.0], [457.0, 465.0], [423.0, 434.0], [396.0, 423.0], [339.0, 433.0], [299.0, 439.0], [269.0, 420.0], [224.0, 405.0], [123.0, 428.0], [55.0, 477.0], [25.0, 533.0], [18.0, 601.0], [25.0, 635.0], [0.0, 618.0], [0.0, 322.0], [29.0, 307.0], [58.0, 298.0]], "interior": []}, "classId": 3, "classTitle": "Riot Shield"}, {"id": 20108834, "description": "", "geometryType": "polygon", "labelerLogin": "", "createdAt": "", "updatedAt": "", "tags": [], "points": {"exterior": [[1229.0, 283.0], [1241.0, 268.0], [1255.0, 251.0], [1270.0, 234.0], [1290.0, 222.0], [1304.0, 211.0], [1320.0, 202.0], [1342.0, 193.0], [1368.0, 188.0], [1433.0, 266.0], [1431.0, 286.0], [1422.0, 303.0], [1411.0, 311.0], [1389.0, 325.0], [1322.0, 332.0], [1289.0, 330.0]], "interior": []}, "classId": 3, "classTitle": "Riot Shield"}, {"id": 32132654, "description": "", "geometryType": "polygon", "labelerLogin": "", "createdAt": "", "updatedAt": "", "tags": [], "points": {"exterior": [[94.0, 71.0], [112.0, 75.0], [137.0, 84.0], [154.0, 95.0], [171.0, 106.0], [186.0, 119.0], [205.0, 138.0], [212.0, 149.0], [222.0, 170.0], [224.0, 189.0], [220.0, 206.0], [106.0, 172.0]], "interior": []}, "classId": 3, "classTitle": "Riot Shield"}, {"id": 62386636, "description": "", "geometryType": "polygon", "labelerLogin": "", "createdAt": "", "updatedAt": "", "tags": [], "points": {"exterior": [[334.0, 249.0], [293.0, 207.0], [237.0, 178.0], [188.0, 167.0], [121.0, 172.0], [81.0, 194.0], [91.0, 247.0], [284.0, 294.0]], "interior": []}, "classId": 3, "classTitle": "Riot Shield"}]}