{"tags": [], "size": {"height": 1080, "width": 1920}, "objects": [{"id": 54256143, "description": "", "geometryType": "polygon", "labelerLogin": "", "createdAt": "", "updatedAt": "", "tags": [], "points": {"exterior": [[808.0, 568.0], [798.0, 558.0], [787.0, 545.0], [774.0, 516.0], [767.0, 494.0], [766.0, 470.0], [767.0, 450.0], [772.0, 433.0], [780.0, 416.0], [791.0, 400.0], [803.0, 385.0], [820.0, 372.0], [838.0, 362.0], [858.0, 354.0], [880.0, 348.0], [901.0, 349.0], [924.0, 354.0], [944.0, 362.0], [965.0, 377.0], [982.0, 397.0], [995.0, 420.0], [1002.0, 440.0], [1002.0, 464.0], [1000.0, 481.0], [996.0, 499.0], [991.0, 514.0], [981.0, 529.0], [974.0, 538.0], [965.0, 551.0], [954.0, 562.0], [941.0, 569.0]], "interior": []}, "classId": 3, "classTitle": "Riot Shield"}, {"id": 95616331, "description": "", "geometryType": "polygon", "labelerLogin": "", "createdAt": "", "updatedAt": "", "tags": [], "points": {"exterior": [[1147.0, 395.0], [1140.0, 392.0], [1132.0, 362.0], [1125.0, 357.0], [1116.0, 357.0], [1116.0, 348.0], [1125.0, 344.0], [1126.0, 332.0], [1126.0, 320.0], [1128.0, 312.0], [1131.0, 307.0], [1135.0, 304.0], [1140.0, 306.0], [1143.0, 311.0], [1148.0, 321.0], [1152.0, 331.0], [1153.0, 345.0], [1155.0, 364.0], [1158.0, 386.0]], "interior": []}, "classId": 3, "classTitle": "Riot Shield"}, {"id": 65013350, "description": "", "geometryType": "polygon", "labelerLogin": "", "createdAt": "", "updatedAt": "", "tags": [], "points": {"exterior": [[1444.0, 432.0], [1449.0, 416.0], [1459.0, 395.0], [1471.0, 377.0], [1484.0, 361.0], [1500.0, 347.0], [1519.0, 333.0], [1530.0, 327.0], [1538.0, 326.0], [1546.0, 327.0], [1552.0, 330.0], [1557.0, 335.0], [1562.0, 343.0], [1565.0, 350.0], [1567.0, 359.0], [1568.0, 368.0], [1568.0, 382.0], [1567.0, 393.0], [1565.0, 405.0], [1561.0, 420.0], [1556.0, 437.0], [1550.0, 452.0], [1543.0, 470.0], [1537.0, 484.0], [1528.0, 494.0], [1514.0, 507.0], [1502.0, 515.0], [1488.0, 520.0], [1476.0, 520.0], [1461.0, 517.0], [1444.0, 501.0], [1438.0, 476.0], [1439.0, 459.0]], "interior": []}, "classId": 3, "classTitle": "Riot Shield"}, {"id": 11383266, "description": "", "geometryType": "polygon", "labelerLogin": "", "createdAt": "", "updatedAt": "", "tags": [], "points": {"exterior": [[1292.0, 185.0], [1293.0, 174.0], [1295.0, 161.0], [1299.0, 152.0], [1305.0, 144.0], [1312.0, 138.0], [1324.0, 132.0], [1337.0, 130.0], [1347.0, 132.0], [1354.0, 137.0], [1359.0, 142.0], [1365.0, 147.0], [1371.0, 152.0], [1374.0, 158.0], [1379.0, 163.0], [1384.0, 177.0], [1387.0, 193.0], [1389.0, 209.0], [1389.0, 221.0], [1382.0, 233.0], [1375.0, 242.0], [1368.0, 250.0], [1363.0, 255.0], [1355.0, 258.0], [1342.0, 262.0], [1332.0, 263.0], [1320.0, 260.0], [1309.0, 253.0], [1302.0, 247.0], [1296.0, 229.0], [1294.0, 208.0]], "interior": []}, "classId": 3, "classTitle": "Riot Shield"}, {"id": 55582335, "description": "", "geometryType": "polygon", "labelerLogin": "", "createdAt": "", "updatedAt": "", "tags": [], "points": {"exterior": [[1354.0, 482.0], [1359.0, 489.0], [1364.0, 495.0], [1374.0, 506.0], [1389.0, 526.0], [1411.0, 555.0], [1406.0, 560.0], [1384.0, 532.0], [1368.0, 510.0], [1347.0, 488.0]], "interior": []}, "classId": 6, "classTitle": "Baton"}, {"id": 94277567, "description": "", "geometryType": "polygon", "labelerLogin": "", "createdAt": "", "updatedAt": "", "tags": [], "points": {"exterior": [[1475.0, 222.0], [1511.0, 213.0], [1541.0, 205.0], [1542.0, 211.0], [1512.0, 219.0], [1477.0, 229.0]], "interior": []}, "classId": 6, "classTitle": "Baton"}, {"id": 55477735, "description": "", "geometryType": "polygon", "labelerLogin": "", "createdAt": "", "updatedAt": "", "tags": [], "points": {"exterior": [[1555.0, 188.0], [1546.0, 178.0], [1539.0, 169.0], [1533.0, 158.0], [1530.0, 150.0], [1527.0, 141.0], [1527.0, 129.0], [1530.0, 121.0], [1534.0, 115.0], [1542.0, 111.0], [1553.0, 111.0], [1563.0, 115.0], [1570.0, 120.0], [1577.0, 128.0], [1582.0, 135.0], [1588.0, 143.0], [1593.0, 152.0], [1592.0, 161.0], [1567.0, 189.0], [1561.0, 192.0]], "interior": []}, "classId": 3, "classTitle": "Riot Shield"}, {"id": 45512380, "description": "", "geometryType": "polygon", "labelerLogin": "", "createdAt": "", "updatedAt": "", "tags": [], "points": {"exterior": [[1037.0, 271.0], [1031.0, 271.0], [1018.0, 255.0], [991.0, 227.0], [926.0, 145.0], [933.0, 136.0], [998.0, 218.0], [1020.0, 242.0], [1038.0, 263.0], [1038.0, 267.0]], "interior": []}, "classId": 6, "classTitle": "Baton"}, {"id": 38232647, "description": "", "geometryType": "polygon", "labelerLogin": "", "createdAt": "", "updatedAt": "", "tags": [], "points": {"exterior": [[1279.0, 252.0], [1278.0, 235.0], [1277.0, 209.0], [1275.0, 138.0], [1281.0, 137.0], [1286.0, 208.0], [1288.0, 240.0], [1288.0, 249.0], [1287.0, 252.0], [1283.0, 253.0]], "interior": []}, "classId": 6, "classTitle": "Baton"}]}