{"tags": [], "size": {"height": 1080, "width": 1920}, "objects": [{"id": 73983171, "description": "", "geometryType": "polygon", "labelerLogin": "", "createdAt": "", "updatedAt": "", "tags": [], "points": {"exterior": [[1581.0, 555.0], [1577.0, 557.0], [1574.0, 559.0], [1567.0, 563.0], [1565.0, 570.0], [1569.0, 580.0], [1582.0, 612.0], [1601.0, 654.0], [1609.0, 668.0], [1613.0, 674.0], [1619.0, 676.0], [1626.0, 675.0], [1678.0, 651.0], [1737.0, 624.0], [1754.0, 617.0], [1785.0, 603.0], [1789.0, 598.0], [1789.0, 591.0], [1782.0, 567.0], [1767.0, 556.0], [1663.0, 520.0], [1650.0, 524.0], [1610.0, 541.0], [1587.0, 552.0]], "interior": []}, "classId": 3, "classTitle": "Riot Shield"}]}