{"tags": [], "size": {"height": 1080, "width": 1920}, "objects": [{"id": 65909020, "description": "", "geometryType": "polygon", "labelerLogin": "", "createdAt": "", "updatedAt": "", "tags": [], "points": {"exterior": [[1585.0, 454.0], [1584.0, 653.0], [1715.0, 662.0], [1724.0, 662.0], [1729.0, 660.0], [1732.0, 656.0], [1735.0, 651.0], [1736.0, 644.0], [1744.0, 462.0], [1743.0, 458.0], [1740.0, 454.0], [1737.0, 450.0], [1597.0, 448.0], [1594.0, 448.0], [1591.0, 449.0], [1588.0, 450.0], [1586.0, 452.0]], "interior": []}, "classId": 3, "classTitle": "Riot Shield"}, {"id": 50488854, "description": "", "geometryType": "polygon", "labelerLogin": "", "createdAt": "", "updatedAt": "", "tags": [], "points": {"exterior": [[1914.0, 409.0], [1776.0, 403.0], [1768.0, 406.0], [1762.0, 410.0], [1758.0, 417.0], [1756.0, 424.0], [1708.0, 799.0], [1710.0, 804.0], [1713.0, 808.0], [1717.0, 811.0], [1722.0, 814.0], [1856.0, 816.0]], "interior": []}, "classId": 3, "classTitle": "Riot Shield"}, {"id": 51810273, "description": "", "geometryType": "polygon", "labelerLogin": "", "createdAt": "", "updatedAt": "", "tags": [], "points": {"exterior": [[1392.0, 422.0], [1446.0, 423.0], [1448.0, 424.0], [1449.0, 425.0], [1450.0, 426.0], [1451.0, 428.0], [1451.0, 431.0], [1435.0, 618.0], [1434.0, 622.0], [1431.0, 625.0], [1428.0, 626.0], [1421.0, 626.0], [1392.0, 623.0], [1315.0, 613.0], [1310.0, 611.0], [1305.0, 603.0], [1302.0, 529.0], [1325.0, 431.0], [1328.0, 424.0], [1334.0, 420.0]], "interior": []}, "classId": 3, "classTitle": "Riot Shield"}, {"id": 14648411, "description": "", "geometryType": "polygon", "labelerLogin": "", "createdAt": "", "updatedAt": "", "tags": [], "points": {"exterior": [[1422.0, 444.0], [1427.0, 439.0], [1432.0, 437.0], [1460.0, 434.0], [1453.0, 628.0], [1438.0, 628.0], [1434.0, 626.0], [1432.0, 624.0], [1431.0, 619.0]], "interior": []}, "classId": 3, "classTitle": "Riot Shield"}, {"id": 25137642, "description": "", "geometryType": "polygon", "labelerLogin": "", "createdAt": "", "updatedAt": "", "tags": [], "points": {"exterior": [[109.0, 553.0], [192.0, 607.0], [192.0, 612.0], [187.0, 613.0], [104.0, 560.0]], "interior": []}, "classId": 6, "classTitle": "Baton"}, {"id": 65341005, "description": "", "geometryType": "polygon", "labelerLogin": "", "createdAt": "", "updatedAt": "", "tags": [], "points": {"exterior": [[1300.0, 461.0], [1267.0, 389.0], [1269.0, 386.0], [1272.0, 386.0], [1307.0, 459.0]], "interior": []}, "classId": 6, "classTitle": "Baton"}, {"id": 19406398, "description": "", "geometryType": "polygon", "labelerLogin": "", "createdAt": "", "updatedAt": "", "tags": [], "points": {"exterior": [[1592.0, 630.0], [1592.0, 713.0], [1583.0, 713.0], [1583.0, 638.0]], "interior": []}, "classId": 6, "classTitle": "Baton"}, {"id": 52775068, "description": "", "geometryType": "polygon", "labelerLogin": "", "createdAt": "", "updatedAt": "", "tags": [], "points": {"exterior": [[1180.0, 588.0], [1228.0, 618.0], [1212.0, 620.0], [1178.0, 595.0]], "interior": []}, "classId": 6, "classTitle": "Baton"}, {"id": 63350993, "description": "", "geometryType": "polygon", "labelerLogin": "", "createdAt": "", "updatedAt": "", "tags": [], "points": {"exterior": [[1281.0, 573.0], [1297.0, 641.0], [1304.0, 640.0], [1286.0, 569.0]], "interior": []}, "classId": 6, "classTitle": "Baton"}, {"id": 64171396, "description": "", "geometryType": "polygon", "labelerLogin": "", "createdAt": "", "updatedAt": "", "tags": [], "points": {"exterior": [[1315.0, 553.0], [1313.0, 625.0], [1320.0, 625.0], [1321.0, 558.0]], "interior": []}, "classId": 6, "classTitle": "Baton"}]}