{"tags": [], "size": {"height": 1080, "width": 1920}, "objects": [{"id": 65019519, "description": "", "geometryType": "polygon", "labelerLogin": "", "createdAt": "", "updatedAt": "", "tags": [], "points": {"exterior": [[840.0, 391.0], [857.0, 377.0], [881.0, 364.0], [905.0, 353.0], [937.0, 341.0], [968.0, 335.0], [1000.0, 333.0], [1026.0, 335.0], [1075.0, 339.0], [1115.0, 354.0], [1141.0, 367.0], [1164.0, 384.0], [1182.0, 404.0], [1197.0, 419.0], [1208.0, 435.0], [1215.0, 456.0], [987.0, 835.0], [941.0, 831.0], [909.0, 824.0], [887.0, 816.0], [861.0, 808.0], [836.0, 793.0], [809.0, 776.0], [791.0, 754.0], [776.0, 735.0], [761.0, 710.0], [750.0, 684.0], [747.0, 654.0], [746.0, 626.0], [747.0, 597.0], [750.0, 570.0], [755.0, 544.0], [760.0, 521.0], [765.0, 497.0], [776.0, 474.0], [785.0, 458.0], [795.0, 439.0], [809.0, 422.0], [821.0, 409.0]], "interior": []}, "classId": 3, "classTitle": "Riot Shield"}, {"id": 84403599, "description": "", "geometryType": "polygon", "labelerLogin": "", "createdAt": "", "updatedAt": "", "tags": [], "points": {"exterior": [[137.0, 458.0], [129.0, 428.0], [128.0, 396.0], [129.0, 359.0], [134.0, 335.0], [146.0, 309.0]], "interior": []}, "classId": 3, "classTitle": "Riot Shield"}, {"id": 19611024, "description": "", "geometryType": "polygon", "labelerLogin": "", "createdAt": "", "updatedAt": "", "tags": [], "points": {"exterior": [[585.0, 254.0], [585.0, 209.0], [612.0, 136.0], [637.0, 80.0], [692.0, 25.0], [752.0, 7.0], [832.0, 0.0], [821.0, 90.0], [656.0, 279.0]], "interior": []}, "classId": 3, "classTitle": "Riot Shield"}]}