{"tags": [], "size": {"height": 1080, "width": 1920}, "objects": [{"id": 22515493, "description": "", "geometryType": "polygon", "labelerLogin": "", "createdAt": "", "updatedAt": "", "tags": [], "points": {"exterior": [[0.0, 427.0], [63.0, 424.0], [130.0, 419.0], [211.0, 408.0], [226.0, 537.0], [248.0, 703.0], [284.0, 954.0], [267.0, 982.0], [200.0, 1028.0], [104.0, 1067.0], [60.0, 1079.0], [0.0, 1079.0]], "interior": []}, "classId": 3, "classTitle": "Riot Shield"}, {"id": 52562235, "description": "", "geometryType": "polygon", "labelerLogin": "", "createdAt": "", "updatedAt": "", "tags": [], "points": {"exterior": [[209.0, 411.0], [305.0, 401.0], [358.0, 399.0], [437.0, 393.0], [516.0, 387.0], [531.0, 619.0], [549.0, 871.0], [538.0, 888.0], [478.0, 922.0], [430.0, 942.0], [347.0, 956.0], [296.0, 956.0], [279.0, 952.0]], "interior": []}, "classId": 3, "classTitle": "Riot Shield"}, {"id": 35925227, "description": "", "geometryType": "polygon", "labelerLogin": "", "createdAt": "", "updatedAt": "", "tags": [], "points": {"exterior": [[485.0, 382.0], [549.0, 376.0], [632.0, 369.0], [691.0, 362.0], [707.0, 566.0], [709.0, 592.0], [651.0, 722.0], [631.0, 743.0], [565.0, 860.0], [544.0, 871.0]], "interior": []}, "classId": 3, "classTitle": "Riot Shield"}, {"id": 56207319, "description": "", "geometryType": "polygon", "labelerLogin": "", "createdAt": "", "updatedAt": "", "tags": [], "points": {"exterior": [[680.0, 369.0], [767.0, 357.0], [828.0, 353.0], [840.0, 561.0], [851.0, 709.0], [812.0, 709.0], [799.0, 708.0], [699.0, 596.0]], "interior": []}, "classId": 3, "classTitle": "Riot Shield"}, {"id": 43042846, "description": "", "geometryType": "polygon", "labelerLogin": "", "createdAt": "", "updatedAt": "", "tags": [], "points": {"exterior": [[840.0, 707.0], [883.0, 717.0], [896.0, 727.0], [928.0, 720.0], [957.0, 702.0], [972.0, 681.0], [943.0, 335.0], [811.0, 354.0]], "interior": []}, "classId": 3, "classTitle": "Riot Shield"}, {"id": 24672031, "description": "", "geometryType": "polygon", "labelerLogin": "", "createdAt": "", "updatedAt": "", "tags": [], "points": {"exterior": [[972.0, 680.0], [987.0, 678.0], [1013.0, 678.0], [1028.0, 671.0], [1034.0, 645.0], [1050.0, 518.0], [1031.0, 330.0], [934.0, 343.0]], "interior": []}, "classId": 3, "classTitle": "Riot Shield"}, {"id": 95668807, "description": "", "geometryType": "polygon", "labelerLogin": "", "createdAt": "", "updatedAt": "", "tags": [], "points": {"exterior": [[1026.0, 336.0], [1129.0, 325.0], [1139.0, 442.0], [1142.0, 486.0], [1145.0, 508.0], [1148.0, 533.0], [1043.0, 530.0]], "interior": []}, "classId": 3, "classTitle": "Riot Shield"}, {"id": 37818166, "description": "", "geometryType": "polygon", "labelerLogin": "", "createdAt": "", "updatedAt": "", "tags": [], "points": {"exterior": [[1168.0, 612.0], [1187.0, 608.0], [1203.0, 606.0], [1218.0, 600.0], [1232.0, 586.0], [1233.0, 538.0], [1233.0, 499.0], [1232.0, 455.0], [1231.0, 404.0], [1228.0, 357.0], [1226.0, 320.0], [1196.0, 324.0], [1173.0, 328.0], [1152.0, 331.0], [1138.0, 335.0], [1121.0, 338.0], [1136.0, 530.0], [1157.0, 555.0]], "interior": []}, "classId": 3, "classTitle": "Riot Shield"}, {"id": 43895491, "description": "", "geometryType": "polygon", "labelerLogin": "", "createdAt": "", "updatedAt": "", "tags": [], "points": {"exterior": [[1215.0, 324.0], [1235.0, 322.0], [1257.0, 321.0], [1281.0, 319.0], [1306.0, 319.0], [1309.0, 349.0], [1314.0, 388.0], [1316.0, 409.0], [1321.0, 457.0], [1323.0, 489.0], [1281.0, 576.0], [1262.0, 580.0], [1239.0, 580.0], [1227.0, 579.0], [1222.0, 570.0]], "interior": []}, "classId": 3, "classTitle": "Riot Shield"}, {"id": 72109934, "description": "", "geometryType": "polygon", "labelerLogin": "", "createdAt": "", "updatedAt": "", "tags": [], "points": {"exterior": [[1302.0, 324.0], [1319.0, 324.0], [1338.0, 321.0], [1363.0, 320.0], [1384.0, 322.0], [1388.0, 353.0], [1391.0, 396.0], [1393.0, 430.0], [1396.0, 480.0], [1399.0, 498.0], [1399.0, 515.0], [1325.0, 490.0], [1311.0, 483.0]], "interior": []}, "classId": 3, "classTitle": "Riot Shield"}]}