{"tags": [], "size": {"height": 1080, "width": 1920}, "objects": [{"id": 17503051, "description": "", "geometryType": "polygon", "labelerLogin": "", "createdAt": "", "updatedAt": "", "tags": [], "points": {"exterior": [[1080.0, 79.0], [1134.0, 82.0], [1180.0, 77.0], [1224.0, 77.0], [1250.0, 75.0], [1262.0, 76.0], [1266.0, 81.0], [1269.0, 88.0], [1285.0, 144.0], [1276.0, 321.0], [1266.0, 560.0], [1250.0, 1049.0], [1116.0, 1079.0], [1048.0, 1079.0], [1056.0, 822.0], [1056.0, 685.0], [1062.0, 252.0], [1037.0, 227.0]], "interior": []}, "classId": 3, "classTitle": "Riot Shield"}]}