{"tags": [], "size": {"height": 1080, "width": 1920}, "objects": [{"id": 52078623, "description": "", "geometryType": "polygon", "labelerLogin": "", "createdAt": "", "updatedAt": "", "tags": [], "points": {"exterior": [[133.0, 464.0], [117.0, 471.0], [106.0, 481.0], [101.0, 494.0], [101.0, 510.0], [168.0, 1079.0], [431.0, 1079.0], [473.0, 1052.0], [485.0, 1035.0], [487.0, 1015.0], [453.0, 465.0], [444.0, 452.0], [430.0, 439.0], [412.0, 432.0], [391.0, 430.0]], "interior": []}, "classId": 3, "classTitle": "Riot Shield"}, {"id": 77389380, "description": "", "geometryType": "polygon", "labelerLogin": "", "createdAt": "", "updatedAt": "", "tags": [], "points": {"exterior": [[488.0, 434.0], [477.0, 443.0], [469.0, 454.0], [465.0, 467.0], [505.0, 937.0], [508.0, 950.0], [515.0, 962.0], [526.0, 970.0], [539.0, 975.0], [568.0, 869.0], [704.0, 586.0], [754.0, 439.0], [753.0, 429.0], [740.0, 421.0], [725.0, 418.0]], "interior": []}, "classId": 3, "classTitle": "Riot Shield"}]}