{"tags": [], "size": {"height": 1080, "width": 1920}, "objects": [{"id": 56709895, "description": "", "geometryType": "polygon", "labelerLogin": "", "createdAt": "", "updatedAt": "", "tags": [], "points": {"exterior": [[738.0, 462.0], [713.0, 464.0], [701.0, 481.0], [692.0, 498.0], [713.0, 1079.0], [1002.0, 1079.0], [1015.0, 1070.0], [1020.0, 1047.0], [1004.0, 491.0], [999.0, 467.0], [990.0, 453.0], [973.0, 438.0]], "interior": []}, "classId": 3, "classTitle": "Riot Shield"}, {"id": 56550155, "description": "", "geometryType": "polygon", "labelerLogin": "", "createdAt": "", "updatedAt": "", "tags": [], "points": {"exterior": [[1049.0, 436.0], [1026.0, 451.0], [1022.0, 476.0], [1042.0, 949.0], [1047.0, 964.0], [1055.0, 974.0], [1068.0, 983.0], [1087.0, 989.0], [1275.0, 961.0], [1287.0, 956.0], [1298.0, 947.0], [1303.0, 938.0], [1304.0, 923.0], [1303.0, 431.0], [1294.0, 412.0], [1273.0, 405.0], [1243.0, 405.0]], "interior": []}, "classId": 3, "classTitle": "Riot Shield"}]}