{"tags": [], "size": {"height": 720, "width": 1280}, "objects": [{"id": 54653512, "description": "", "geometryType": "polygon", "labelerLogin": "", "createdAt": "", "updatedAt": "", "tags": [], "points": {"exterior": [[582, 308], [603, 292], [623, 276], [653, 264], [670, 255], [673, 222], [708, 201], [723, 199], [725, 162], [750, 122], [767, 103], [802, 100], [862, 91], [879, 65], [868, 15], [857, 2], [848, 2], [460, 2], [446, 24], [430, 40], [433, 430], [461, 420], [478, 419], [503, 420], [526, 404], [509, 391], [489, 380], [509, 364], [527, 368], [537, 369], [555, 364], [560, 349], [560, 327]], "interior": []}, "classId": 7, "classTitle": "Chemical Smoke"}, {"id": 85723191, "description": "", "geometryType": "polygon", "labelerLogin": "", "createdAt": "", "updatedAt": "", "tags": [], "points": {"exterior": [[798, 382], [780, 386], [766, 398], [741, 413], [739, 413], [721, 419], [707, 430], [707, 437], [706, 452], [696, 457], [696, 463], [696, 482], [697, 489], [714, 507], [726, 515], [747, 522], [791, 480], [798, 474], [802, 463], [802, 446], [802, 441], [802, 430], [800, 424], [804, 417], [806, 400]], "interior": []}, "classId": 7, "classTitle": "Chemical Smoke"}]}