{"tags": [], "size": {"height": 646, "width": 962}, "objects": [{"id": 41709064, "description": "", "geometryType": "polygon", "labelerLogin": "", "createdAt": "", "updatedAt": "", "tags": [], "points": {"exterior": [[630, 402], [686, 385], [753, 370], [765, 334], [755, 333], [751, 311], [747, 299], [712, 312], [705, 327], [689, 335], [669, 344], [657, 354], [634, 358], [624, 359], [610, 366], [608, 367], [599, 367], [599, 352], [587, 323], [578, 307], [570, 295], [556, 301], [544, 315], [516, 332], [506, 361], [500, 396], [524, 404], [569, 400], [591, 399], [595, 371], [607, 370], [609, 385], [609, 389], [609, 389], [611, 389]], "interior": []}, "classId": 7, "classTitle": "Chemical Smoke"}]}