{"tags": [], "size": {"height": 440, "width": 660}, "objects": [{"id": 48238572, "description": "", "geometryType": "polygon", "labelerLogin": "", "createdAt": "", "updatedAt": "", "tags": [], "points": {"exterior": [[396, 248], [411, 227], [421, 212], [425, 198], [428, 186], [428, 169], [428, 152], [412, 147], [408, 149], [398, 166], [397, 188], [386, 198], [366, 200], [355, 200], [334, 190], [319, 195], [299, 207], [290, 219], [299, 219], [316, 224], [320, 230], [321, 238], [330, 249], [338, 256], [349, 258], [372, 256]], "interior": []}, "classId": 7, "classTitle": "Chemical Smoke"}, {"id": 21325253, "description": "", "geometryType": "polygon", "labelerLogin": "", "createdAt": "", "updatedAt": "", "tags": [], "points": {"exterior": [[377, 173], [383, 163], [385, 156], [384, 147], [381, 146], [365, 145], [359, 150], [351, 157], [344, 160], [334, 158], [333, 146], [334, 140], [334, 134], [325, 124], [324, 124], [306, 127], [300, 131], [297, 135], [284, 142], [281, 144], [276, 153], [285, 160], [285, 160], [279, 169], [282, 171], [283, 181], [288, 187], [295, 184], [306, 184], [317, 184], [328, 184], [344, 184], [351, 186], [371, 177]], "interior": []}, "classId": 7, "classTitle": "Chemical Smoke"}, {"id": 90782752, "description": "", "geometryType": "polygon", "labelerLogin": "", "createdAt": "", "updatedAt": "", "tags": [], "points": {"exterior": [[166, 166], [143, 157], [142, 157], [135, 162], [130, 166], [124, 172], [113, 169], [113, 169], [93, 153], [93, 153], [79, 157], [63, 164], [49, 172], [54, 184], [70, 192], [79, 194], [95, 192], [116, 191], [139, 191], [155, 188], [170, 184], [172, 176]], "interior": []}, "classId": 7, "classTitle": "Chemical Smoke"}, {"id": 80893037, "description": "", "geometryType": "polygon", "labelerLogin": "", "createdAt": "", "updatedAt": "", "tags": [], "points": {"exterior": [[201, 93], [200, 85], [193, 79], [188, 76], [188, 76], [181, 80], [182, 82], [179, 90], [169, 95], [161, 97], [158, 97], [159, 97], [161, 107], [165, 105], [175, 108], [182, 105], [190, 103], [195, 100], [202, 106]], "interior": []}, "classId": 7, "classTitle": "Chemical Smoke"}]}