{"tags": [], "size": {"height": 408, "width": 728}, "objects": [{"id": 55802619, "description": "", "geometryType": "polygon", "labelerLogin": "", "createdAt": "", "updatedAt": "", "tags": [], "points": {"exterior": [[22, 249], [32, 224], [45, 210], [58, 206], [58, 200], [50, 179], [62, 171], [74, 167], [86, 166], [101, 175], [112, 193], [103, 209], [117, 214], [123, 219], [122, 240], [123, 262], [118, 281], [118, 298], [119, 315], [105, 308], [87, 310], [62, 311], [53, 310], [56, 291], [45, 268], [26, 269]], "interior": []}, "classId": 1, "classTitle": "Officer"}, {"id": 69500614, "description": "", "geometryType": "polygon", "labelerLogin": "", "createdAt": "", "updatedAt": "", "tags": [], "points": {"exterior": [[218, 318], [214, 292], [211, 279], [193, 280], [194, 265], [209, 254], [221, 238], [210, 215], [207, 205], [202, 192], [191, 191], [188, 203], [183, 209], [171, 196], [170, 185], [166, 177], [144, 179], [140, 185], [138, 203], [122, 204], [116, 206], [125, 211], [126, 229], [125, 257], [122, 293], [121, 311], [121, 321], [184, 321]], "interior": []}, "classId": 1, "classTitle": "Officer"}, {"id": 41307271, "description": "", "geometryType": "polygon", "labelerLogin": "", "createdAt": "", "updatedAt": "", "tags": [], "points": {"exterior": [[258, 216], [284, 193], [295, 186], [308, 175], [312, 151], [331, 146], [353, 159], [351, 180], [353, 194], [377, 205], [382, 223], [376, 244], [365, 254], [367, 291], [364, 311], [364, 324], [264, 320], [271, 271], [271, 248], [253, 256], [244, 245], [250, 221]], "interior": []}, "classId": 1, "classTitle": "Officer"}, {"id": 16860217, "description": "", "geometryType": "polygon", "labelerLogin": "", "createdAt": "", "updatedAt": "", "tags": [], "points": {"exterior": [[421, 211], [412, 195], [388, 189], [388, 183], [393, 177], [393, 163], [392, 156], [382, 152], [365, 154], [364, 166], [362, 170], [362, 180], [361, 184], [354, 189], [357, 194], [372, 199], [379, 206], [383, 217], [381, 235], [378, 248], [367, 256], [369, 277], [369, 296], [367, 307], [367, 323], [426, 321], [423, 296], [428, 277], [432, 263], [431, 242], [428, 222]], "interior": []}, "classId": 1, "classTitle": "Officer"}, {"id": 57203185, "description": "", "geometryType": "polygon", "labelerLogin": "", "createdAt": "", "updatedAt": "", "tags": [], "points": {"exterior": [[438, 193], [457, 178], [470, 171], [468, 162], [467, 149], [478, 142], [494, 143], [497, 164], [501, 175], [507, 181], [515, 194], [516, 201], [514, 222], [516, 234], [514, 245], [512, 254], [511, 277], [510, 297], [505, 325], [451, 323], [440, 276], [441, 254], [442, 234], [439, 216]], "interior": []}, "classId": 1, "classTitle": "Officer"}, {"id": 40519353, "description": "", "geometryType": "polygon", "labelerLogin": "", "createdAt": "", "updatedAt": "", "tags": [], "points": {"exterior": [[520, 186], [536, 174], [537, 163], [537, 151], [548, 140], [561, 139], [569, 142], [576, 150], [578, 160], [583, 167], [585, 172], [591, 179], [605, 184], [608, 191], [613, 206], [591, 216], [580, 226], [582, 234], [594, 243], [597, 254], [595, 266], [599, 273], [599, 296], [598, 320], [599, 325], [519, 326], [520, 286], [519, 257], [517, 235], [516, 209]], "interior": []}, "classId": 1, "classTitle": "Officer"}, {"id": 16257176, "description": "", "geometryType": "polygon", "labelerLogin": "", "createdAt": "", "updatedAt": "", "tags": [], "points": {"exterior": [[230, 212], [241, 191], [257, 179], [256, 168], [257, 159], [265, 152], [279, 150], [284, 160], [288, 172], [292, 180], [297, 181], [275, 194], [268, 204], [254, 214], [245, 222], [244, 250], [254, 260], [269, 252], [266, 285], [261, 322], [251, 323], [237, 249], [226, 252], [220, 243], [219, 227]], "interior": []}, "classId": 1, "classTitle": "Officer"}, {"id": 90683690, "description": "", "geometryType": "polygon", "labelerLogin": "", "createdAt": "", "updatedAt": "", "tags": [], "points": {"exterior": [[630, 193], [648, 183], [645, 163], [657, 146], [673, 141], [693, 146], [696, 165], [706, 186], [724, 190], [726, 200], [726, 324], [619, 323], [619, 305], [610, 289], [603, 276], [599, 259], [597, 248], [591, 240], [580, 230], [585, 223], [594, 216], [611, 209], [617, 202]], "interior": []}, "classId": 1, "classTitle": "Officer"}]}