{"tags": [], "size": {"height": 300, "width": 600}, "objects": [{"id": 93936234, "description": "", "geometryType": "polygon", "labelerLogin": "", "createdAt": "", "updatedAt": "", "tags": [], "points": {"exterior": [[371, 104], [365, 91], [357, 84], [350, 79], [348, 74], [344, 68], [341, 57], [336, 46], [321, 46], [320, 46], [310, 56], [305, 69], [299, 53], [298, 43], [295, 34], [296, 23], [293, 16], [289, 13], [280, 17], [276, 30], [275, 49], [278, 67], [282, 75], [287, 81], [292, 87], [297, 95], [300, 103], [343, 109], [347, 112], [354, 112], [360, 110], [365, 107]], "interior": []}, "classId": 2, "classTitle": "Civilian"}, {"id": 68634526, "description": "", "geometryType": "polygon", "labelerLogin": "", "createdAt": "", "updatedAt": "", "tags": [], "points": {"exterior": [[442, 86], [436, 80], [434, 77], [429, 69], [426, 61], [424, 55], [422, 44], [418, 36], [408, 34], [396, 38], [391, 47], [387, 59], [387, 67], [385, 70], [381, 67], [380, 62], [384, 49], [385, 38], [386, 29], [384, 25], [376, 26], [370, 28], [366, 32], [364, 51], [359, 64], [358, 70], [359, 75], [361, 81], [362, 87], [372, 106], [445, 95], [451, 100], [465, 95], [461, 94]], "interior": []}, "classId": 2, "classTitle": "Civilian"}, {"id": 31521595, "description": "", "geometryType": "polygon", "labelerLogin": "", "createdAt": "", "updatedAt": "", "tags": [], "points": {"exterior": [[270, 99], [263, 93], [259, 84], [260, 77], [259, 71], [258, 67], [255, 63], [246, 64], [238, 65], [229, 71], [226, 78], [226, 86], [220, 90], [209, 88], [206, 86], [201, 80], [201, 74], [200, 63], [201, 59], [197, 56], [190, 53], [181, 65], [184, 78], [183, 85], [186, 92], [191, 103], [254, 103], [259, 106], [263, 106], [268, 105]], "interior": []}, "classId": 2, "classTitle": "Civilian"}, {"id": 75168030, "description": "", "geometryType": "polygon", "labelerLogin": "", "createdAt": "", "updatedAt": "", "tags": [], "points": {"exterior": [[174, 105], [170, 97], [151, 99], [147, 96], [142, 95], [135, 91], [129, 82], [124, 74], [122, 69], [119, 65], [111, 63], [101, 67], [94, 76], [93, 80], [90, 90], [74, 94], [67, 93], [62, 91], [59, 83], [59, 73], [59, 64], [54, 59], [46, 58], [36, 62], [32, 71], [24, 89], [26, 93], [36, 106], [156, 102], [157, 107], [162, 111], [165, 111]], "interior": []}, "classId": 2, "classTitle": "Civilian"}, {"id": 82654503, "description": "", "geometryType": "polygon", "labelerLogin": "", "createdAt": "", "updatedAt": "", "tags": [], "points": {"exterior": [[167, 73], [160, 61], [155, 50], [148, 48], [138, 48], [133, 55], [134, 70], [132, 78], [131, 82], [137, 87], [142, 92], [149, 95], [151, 96], [157, 97], [165, 97], [172, 99], [175, 88], [172, 81]], "interior": []}, "classId": 2, "classTitle": "Civilian"}, {"id": 69520530, "description": "", "geometryType": "polygon", "labelerLogin": "", "createdAt": "", "updatedAt": "", "tags": [], "points": {"exterior": [[57, 228], [58, 209], [59, 198], [57, 182], [5, 107], [17, 111], [23, 110], [26, 107], [31, 103], [24, 88], [26, 81], [26, 72], [24, 67], [13, 57], [8, 55], [2, 56], [2, 298], [11, 295], [15, 241], [21, 227], [34, 253], [40, 267], [42, 278], [43, 291], [44, 298], [60, 298], [71, 291], [74, 282], [71, 259], [69, 253], [64, 243]], "interior": []}, "classId": 2, "classTitle": "Civilian"}, {"id": 70724202, "description": "", "geometryType": "polygon", "labelerLogin": "", "createdAt": "", "updatedAt": "", "tags": [], "points": {"exterior": [[559, 74], [571, 65], [577, 43], [579, 37], [577, 26], [572, 20], [566, 18], [564, 19], [558, 33], [560, 42], [559, 51], [552, 57], [540, 57], [534, 56], [533, 54], [540, 46], [539, 36], [529, 30], [524, 26], [508, 23], [498, 27], [492, 36], [482, 46], [473, 53], [470, 60], [468, 69], [466, 74], [468, 82], [473, 94], [481, 230], [481, 237], [479, 248], [477, 257], [495, 262], [513, 258], [528, 258], [521, 241], [514, 234], [515, 224], [501, 220], [481, 222], [474, 94], [533, 79], [537, 81], [540, 83], [543, 83], [548, 80]], "interior": []}, "classId": 2, "classTitle": "Civilian"}, {"id": 67031339, "description": "", "geometryType": "polygon", "labelerLogin": "", "createdAt": "", "updatedAt": "", "tags": [], "points": {"exterior": [[456, 55], [452, 42], [449, 38], [444, 36], [437, 38], [428, 39], [424, 46], [424, 55], [429, 71], [431, 74], [439, 80], [444, 83], [451, 90], [455, 91], [467, 92], [466, 72], [468, 66], [476, 57], [474, 49], [469, 45], [466, 42], [460, 38], [457, 36], [456, 38], [456, 42], [454, 49]], "interior": []}, "classId": 2, "classTitle": "Civilian"}, {"id": 82168837, "description": "", "geometryType": "polygon", "labelerLogin": "", "createdAt": "", "updatedAt": "", "tags": [], "points": {"exterior": [[574, 158], [569, 154], [568, 145], [571, 133], [574, 119], [578, 106], [581, 94], [583, 85], [585, 74], [589, 71], [598, 65], [598, 172], [584, 207], [583, 211], [578, 215], [573, 211], [568, 209], [566, 207], [564, 203], [564, 195], [566, 181]], "interior": []}, "classId": 2, "classTitle": "Civilian"}, {"id": 89637716, "description": "", "geometryType": "polygon", "labelerLogin": "", "createdAt": "", "updatedAt": "", "tags": [], "points": {"exterior": [[554, 130], [550, 117], [546, 102], [549, 82], [553, 78], [573, 64], [577, 46], [577, 28], [577, 26], [583, 23], [590, 25], [594, 28], [595, 32], [598, 40], [598, 65], [582, 72], [583, 78], [578, 103], [569, 145], [568, 156], [568, 163], [568, 169], [564, 180], [562, 188], [558, 186], [552, 174], [551, 168]], "interior": []}, "classId": 2, "classTitle": "Civilian"}]}