{"tags": [], "size": {"height": 165, "width": 220}, "objects": [{"id": 55771187, "description": "", "geometryType": "polygon", "labelerLogin": "", "createdAt": "", "updatedAt": "", "tags": [], "points": {"exterior": [[189, 83], [184, 78], [184, 68], [184, 57], [184, 49], [183, 40], [180, 35], [177, 31], [172, 28], [167, 26], [157, 25], [151, 27], [149, 29], [146, 31], [143, 34], [141, 41], [139, 47], [139, 53], [135, 56], [130, 61], [123, 71], [115, 81], [111, 91], [106, 108], [101, 131], [100, 138], [101, 145], [102, 152], [103, 157], [104, 163], [218, 163], [218, 138], [214, 131], [210, 124], [207, 115], [204, 106], [201, 99], [196, 92]], "interior": []}, "classId": 1, "classTitle": "Officer"}, {"id": 10359809, "description": "", "geometryType": "polygon", "labelerLogin": "", "createdAt": "", "updatedAt": "", "tags": [], "points": {"exterior": [[103, 100], [99, 101], [96, 102], [96, 102], [95, 104], [95, 107], [95, 112], [95, 114], [94, 118], [95, 123], [95, 128], [94, 132], [93, 135], [92, 139], [91, 143], [90, 149], [89, 157], [88, 161], [88, 163], [97, 163], [99, 151], [99, 143], [99, 140], [99, 135], [100, 128], [101, 125], [102, 120], [104, 115], [105, 109], [105, 104]], "interior": []}, "classId": 2, "classTitle": "Civilian"}, {"id": 35744991, "description": "", "geometryType": "polygon", "labelerLogin": "", "createdAt": "", "updatedAt": "", "tags": [], "points": {"exterior": [[80, 114], [81, 112], [82, 108], [83, 104], [85, 102], [88, 100], [89, 100], [91, 102], [93, 105], [94, 110], [94, 112], [94, 114], [94, 117], [94, 122], [94, 128], [93, 136], [91, 140], [90, 144], [89, 146], [89, 151], [88, 153], [87, 158], [87, 163], [84, 163], [82, 163], [80, 153], [79, 143], [79, 139], [77, 135], [77, 131], [78, 124], [79, 117]], "interior": []}, "classId": 2, "classTitle": "Civilian"}, {"id": 36939012, "description": "", "geometryType": "polygon", "labelerLogin": "", "createdAt": "", "updatedAt": "", "tags": [], "points": {"exterior": [[73, 108], [71, 104], [70, 103], [68, 103], [66, 106], [64, 108], [61, 112], [57, 119], [57, 125], [59, 128], [59, 132], [59, 137], [61, 143], [61, 146], [60, 151], [60, 153], [60, 157], [65, 157], [67, 139], [68, 154], [68, 159], [68, 160], [71, 161], [73, 160], [75, 158], [75, 147], [75, 139], [76, 130], [76, 126], [77, 123], [77, 117], [77, 114], [74, 109]], "interior": []}, "classId": 2, "classTitle": "Civilian"}, {"id": 93684556, "description": "", "geometryType": "polygon", "labelerLogin": "", "createdAt": "", "updatedAt": "", "tags": [], "points": {"exterior": [[208, 103], [212, 101], [215, 103], [216, 104], [218, 107], [218, 111], [218, 140], [217, 132], [214, 128], [211, 124], [210, 122], [208, 117], [206, 109]], "interior": []}, "classId": 2, "classTitle": "Civilian"}]}