{"tags": [], "size": {"height": 495, "width": 800}, "objects": [{"id": 19813770, "description": "", "geometryType": "polygon", "labelerLogin": "", "createdAt": "", "updatedAt": "", "tags": [], "points": {"exterior": [[391, 162], [394, 185], [438, 166], [464, 159], [463, 161], [468, 164], [479, 163], [477, 160], [510, 156], [513, 155], [541, 150], [540, 143], [475, 149], [472, 147], [457, 147], [458, 149], [431, 158]], "interior": []}, "classId": 4, "classTitle": "Gun"}, {"id": 37790436, "description": "", "geometryType": "polygon", "labelerLogin": "", "createdAt": "", "updatedAt": "", "tags": [], "points": {"exterior": [[244, 297], [267, 304], [253, 337], [251, 342], [249, 365], [245, 377], [247, 381], [243, 387], [241, 390], [225, 428], [220, 431], [207, 461], [199, 458], [210, 427], [195, 418], [196, 413], [213, 419], [227, 389], [222, 387], [228, 370], [229, 367], [237, 368], [241, 355], [242, 339]], "interior": []}, "classId": 4, "classTitle": "Gun"}, {"id": 74351869, "description": "", "geometryType": "polygon", "labelerLogin": "", "createdAt": "", "updatedAt": "", "tags": [], "points": {"exterior": [[341, 395], [350, 401], [379, 357], [377, 338], [364, 361], [349, 353], [345, 359], [359, 368]], "interior": []}, "classId": 4, "classTitle": "Gun"}, {"id": 17255654, "description": "", "geometryType": "polygon", "labelerLogin": "", "createdAt": "", "updatedAt": "", "tags": [], "points": {"exterior": [[355, 301], [359, 317], [361, 316], [364, 337], [365, 341], [366, 353], [364, 359], [362, 360], [358, 349], [341, 353], [339, 349], [339, 347], [355, 342], [347, 314], [343, 316], [343, 313], [345, 310], [343, 304], [343, 302], [345, 301], [347, 302]], "interior": []}, "classId": 4, "classTitle": "Gun"}, {"id": 44681826, "description": "", "geometryType": "polygon", "labelerLogin": "", "createdAt": "", "updatedAt": "", "tags": [], "points": {"exterior": [[416, 431], [432, 390], [442, 337], [448, 306], [447, 270], [452, 266], [450, 249], [450, 236], [450, 217], [445, 208], [480, 212], [502, 192], [518, 175], [520, 157], [505, 157], [503, 159], [490, 165], [468, 175], [464, 166], [460, 163], [451, 164], [430, 172], [430, 156], [433, 139], [425, 113], [408, 112], [388, 120], [386, 136], [383, 146], [358, 160], [349, 187], [348, 223], [353, 249], [366, 288], [371, 312], [380, 352], [379, 383], [373, 431], [374, 455], [366, 475], [366, 491], [438, 491], [444, 481], [434, 469], [419, 467], [412, 460], [410, 444]], "interior": []}, "classId": 1, "classTitle": "Officer"}, {"id": 38847803, "description": "", "geometryType": "polygon", "labelerLogin": "", "createdAt": "", "updatedAt": "", "tags": [], "points": {"exterior": [[329, 283], [320, 221], [343, 230], [347, 231], [347, 200], [321, 179], [305, 172], [308, 167], [304, 144], [287, 134], [274, 135], [265, 140], [261, 152], [258, 156], [258, 165], [259, 174], [252, 177], [252, 187], [250, 195], [248, 202], [245, 217], [250, 226], [244, 244], [257, 263], [262, 281], [264, 295], [264, 301], [269, 301], [252, 345], [248, 371], [246, 387], [245, 420], [250, 447], [254, 474], [279, 476], [297, 476], [340, 478], [338, 468], [326, 454], [329, 414], [326, 335], [327, 313]], "interior": []}, "classId": 1, "classTitle": "Officer"}, {"id": 16196731, "description": "", "geometryType": "polygon", "labelerLogin": "", "createdAt": "", "updatedAt": "", "tags": [], "points": {"exterior": [[178, 214], [188, 192], [193, 176], [210, 149], [222, 152], [238, 154], [247, 162], [247, 173], [250, 181], [250, 187], [247, 199], [244, 211], [242, 217], [247, 221], [245, 230], [243, 236], [242, 246], [252, 258], [257, 271], [261, 283], [263, 299], [240, 298], [239, 355], [235, 366], [228, 367], [223, 392], [215, 405], [210, 416], [195, 413], [193, 420], [207, 427], [197, 459], [208, 463], [222, 433], [226, 427], [230, 415], [233, 491], [179, 491], [176, 437], [172, 400], [163, 344], [164, 318], [165, 288], [166, 245]], "interior": []}, "classId": 1, "classTitle": "Officer"}, {"id": 23358038, "description": "", "geometryType": "polygon", "labelerLogin": "", "createdAt": "", "updatedAt": "", "tags": [], "points": {"exterior": [[94, 205], [102, 197], [103, 182], [106, 167], [112, 157], [129, 151], [150, 157], [153, 163], [165, 172], [159, 190], [161, 212], [160, 224], [159, 240], [163, 252], [163, 266], [164, 285], [160, 329], [157, 362], [162, 394], [160, 432], [156, 470], [165, 481], [175, 485], [174, 493], [108, 493], [105, 460], [106, 427], [103, 392], [111, 374], [108, 344], [98, 313], [94, 283], [91, 224], [86, 219], [91, 212]], "interior": []}, "classId": 1, "classTitle": "Officer"}, {"id": 51260480, "description": "", "geometryType": "polygon", "labelerLogin": "", "createdAt": "", "updatedAt": "", "tags": [], "points": {"exterior": [[17, 185], [14, 165], [20, 156], [37, 147], [53, 146], [64, 152], [70, 156], [74, 158], [77, 170], [81, 190], [81, 205], [80, 218], [91, 224], [94, 248], [93, 271], [96, 288], [96, 304], [99, 320], [108, 352], [111, 372], [106, 382], [100, 394], [106, 493], [69, 493], [64, 452], [52, 493], [7, 493], [18, 417], [29, 409], [39, 379], [34, 340], [28, 318], [12, 238], [14, 211], [22, 208], [27, 206]], "interior": []}, "classId": 1, "classTitle": "Officer"}]}