{"tags": [], "size": {"height": 424, "width": 667}, "objects": [{"id": 25890025, "description": "", "geometryType": "polygon", "labelerLogin": "", "createdAt": "", "updatedAt": "", "tags": [], "points": {"exterior": [[239, 194], [264, 161], [264, 158], [263, 150], [256, 148], [248, 151], [242, 156], [240, 159], [236, 165], [234, 172], [234, 193]], "interior": []}, "classId": 5, "classTitle": "Pepper Spray"}, {"id": 23059494, "description": "", "geometryType": "polygon", "labelerLogin": "", "createdAt": "", "updatedAt": "", "tags": [], "points": {"exterior": [[250, 310], [239, 259], [237, 242], [233, 227], [236, 221], [246, 204], [247, 194], [257, 171], [229, 174], [243, 161], [247, 156], [257, 157], [256, 147], [252, 141], [247, 140], [233, 142], [220, 155], [203, 111], [196, 103], [191, 97], [171, 93], [170, 93], [167, 86], [169, 72], [189, 60], [193, 51], [181, 38], [169, 27], [163, 14], [154, 3], [143, 2], [128, 2], [96, 5], [72, 25], [68, 44], [73, 71], [64, 87], [46, 94], [35, 105], [13, 122], [5, 131], [2, 160], [10, 205], [19, 219], [82, 217], [101, 205], [110, 187], [114, 182], [125, 179], [129, 183], [122, 197], [114, 219], [170, 219], [173, 220], [177, 231], [142, 240], [183, 246], [183, 251], [180, 265], [174, 271], [134, 268], [156, 284], [158, 292], [145, 297], [120, 284], [51, 267], [26, 267], [18, 271], [19, 294], [19, 307], [14, 324], [16, 335], [18, 347], [17, 370], [13, 385], [6, 410], [2, 422], [7, 422], [228, 422], [245, 412], [250, 360], [250, 350], [248, 332]], "interior": []}, "classId": 1, "classTitle": "Officer"}, {"id": 56458691, "description": "", "geometryType": "polygon", "labelerLogin": "", "createdAt": "", "updatedAt": "", "tags": [], "points": {"exterior": [[306, 296], [293, 278], [283, 258], [278, 200], [277, 183], [274, 169], [269, 156], [266, 144], [271, 131], [290, 115], [299, 106], [307, 100], [323, 85], [306, 70], [291, 60], [276, 50], [266, 41], [249, 41], [237, 45], [225, 51], [215, 67], [210, 82], [212, 112], [209, 128], [213, 136], [220, 154], [232, 142], [237, 140], [243, 137], [253, 142], [258, 151], [264, 163], [248, 193], [247, 203], [238, 224], [252, 314], [249, 376], [246, 387], [243, 401], [242, 411], [235, 422], [309, 422], [308, 395], [300, 381], [294, 369], [289, 354], [288, 317], [302, 327], [304, 339], [306, 355], [314, 362], [332, 360], [342, 352], [345, 336], [318, 307], [310, 300]], "interior": []}, "classId": 2, "classTitle": "Civilian"}, {"id": 91134434, "description": "", "geometryType": "polygon", "labelerLogin": "", "createdAt": "", "updatedAt": "", "tags": [], "points": {"exterior": [[659, 373], [665, 360], [665, 347], [665, 334], [662, 321], [659, 308], [649, 300], [631, 295], [622, 298], [609, 304], [604, 308], [591, 318], [595, 329], [591, 337], [592, 351], [586, 358], [573, 358], [564, 371], [559, 386], [548, 422], [665, 422], [665, 381]], "interior": []}, "classId": 2, "classTitle": "Civilian"}, {"id": 79470724, "description": "", "geometryType": "polygon", "labelerLogin": "", "createdAt": "", "updatedAt": "", "tags": [], "points": {"exterior": [[336, 399], [344, 389], [356, 376], [376, 364], [391, 353], [391, 353], [403, 353], [424, 353], [446, 339], [460, 334], [466, 333], [475, 330], [480, 330], [483, 331], [493, 335], [502, 343], [504, 341], [508, 346], [508, 345], [514, 340], [518, 329], [522, 324], [526, 321], [536, 315], [546, 315], [544, 333], [535, 355], [518, 384], [500, 411], [494, 422], [330, 422]], "interior": []}, "classId": 2, "classTitle": "Civilian"}, {"id": 62518434, "description": "", "geometryType": "polygon", "labelerLogin": "", "createdAt": "", "updatedAt": "", "tags": [], "points": {"exterior": [[594, 109], [603, 97], [600, 84], [596, 70], [590, 56], [584, 41], [589, 24], [599, 10], [629, 2], [652, 2], [665, 2], [665, 2], [665, 329], [665, 316], [657, 302], [651, 300], [643, 297], [638, 295], [630, 296], [628, 296], [616, 300], [605, 310], [594, 315], [594, 296], [594, 292], [591, 283], [589, 280], [588, 264], [575, 256], [569, 246], [565, 240], [560, 226], [560, 220], [561, 215], [569, 202], [569, 194], [569, 185], [569, 172], [569, 161], [567, 153], [563, 142], [560, 138], [564, 134], [581, 117]], "interior": []}, "classId": 2, "classTitle": "Civilian"}, {"id": 92161004, "description": "", "geometryType": "polygon", "labelerLogin": "", "createdAt": "", "updatedAt": "", "tags": [], "points": {"exterior": [[398, 269], [411, 251], [419, 236], [434, 222], [441, 216], [458, 203], [469, 198], [478, 190], [488, 173], [490, 145], [489, 135], [488, 127], [492, 119], [501, 114], [505, 113], [520, 120], [538, 126], [555, 136], [562, 147], [569, 159], [580, 183], [556, 219], [574, 255], [582, 273], [585, 297], [586, 316], [590, 329], [590, 341], [591, 360], [590, 370], [588, 386], [576, 396], [570, 394], [561, 384], [546, 422], [513, 422], [493, 422], [543, 343], [543, 338], [524, 366], [509, 368], [503, 365], [498, 359], [496, 347], [493, 339], [484, 332], [477, 330], [453, 335], [433, 347], [423, 350], [419, 351], [404, 354], [390, 357], [388, 310], [390, 298]], "interior": []}, "classId": 2, "classTitle": "Civilian"}, {"id": 18184702, "description": "", "geometryType": "polygon", "labelerLogin": "", "createdAt": "", "updatedAt": "", "tags": [], "points": {"exterior": [[413, 200], [421, 187], [426, 181], [431, 176], [430, 161], [431, 143], [432, 129], [438, 112], [446, 101], [451, 96], [463, 89], [483, 89], [499, 101], [502, 107], [504, 113], [494, 122], [479, 112], [473, 110], [469, 112], [460, 122], [457, 135], [464, 141], [470, 145], [476, 150], [483, 155], [485, 165], [484, 170], [481, 182], [476, 193], [481, 196], [463, 207], [450, 216], [426, 227], [414, 237], [408, 243], [406, 246], [409, 222], [412, 208], [413, 196]], "interior": []}, "classId": 2, "classTitle": "Civilian"}, {"id": 32477843, "description": "", "geometryType": "polygon", "labelerLogin": "", "createdAt": "", "updatedAt": "", "tags": [], "points": {"exterior": [[341, 250], [343, 218], [348, 198], [345, 176], [340, 154], [332, 143], [325, 133], [325, 116], [321, 110], [318, 106], [311, 103], [300, 107], [279, 126], [274, 133], [267, 138], [260, 145], [263, 160], [266, 184], [273, 208], [279, 227], [283, 247], [285, 257], [285, 267], [287, 287], [299, 306], [291, 333], [291, 348], [297, 375], [304, 388], [304, 401], [304, 412], [313, 418], [310, 422], [327, 422], [324, 367], [321, 363], [318, 355], [313, 348], [306, 341], [302, 335], [297, 328], [297, 325], [300, 313], [300, 299], [305, 305], [311, 311], [321, 316], [329, 320], [339, 320], [337, 290], [337, 276]], "interior": []}, "classId": 2, "classTitle": "Civilian"}]}