{"tags": [], "size": {"height": 423, "width": 634}, "objects": [{"id": 35149567, "description": "", "geometryType": "polygon", "labelerLogin": "", "createdAt": "", "updatedAt": "", "tags": [], "points": {"exterior": [[313, 189], [158, 71], [159, 66], [163, 60], [167, 62], [309, 169], [314, 170], [317, 175]], "interior": []}, "classId": 6, "classTitle": "Baton"}, {"id": 74347170, "description": "", "geometryType": "polygon", "labelerLogin": "", "createdAt": "", "updatedAt": "", "tags": [], "points": {"exterior": [[188, 136], [113, 89], [26, 45], [27, 40], [29, 37], [134, 90], [169, 111], [195, 129]], "interior": []}, "classId": 6, "classTitle": "Baton"}, {"id": 42929173, "description": "", "geometryType": "polygon", "labelerLogin": "", "createdAt": "", "updatedAt": "", "tags": [], "points": {"exterior": [[328, 132], [295, 92], [266, 69], [243, 50], [247, 44], [295, 83], [312, 99], [328, 117], [334, 125], [356, 166], [347, 167], [342, 156]], "interior": []}, "classId": 6, "classTitle": "Baton"}, {"id": 40278454, "description": "", "geometryType": "polygon", "labelerLogin": "", "createdAt": "", "updatedAt": "", "tags": [], "points": {"exterior": [[419, 140], [404, 82], [405, 78], [408, 80], [423, 138], [420, 141]], "interior": []}, "classId": 6, "classTitle": "Baton"}, {"id": 31409172, "description": "", "geometryType": "polygon", "labelerLogin": "", "createdAt": "", "updatedAt": "", "tags": [], "points": {"exterior": [[86, 126], [62, 84], [60, 84], [57, 84], [90, 143], [96, 142], [92, 135]], "interior": []}, "classId": 6, "classTitle": "Baton"}, {"id": 94700251, "description": "", "geometryType": "polygon", "labelerLogin": "", "createdAt": "", "updatedAt": "", "tags": [], "points": {"exterior": [[225, 203], [229, 192], [240, 183], [253, 174], [270, 173], [298, 183], [308, 196], [315, 196], [317, 180], [320, 170], [346, 180], [363, 196], [367, 275], [356, 327], [352, 343], [313, 346], [310, 363], [286, 376], [270, 381], [261, 417], [172, 414], [184, 304], [189, 284], [214, 271], [238, 257], [246, 250], [232, 230], [213, 227]], "interior": []}, "classId": 1, "classTitle": "Officer"}, {"id": 99552354, "description": "", "geometryType": "polygon", "labelerLogin": "", "createdAt": "", "updatedAt": "", "tags": [], "points": {"exterior": [[328, 360], [324, 370], [420, 410], [421, 404]], "interior": []}, "classId": 6, "classTitle": "Baton"}, {"id": 82383531, "description": "", "geometryType": "polygon", "labelerLogin": "", "createdAt": "", "updatedAt": "", "tags": [], "points": {"exterior": [[224, 186], [221, 161], [221, 143], [216, 131], [203, 126], [194, 125], [192, 134], [187, 139], [182, 142], [185, 169], [181, 196], [180, 202], [162, 170], [172, 155], [170, 144], [173, 131], [176, 131], [180, 105], [171, 100], [159, 96], [155, 91], [139, 88], [132, 88], [105, 96], [99, 113], [104, 131], [99, 141], [87, 144], [72, 153], [67, 172], [61, 181], [72, 196], [84, 211], [92, 219], [100, 232], [103, 244], [118, 260], [178, 245], [196, 247], [203, 233], [210, 228], [216, 212], [225, 195]], "interior": []}, "classId": 1, "classTitle": "Officer"}, {"id": 12952417, "description": "", "geometryType": "polygon", "labelerLogin": "", "createdAt": "", "updatedAt": "", "tags": [], "points": {"exterior": [[2, 167], [21, 175], [50, 189], [66, 196], [76, 205], [86, 215], [96, 230], [103, 242], [118, 261], [146, 254], [176, 244], [187, 246], [200, 246], [201, 239], [210, 232], [218, 228], [228, 228], [234, 233], [235, 244], [234, 250], [214, 264], [184, 277], [170, 297], [167, 317], [160, 343], [156, 373], [154, 393], [154, 421], [2, 421]], "interior": []}, "classId": 1, "classTitle": "Officer"}, {"id": 51100103, "description": "", "geometryType": "polygon", "labelerLogin": "", "createdAt": "", "updatedAt": "", "tags": [], "points": {"exterior": [[559, 253], [587, 247], [611, 248], [632, 259], [632, 421], [508, 418], [479, 381], [472, 341], [468, 313], [473, 281], [490, 281], [503, 285], [513, 290], [517, 312], [528, 326], [528, 313], [534, 297], [535, 279], [543, 261]], "interior": []}, "classId": 2, "classTitle": "Civilian"}, {"id": 80713294, "description": "", "geometryType": "polygon", "labelerLogin": "", "createdAt": "", "updatedAt": "", "tags": [], "points": {"exterior": [[537, 195], [543, 184], [549, 173], [550, 164], [550, 160], [535, 157], [527, 158], [527, 144], [518, 133], [502, 129], [491, 132], [482, 138], [483, 143], [485, 155], [487, 162], [487, 170], [489, 177], [498, 171], [510, 172], [518, 173], [524, 185], [527, 191]], "interior": []}, "classId": 2, "classTitle": "Civilian"}, {"id": 56811792, "description": "", "geometryType": "polygon", "labelerLogin": "", "createdAt": "", "updatedAt": "", "tags": [], "points": {"exterior": [[385, 77], [384, 72], [378, 66], [375, 66], [372, 73], [372, 78], [368, 78], [364, 84], [365, 87], [368, 87], [372, 89], [377, 87], [380, 85], [382, 82]], "interior": []}, "classId": 2, "classTitle": "Civilian"}, {"id": 33188582, "description": "", "geometryType": "polygon", "labelerLogin": "", "createdAt": "", "updatedAt": "", "tags": [], "points": {"exterior": [[402, 74], [399, 69], [396, 66], [391, 66], [387, 67], [385, 71], [386, 75], [385, 80], [382, 83], [381, 85], [386, 87], [390, 89], [394, 90], [398, 90], [399, 84], [400, 80]], "interior": []}, "classId": 2, "classTitle": "Civilian"}, {"id": 55760097, "description": "", "geometryType": "polygon", "labelerLogin": "", "createdAt": "", "updatedAt": "", "tags": [], "points": {"exterior": [[350, 75], [350, 70], [348, 68], [344, 67], [342, 71], [340, 76], [336, 79], [336, 86], [336, 90], [336, 96], [341, 92], [345, 92], [348, 91], [351, 87], [352, 82], [352, 80]], "interior": []}, "classId": 2, "classTitle": "Civilian"}]}