{"tags": [], "size": {"height": 993, "width": 1500}, "objects": [{"id": 39602572, "description": "", "geometryType": "polygon", "labelerLogin": "", "createdAt": "", "updatedAt": "", "tags": [], "points": {"exterior": [[450, 907], [365, 561], [331, 371], [322, 309], [299, 298], [211, 290], [111, 281], [2, 286], [2, 991], [416, 980], [429, 948]], "interior": []}, "classId": 3, "classTitle": "Riot Shield"}, {"id": 63940207, "description": "", "geometryType": "polygon", "labelerLogin": "", "createdAt": "", "updatedAt": "", "tags": [], "points": {"exterior": [[491, 914], [641, 869], [608, 749], [604, 694], [617, 621], [615, 597], [613, 561], [613, 540], [581, 446], [566, 409], [564, 388], [559, 371], [544, 337], [497, 328], [405, 343], [371, 350], [331, 365], [440, 899], [457, 922], [465, 929]], "interior": []}, "classId": 3, "classTitle": "Riot Shield"}, {"id": 89190082, "description": "", "geometryType": "polygon", "labelerLogin": "", "createdAt": "", "updatedAt": "", "tags": [], "points": {"exterior": [[715, 822], [683, 747], [681, 739], [685, 711], [698, 694], [705, 672], [709, 662], [709, 615], [750, 610], [764, 606], [775, 580], [788, 518], [814, 499], [846, 446], [850, 399], [839, 356], [850, 324], [893, 288], [916, 264], [903, 234], [882, 236], [861, 226], [848, 196], [809, 151], [788, 130], [743, 93], [685, 93], [668, 93], [636, 123], [608, 174], [598, 200], [655, 260], [666, 288], [664, 315], [626, 420], [600, 450], [549, 474], [472, 495], [459, 501], [444, 478], [414, 465], [408, 469], [399, 484], [414, 527], [435, 557], [457, 576], [527, 538], [564, 538], [621, 553], [606, 674], [615, 803], [634, 890], [645, 944], [645, 971], [651, 991], [675, 991], [726, 991], [728, 927]], "interior": []}, "classId": 2, "classTitle": "Civilian"}, {"id": 54435886, "description": "", "geometryType": "polygon", "labelerLogin": "", "createdAt": "", "updatedAt": "", "tags": [], "points": {"exterior": [[865, 756], [901, 700], [923, 670], [935, 645], [961, 612], [1019, 606], [1053, 542], [1053, 491], [1040, 461], [1049, 405], [1034, 352], [1010, 337], [944, 361], [925, 385], [916, 428], [885, 453], [852, 467], [837, 489], [829, 512], [807, 516], [792, 521], [784, 546], [784, 557], [782, 570], [773, 597], [747, 615], [737, 623], [713, 621], [600, 561], [557, 557], [547, 559], [523, 561], [497, 561], [478, 563], [476, 597], [487, 606], [517, 612], [574, 612], [611, 612], [613, 572], [724, 630], [747, 657], [747, 674], [773, 704], [788, 713], [790, 824], [837, 907], [861, 944], [873, 969], [878, 991], [905, 991], [944, 986], [944, 965], [929, 918], [918, 899], [882, 847], [867, 818], [861, 790]], "interior": []}, "classId": 2, "classTitle": "Civilian"}, {"id": 54598046, "description": "", "geometryType": "polygon", "labelerLogin": "", "createdAt": "", "updatedAt": "", "tags": [], "points": {"exterior": [[1423, 758], [1448, 604], [1457, 565], [1442, 529], [1440, 489], [1452, 452], [1393, 429], [1367, 422], [1341, 403], [1318, 367], [1309, 271], [1322, 230], [1346, 170], [1442, 95], [1497, 83], [1497, 982], [1489, 991], [1427, 991], [1367, 991], [1335, 991], [1324, 991], [1335, 916], [1363, 880], [1414, 809]], "interior": []}, "classId": 2, "classTitle": "Civilian"}, {"id": 15728066, "description": "", "geometryType": "polygon", "labelerLogin": "", "createdAt": "", "updatedAt": "", "tags": [], "points": {"exterior": [[1217, 753], [1269, 681], [1275, 672], [1314, 610], [1290, 540], [1275, 529], [1250, 521], [1209, 491], [1190, 469], [1198, 427], [1207, 388], [1224, 358], [1252, 328], [1264, 322], [1299, 328], [1314, 337], [1337, 358], [1350, 390], [1369, 435], [1365, 501], [1337, 548], [1339, 576], [1339, 655], [1324, 713], [1290, 818], [1254, 914], [1247, 929], [1162, 922], [1134, 901], [1136, 886], [1155, 862], [1164, 856], [1185, 843]], "interior": []}, "classId": 2, "classTitle": "Civilian"}, {"id": 26071420, "description": "", "geometryType": "polygon", "labelerLogin": "", "createdAt": "", "updatedAt": "", "tags": [], "points": {"exterior": [[1124, 520], [1135, 479], [1129, 461], [1121, 441], [1100, 447], [1096, 437], [1132, 365], [1139, 361], [1139, 331], [1137, 318], [1099, 320], [1092, 327], [1088, 343], [1088, 369], [1085, 516], [1087, 524], [1100, 527]], "interior": []}, "classId": 3, "classTitle": "Riot Shield"}, {"id": 78428330, "description": "", "geometryType": "polygon", "labelerLogin": "", "createdAt": "", "updatedAt": "", "tags": [], "points": {"exterior": [[918, 335], [916, 320], [866, 318], [861, 327], [869, 455], [914, 431], [917, 408], [920, 400], [922, 393], [922, 388], [925, 379], [921, 340]], "interior": []}, "classId": 3, "classTitle": "Riot Shield"}]}