{"tags": [], "size": {"height": 408, "width": 612}, "objects": [{"id": 76699571, "description": "", "geometryType": "polygon", "labelerLogin": "", "createdAt": "", "updatedAt": "", "tags": [], "points": {"exterior": [[464, 235], [472, 211], [469, 187], [463, 170], [454, 158], [438, 144], [425, 137], [397, 132], [387, 133], [366, 138], [350, 146], [332, 162], [326, 187], [323, 210], [326, 225], [333, 243], [345, 259], [359, 266], [363, 247], [459, 247]], "interior": []}, "classId": 3, "classTitle": "Riot Shield"}, {"id": 29690095, "description": "", "geometryType": "polygon", "labelerLogin": "", "createdAt": "", "updatedAt": "", "tags": [], "points": {"exterior": [[293, 217], [231, 187], [228, 185], [226, 187], [225, 192], [293, 224], [292, 220]], "interior": []}, "classId": 6, "classTitle": "Baton"}, {"id": 15916103, "description": "", "geometryType": "polygon", "labelerLogin": "", "createdAt": "", "updatedAt": "", "tags": [], "points": {"exterior": [[369, 129], [364, 112], [359, 91], [358, 83], [345, 69], [335, 65], [324, 64], [303, 70], [294, 80], [289, 88], [281, 101], [273, 107], [267, 118], [270, 127], [278, 131], [296, 141], [294, 160], [287, 171], [285, 182], [284, 194], [286, 200], [288, 210], [298, 221], [294, 227], [290, 227], [278, 232], [276, 235], [278, 241], [281, 245], [282, 256], [282, 263], [276, 271], [272, 282], [271, 293], [275, 309], [280, 322], [287, 337], [289, 344], [289, 350], [278, 355], [270, 358], [276, 371], [275, 375], [286, 383], [316, 391], [340, 382], [322, 324], [317, 302], [347, 285], [427, 351], [475, 394], [492, 406], [525, 406], [523, 383], [528, 371], [521, 359], [514, 351], [499, 341], [468, 325], [446, 310], [427, 295], [421, 285], [387, 294], [363, 288], [358, 269], [334, 253], [325, 229], [319, 208], [326, 180], [329, 161], [337, 153], [350, 143], [364, 134], [374, 131]], "interior": []}, "classId": 1, "classTitle": "Officer"}, {"id": 69833246, "description": "", "geometryType": "polygon", "labelerLogin": "", "createdAt": "", "updatedAt": "", "tags": [], "points": {"exterior": [[71, 202], [74, 191], [77, 185], [79, 179], [77, 172], [75, 167], [74, 164], [70, 162], [65, 158], [61, 155], [59, 153], [55, 153], [53, 156], [53, 159], [52, 163], [50, 171], [50, 175], [53, 189], [55, 197], [57, 203], [57, 208], [59, 216], [59, 219], [72, 220], [78, 213], [76, 207]], "interior": []}, "classId": 2, "classTitle": "Civilian"}]}