{"tags": [], "size": {"height": 642, "width": 962}, "objects": [{"id": 46318040, "description": "", "geometryType": "polygon", "labelerLogin": "", "createdAt": "", "updatedAt": "", "tags": [], "points": {"exterior": [[639, 460], [694, 385], [713, 384], [696, 345], [708, 341], [718, 307], [748, 308], [763, 327], [774, 364], [775, 385], [833, 433], [875, 500], [855, 532], [815, 558], [787, 640], [687, 638], [689, 475], [650, 510], [616, 538], [608, 538], [594, 527], [608, 500], [627, 482]], "interior": []}, "classId": 2, "classTitle": "Civilian"}, {"id": 13087785, "description": "", "geometryType": "polygon", "labelerLogin": "", "createdAt": "", "updatedAt": "", "tags": [], "points": {"exterior": [[442, 444], [500, 463], [549, 426], [546, 395], [531, 381], [509, 408], [489, 423], [439, 389], [416, 388], [428, 374], [428, 348], [412, 318], [385, 312], [361, 337], [356, 363], [305, 400], [261, 452], [242, 514], [249, 581], [248, 615], [276, 619], [276, 640], [426, 640], [413, 534]], "interior": []}, "classId": 2, "classTitle": "Civilian"}, {"id": 98771921, "description": "", "geometryType": "polygon", "labelerLogin": "", "createdAt": "", "updatedAt": "", "tags": [], "points": {"exterior": [[195, 400], [202, 358], [219, 384], [234, 375], [232, 353], [215, 323], [223, 299], [205, 273], [172, 279], [163, 299], [134, 322], [112, 371], [109, 452], [117, 608], [104, 630], [115, 640], [137, 625], [148, 612], [148, 559], [154, 458], [175, 477], [156, 547], [160, 586], [180, 585], [190, 552], [198, 506], [208, 459], [197, 422], [194, 405]], "interior": []}, "classId": 2, "classTitle": "Civilian"}, {"id": 86028586, "description": "", "geometryType": "polygon", "labelerLogin": "", "createdAt": "", "updatedAt": "", "tags": [], "points": {"exterior": [[94, 304], [86, 278], [87, 237], [68, 219], [45, 230], [35, 267], [6, 281], [6, 327], [4, 422], [9, 479], [5, 506], [19, 537], [47, 474], [46, 456], [71, 503], [72, 569], [65, 601], [119, 601], [120, 577], [95, 563], [101, 475], [87, 411], [78, 385], [87, 360], [101, 349], [100, 333]], "interior": []}, "classId": 2, "classTitle": "Civilian"}, {"id": 96715773, "description": "", "geometryType": "polygon", "labelerLogin": "", "createdAt": "", "updatedAt": "", "tags": [], "points": {"exterior": [[516, 327], [476, 271], [448, 259], [433, 218], [412, 227], [408, 247], [405, 262], [404, 271], [390, 278], [396, 304], [408, 322], [423, 336], [424, 356], [427, 373], [422, 392], [439, 389], [476, 414], [459, 451], [441, 441], [439, 467], [446, 518], [424, 540], [482, 545], [472, 455], [460, 452], [483, 410], [511, 348]], "interior": []}, "classId": 2, "classTitle": "Civilian"}, {"id": 51429838, "description": "", "geometryType": "polygon", "labelerLogin": "", "createdAt": "", "updatedAt": "", "tags": [], "points": {"exterior": [[530, 139], [526, 118], [588, 93], [581, 85], [489, 120], [493, 128], [513, 124], [516, 137], [515, 142], [522, 144]], "interior": []}, "classId": 6, "classTitle": "Baton"}, {"id": 42679171, "description": "", "geometryType": "polygon", "labelerLogin": "", "createdAt": "", "updatedAt": "", "tags": [], "points": {"exterior": [[346, 271], [344, 262], [333, 262], [337, 272], [311, 231], [308, 234], [306, 240], [349, 309], [355, 304], [349, 299], [348, 290], [347, 286], [343, 281]], "interior": []}, "classId": 6, "classTitle": "Baton"}, {"id": 32292369, "description": "", "geometryType": "polygon", "labelerLogin": "", "createdAt": "", "updatedAt": "", "tags": [], "points": {"exterior": [[197, 231], [217, 273], [221, 263], [204, 223], [199, 223]], "interior": []}, "classId": 6, "classTitle": "Baton"}, {"id": 18768957, "description": "", "geometryType": "polygon", "labelerLogin": "", "createdAt": "", "updatedAt": "", "tags": [], "points": {"exterior": [[930, 179], [933, 157], [924, 156], [914, 144], [885, 143], [874, 157], [880, 177], [884, 187], [869, 200], [867, 224], [885, 282], [890, 307], [874, 340], [870, 373], [863, 390], [872, 406], [873, 418], [874, 428], [892, 427], [916, 412], [920, 402], [923, 398], [918, 383], [916, 376], [918, 364], [923, 359], [933, 346], [938, 340], [945, 193]], "interior": []}, "classId": 1, "classTitle": "Officer"}, {"id": 83455826, "description": "", "geometryType": "polygon", "labelerLogin": "", "createdAt": "", "updatedAt": "", "tags": [], "points": {"exterior": [[811, 176], [805, 156], [794, 153], [776, 156], [759, 171], [759, 196], [748, 198], [740, 211], [740, 216], [758, 326], [776, 386], [827, 427], [813, 378], [826, 359], [844, 322], [847, 309], [854, 307], [842, 285], [840, 254], [840, 218], [834, 194], [816, 190], [819, 187], [818, 181]], "interior": []}, "classId": 1, "classTitle": "Officer"}, {"id": 31898908, "description": "", "geometryType": "polygon", "labelerLogin": "", "createdAt": "", "updatedAt": "", "tags": [], "points": {"exterior": [[729, 207], [709, 197], [715, 183], [724, 171], [723, 166], [705, 169], [695, 161], [675, 161], [661, 172], [658, 181], [659, 193], [670, 211], [674, 220], [681, 230], [680, 279], [676, 350], [674, 378], [672, 427], [695, 384], [711, 383], [713, 363], [704, 353], [706, 342], [709, 337], [711, 318], [722, 305], [730, 305], [720, 281], [720, 268], [726, 261], [732, 209]], "interior": []}, "classId": 1, "classTitle": "Officer"}, {"id": 74356865, "description": "", "geometryType": "polygon", "labelerLogin": "", "createdAt": "", "updatedAt": "", "tags": [], "points": {"exterior": [[551, 189], [548, 195], [535, 194], [507, 175], [515, 139], [515, 130], [521, 120], [528, 111], [518, 104], [507, 105], [500, 109], [492, 128], [487, 158], [482, 178], [485, 192], [503, 205], [525, 218], [544, 238], [535, 259], [536, 278], [547, 301], [552, 324], [552, 372], [553, 400], [554, 447], [560, 463], [617, 462], [610, 379], [612, 323], [611, 264], [611, 229], [627, 225], [650, 219], [652, 213], [617, 210], [601, 207], [603, 195], [603, 182], [605, 172], [603, 162], [591, 153], [582, 152], [564, 155], [559, 167], [552, 174]], "interior": []}, "classId": 1, "classTitle": "Officer"}, {"id": 56530204, "description": "", "geometryType": "polygon", "labelerLogin": "", "createdAt": "", "updatedAt": "", "tags": [], "points": {"exterior": [[468, 232], [462, 195], [478, 178], [485, 185], [509, 212], [524, 218], [541, 238], [535, 267], [552, 329], [550, 375], [539, 381], [529, 387], [526, 397], [524, 403], [517, 417], [518, 423], [502, 420], [493, 405], [491, 395], [496, 373], [511, 335], [500, 312], [480, 278], [452, 269], [445, 266], [446, 248], [456, 242], [463, 238]], "interior": []}, "classId": 1, "classTitle": "Officer"}, {"id": 90709285, "description": "", "geometryType": "polygon", "labelerLogin": "", "createdAt": "", "updatedAt": "", "tags": [], "points": {"exterior": [[448, 209], [455, 196], [457, 174], [443, 168], [430, 164], [422, 165], [411, 168], [409, 175], [415, 179], [418, 183], [422, 189], [422, 197], [422, 208], [420, 214], [427, 218], [433, 218], [437, 226], [441, 235], [444, 244], [447, 248], [459, 241], [463, 231], [467, 219], [465, 212]], "interior": []}, "classId": 1, "classTitle": "Officer"}, {"id": 63731109, "description": "", "geometryType": "polygon", "labelerLogin": "", "createdAt": "", "updatedAt": "", "tags": [], "points": {"exterior": [[385, 172], [376, 184], [369, 198], [378, 218], [358, 226], [354, 246], [348, 257], [339, 264], [330, 271], [329, 292], [332, 303], [340, 300], [354, 290], [358, 274], [369, 263], [376, 252], [376, 268], [378, 282], [381, 303], [378, 314], [377, 318], [390, 316], [398, 315], [395, 304], [391, 297], [395, 278], [402, 268], [406, 262], [409, 248], [408, 231], [414, 226], [429, 219], [422, 213], [422, 196], [430, 192], [420, 183], [407, 174], [396, 172]], "interior": []}, "classId": 1, "classTitle": "Officer"}, {"id": 12869175, "description": "", "geometryType": "polygon", "labelerLogin": "", "createdAt": "", "updatedAt": "", "tags": [], "points": {"exterior": [[294, 226], [281, 215], [269, 214], [268, 190], [254, 175], [234, 178], [225, 189], [221, 201], [220, 211], [219, 222], [206, 231], [202, 249], [196, 264], [198, 279], [206, 283], [217, 296], [221, 305], [215, 321], [220, 332], [228, 344], [230, 363], [228, 380], [215, 388], [218, 461], [263, 456], [282, 422], [280, 390], [309, 326]], "interior": []}, "classId": 1, "classTitle": "Officer"}, {"id": 72158459, "description": "", "geometryType": "polygon", "labelerLogin": "", "createdAt": "", "updatedAt": "", "tags": [], "points": {"exterior": [[945, 153], [920, 141], [847, 143], [829, 159], [832, 342], [939, 339]], "interior": []}, "classId": 3, "classTitle": "Riot Shield"}, {"id": 70591830, "description": "", "geometryType": "polygon", "labelerLogin": "", "createdAt": "", "updatedAt": "", "tags": [], "points": {"exterior": [[818, 161], [803, 164], [737, 176], [733, 181], [723, 284], [723, 284], [732, 308], [754, 310], [763, 329], [771, 368], [831, 359], [838, 332], [827, 168]], "interior": []}, "classId": 3, "classTitle": "Riot Shield"}, {"id": 92844219, "description": "", "geometryType": "polygon", "labelerLogin": "", "createdAt": "", "updatedAt": "", "tags": [], "points": {"exterior": [[707, 215], [774, 216], [766, 332], [743, 307], [723, 307], [713, 314], [705, 343], [707, 363], [713, 367], [692, 366], [687, 356], [702, 340], [681, 216]], "interior": []}, "classId": 3, "classTitle": "Riot Shield"}, {"id": 41167860, "description": "", "geometryType": "polygon", "labelerLogin": "", "createdAt": "", "updatedAt": "", "tags": [], "points": {"exterior": [[642, 172], [668, 159], [674, 164], [703, 346], [657, 368], [602, 378], [573, 185], [585, 186], [605, 185], [635, 180]], "interior": []}, "classId": 3, "classTitle": "Riot Shield"}, {"id": 33265493, "description": "", "geometryType": "polygon", "labelerLogin": "", "createdAt": "", "updatedAt": "", "tags": [], "points": {"exterior": [[346, 178], [306, 178], [301, 279], [302, 316], [311, 345], [318, 309], [330, 265], [346, 257], [362, 226], [378, 218], [374, 186], [369, 180]], "interior": []}, "classId": 3, "classTitle": "Riot Shield"}, {"id": 24167354, "description": "", "geometryType": "polygon", "labelerLogin": "", "createdAt": "", "updatedAt": "", "tags": [], "points": {"exterior": [[284, 194], [312, 188], [340, 370], [340, 370], [331, 380], [252, 402], [243, 394], [213, 205]], "interior": []}, "classId": 3, "classTitle": "Riot Shield"}, {"id": 61077706, "description": "", "geometryType": "polygon", "labelerLogin": "", "createdAt": "", "updatedAt": "", "tags": [], "points": {"exterior": [[200, 204], [174, 198], [106, 200], [108, 210], [126, 210], [135, 218], [134, 233], [131, 264], [147, 279], [149, 286], [167, 284], [177, 266], [195, 266], [206, 224], [206, 210]], "interior": []}, "classId": 3, "classTitle": "Riot Shield"}, {"id": 62495876, "description": "", "geometryType": "polygon", "labelerLogin": "", "createdAt": "", "updatedAt": "", "tags": [], "points": {"exterior": [[95, 226], [108, 210], [130, 213], [137, 225], [134, 265], [154, 281], [143, 294], [122, 348], [110, 490], [97, 501], [99, 465], [87, 424], [76, 405], [91, 356], [105, 353], [87, 289], [81, 283], [81, 250], [88, 238]], "interior": []}, "classId": 2, "classTitle": "Civilian"}]}