{"tags": [], "size": {"height": 373, "width": 500}, "objects": [{"id": 76774285, "description": "", "geometryType": "polygon", "labelerLogin": "", "createdAt": "", "updatedAt": "", "tags": [], "points": {"exterior": [[321, 327], [326, 328], [358, 315], [373, 301], [381, 290], [383, 285], [366, 37], [362, 22], [359, 18], [289, 21], [282, 29], [278, 37], [314, 321], [319, 326]], "interior": []}, "classId": 3, "classTitle": "Riot Shield"}, {"id": 29279381, "description": "", "geometryType": "polygon", "labelerLogin": "", "createdAt": "", "updatedAt": "", "tags": [], "points": {"exterior": [[153, 256], [156, 214], [153, 198], [146, 186], [118, 146], [116, 128], [128, 105], [145, 79], [158, 63], [166, 55], [180, 30], [190, 15], [195, 2], [264, 2], [265, 12], [265, 33], [268, 45], [274, 60], [282, 70], [289, 126], [285, 136], [286, 156], [286, 166], [287, 193], [294, 216], [297, 233], [297, 248], [297, 268], [299, 282], [301, 296], [306, 318], [311, 340], [312, 371], [269, 370], [251, 307], [247, 294], [242, 280], [238, 268], [227, 248], [210, 258], [203, 273], [197, 283], [195, 292], [193, 312], [191, 319], [187, 332], [181, 339], [176, 343], [170, 349], [154, 359], [143, 361], [138, 359], [132, 353], [131, 346], [132, 340], [137, 335], [143, 320], [143, 310], [146, 298], [146, 291], [147, 284], [151, 273]], "interior": []}, "classId": 1, "classTitle": "Officer"}]}