{"tags": [], "size": {"height": 220, "width": 220}, "objects": [{"id": 32249296, "description": "", "geometryType": "polygon", "labelerLogin": "", "createdAt": "", "updatedAt": "", "tags": [], "points": {"exterior": [[86, 211], [118, 207], [146, 198], [150, 193], [154, 187], [155, 183], [150, 28], [150, 25], [147, 21], [145, 18], [141, 15], [136, 14], [125, 12], [90, 9], [83, 9], [75, 9], [70, 12], [66, 16], [63, 20], [62, 24], [65, 113], [70, 200], [71, 203], [74, 206], [77, 207], [79, 208], [81, 210]], "interior": []}, "classId": 3, "classTitle": "Riot Shield"}]}