{"tags": [], "size": {"height": 955, "width": 1300}, "objects": [{"id": 77803371, "description": "", "geometryType": "polygon", "labelerLogin": "", "createdAt": "", "updatedAt": "", "tags": [], "points": {"exterior": [[611, 519], [629, 457], [668, 437], [730, 439], [745, 467], [764, 516], [770, 568], [783, 590], [841, 630], [867, 687], [880, 732], [905, 806], [904, 833], [904, 858], [854, 852], [803, 863], [659, 863], [603, 823], [571, 799], [592, 771], [609, 732], [608, 705], [622, 658], [595, 600], [615, 575]], "interior": []}, "classId": 1, "classTitle": "Officer"}, {"id": 94054488, "description": "", "geometryType": "polygon", "labelerLogin": "", "createdAt": "", "updatedAt": "", "tags": [], "points": {"exterior": [[907, 560], [900, 513], [883, 474], [850, 452], [821, 440], [774, 452], [753, 483], [770, 520], [773, 566], [790, 588], [827, 608], [853, 648], [883, 712], [891, 764], [910, 809], [908, 853], [964, 859], [962, 662], [952, 623], [910, 607], [878, 595], [886, 584]], "interior": []}, "classId": 1, "classTitle": "Officer"}, {"id": 52016517, "description": "", "geometryType": "polygon", "labelerLogin": "", "createdAt": "", "updatedAt": "", "tags": [], "points": {"exterior": [[35, 644], [21, 593], [25, 540], [47, 506], [105, 489], [159, 497], [190, 543], [219, 608], [264, 650], [301, 705], [333, 742], [356, 802], [327, 832], [293, 850], [279, 866], [52, 865], [48, 776], [41, 732], [34, 692], [37, 670]], "interior": []}, "classId": 1, "classTitle": "Officer"}, {"id": 88710529, "description": "", "geometryType": "polygon", "labelerLogin": "", "createdAt": "", "updatedAt": "", "tags": [], "points": {"exterior": [[296, 866], [330, 832], [367, 793], [396, 789], [396, 764], [368, 701], [343, 618], [357, 590], [411, 580], [457, 578], [511, 563], [551, 566], [569, 584], [594, 615], [605, 635], [616, 661], [608, 688], [606, 721], [603, 732], [589, 759], [566, 788], [566, 799], [591, 825], [641, 855], [653, 862]], "interior": []}, "classId": 1, "classTitle": "Officer"}, {"id": 83168233, "description": "", "geometryType": "polygon", "labelerLogin": "", "createdAt": "", "updatedAt": "", "tags": [], "points": {"exterior": [[1247, 500], [1203, 479], [1160, 483], [1101, 509], [1065, 556], [1084, 587], [1132, 621], [1143, 658], [1128, 712], [1112, 806], [1108, 858], [1298, 862], [1298, 620], [1298, 613], [1279, 554], [1294, 513], [1290, 494]], "interior": []}, "classId": 1, "classTitle": "Officer"}, {"id": 68238478, "description": "", "geometryType": "polygon", "labelerLogin": "", "createdAt": "", "updatedAt": "", "tags": [], "points": {"exterior": [[975, 594], [980, 513], [992, 491], [1099, 501], [1066, 553], [1086, 591], [1055, 607], [1045, 865], [974, 865]], "interior": []}, "classId": 3, "classTitle": "Riot Shield"}, {"id": 10709732, "description": "", "geometryType": "polygon", "labelerLogin": "", "createdAt": "", "updatedAt": "", "tags": [], "points": {"exterior": [[1102, 615], [1105, 651], [1103, 860], [1047, 865], [1058, 611], [1078, 598]], "interior": []}, "classId": 3, "classTitle": "Riot Shield"}, {"id": 36227318, "description": "", "geometryType": "polygon", "labelerLogin": "", "createdAt": "", "updatedAt": "", "tags": [], "points": {"exterior": [[413, 434], [418, 399], [438, 372], [458, 356], [448, 339], [447, 316], [457, 291], [488, 293], [501, 311], [501, 330], [505, 352], [511, 373], [502, 392], [505, 413], [509, 442], [440, 437], [411, 440]], "interior": []}, "classId": 2, "classTitle": "Civilian"}, {"id": 63800126, "description": "", "geometryType": "polygon", "labelerLogin": "", "createdAt": "", "updatedAt": "", "tags": [], "points": {"exterior": [[504, 279], [519, 272], [531, 276], [542, 311], [547, 340], [554, 369], [561, 405], [564, 407], [586, 409], [611, 407], [655, 410], [692, 412], [688, 387], [672, 360], [672, 342], [672, 315], [679, 288], [685, 278], [706, 278], [736, 296], [740, 328], [743, 352], [745, 377], [746, 396], [754, 450], [740, 449], [727, 434], [689, 434], [668, 432], [636, 447], [616, 472], [571, 456], [544, 443], [544, 443], [512, 439], [504, 409], [507, 393], [511, 375], [507, 348], [502, 313]], "interior": []}, "classId": 2, "classTitle": "Civilian"}, {"id": 90969111, "description": "", "geometryType": "polygon", "labelerLogin": "", "createdAt": "", "updatedAt": "", "tags": [], "points": {"exterior": [[752, 312], [757, 289], [759, 269], [749, 251], [754, 232], [766, 226], [782, 232], [792, 255], [801, 271], [809, 296], [796, 312], [789, 321], [784, 328], [773, 333], [760, 340], [754, 338]], "interior": []}, "classId": 2, "classTitle": "Civilian"}, {"id": 28183378, "description": "", "geometryType": "polygon", "labelerLogin": "", "createdAt": "", "updatedAt": "", "tags": [], "points": {"exterior": [[980, 454], [981, 419], [994, 390], [997, 356], [1004, 321], [1022, 313], [1058, 319], [1069, 329], [1075, 359], [1069, 380], [1045, 412], [1062, 443], [1066, 469], [1038, 480], [1009, 472]], "interior": []}, "classId": 2, "classTitle": "Civilian"}, {"id": 16381185, "description": "", "geometryType": "polygon", "labelerLogin": "", "createdAt": "", "updatedAt": "", "tags": [], "points": {"exterior": [[1179, 332], [1185, 295], [1205, 276], [1236, 281], [1250, 305], [1247, 340], [1259, 362], [1236, 373], [1216, 387], [1215, 415], [1195, 375], [1160, 356], [1156, 336]], "interior": []}, "classId": 2, "classTitle": "Civilian"}, {"id": 43218538, "description": "", "geometryType": "polygon", "labelerLogin": "", "createdAt": "", "updatedAt": "", "tags": [], "points": {"exterior": [[138, 390], [159, 375], [172, 362], [173, 346], [172, 319], [175, 308], [202, 305], [227, 306], [235, 335], [233, 349], [235, 359], [245, 370], [260, 389], [267, 407], [253, 416], [246, 439], [247, 459], [212, 452], [189, 443], [193, 424], [180, 413], [169, 400]], "interior": []}, "classId": 2, "classTitle": "Civilian"}]}