{"tags": [], "size": {"height": 526, "width": 768}, "objects": [{"id": 14255219, "description": "", "geometryType": "polygon", "labelerLogin": "", "createdAt": "", "updatedAt": "", "tags": [], "points": {"exterior": [[228, 415], [246, 413], [187, 120], [182, 118], [178, 119], [173, 122]], "interior": []}, "classId": 6, "classTitle": "Baton"}, {"id": 96212835, "description": "", "geometryType": "polygon", "labelerLogin": "", "createdAt": "", "updatedAt": "", "tags": [], "points": {"exterior": [[317, 154], [336, 151], [371, 152], [351, 471], [324, 471], [315, 457], [314, 425], [306, 413], [309, 400], [314, 389], [316, 364], [309, 353], [316, 335], [311, 317], [300, 292], [312, 282], [343, 281], [350, 262], [346, 185], [333, 183]], "interior": []}, "classId": 3, "classTitle": "Riot Shield"}, {"id": 95032248, "description": "", "geometryType": "polygon", "labelerLogin": "", "createdAt": "", "updatedAt": "", "tags": [], "points": {"exterior": [[414, 484], [444, 482], [451, 169], [417, 166], [421, 172], [426, 175], [423, 234], [411, 233], [411, 238], [421, 242], [423, 247], [415, 481]], "interior": []}, "classId": 3, "classTitle": "Riot Shield"}, {"id": 37036221, "description": "", "geometryType": "polygon", "labelerLogin": "", "createdAt": "", "updatedAt": "", "tags": [], "points": {"exterior": [[60, 369], [65, 349], [71, 326], [80, 310], [84, 279], [105, 255], [137, 247], [163, 233], [179, 196], [183, 188], [228, 416], [251, 412], [195, 153], [204, 132], [271, 123], [311, 146], [332, 177], [337, 186], [344, 188], [349, 260], [344, 277], [314, 277], [299, 286], [295, 299], [303, 316], [311, 326], [311, 346], [307, 352], [311, 357], [312, 363], [314, 373], [316, 389], [307, 394], [305, 410], [306, 414], [312, 419], [313, 443], [311, 446], [315, 459], [320, 467], [324, 475], [333, 483], [344, 493], [358, 508], [362, 524], [303, 520], [54, 521], [50, 484], [43, 444], [49, 412], [53, 381]], "interior": []}, "classId": 1, "classTitle": "Officer"}, {"id": 21784708, "description": "", "geometryType": "polygon", "labelerLogin": "", "createdAt": "", "updatedAt": "", "tags": [], "points": {"exterior": [[14, 281], [23, 257], [33, 240], [39, 228], [44, 212], [53, 199], [71, 179], [82, 131], [97, 117], [121, 105], [140, 107], [161, 114], [169, 122], [178, 140], [179, 160], [183, 181], [180, 191], [171, 217], [163, 229], [137, 243], [115, 249], [95, 256], [76, 283], [78, 306], [67, 322], [64, 349], [54, 375], [47, 389], [42, 424], [42, 458], [49, 523], [4, 520], [2, 315]], "interior": []}, "classId": 1, "classTitle": "Officer"}, {"id": 40810858, "description": "", "geometryType": "polygon", "labelerLogin": "", "createdAt": "", "updatedAt": "", "tags": [], "points": {"exterior": [[378, 136], [399, 145], [413, 162], [415, 167], [424, 176], [425, 187], [422, 220], [422, 231], [411, 233], [410, 237], [419, 242], [423, 249], [462, 280], [475, 286], [496, 284], [517, 290], [535, 290], [558, 293], [568, 303], [557, 312], [536, 345], [484, 351], [452, 351], [413, 409], [412, 434], [410, 453], [414, 467], [412, 479], [350, 479], [374, 150], [340, 150], [343, 145], [356, 136], [367, 134]], "interior": []}, "classId": 1, "classTitle": "Officer"}, {"id": 38897216, "description": "", "geometryType": "polygon", "labelerLogin": "", "createdAt": "", "updatedAt": "", "tags": [], "points": {"exterior": [[752, 263], [739, 246], [731, 228], [737, 212], [730, 185], [713, 169], [684, 167], [668, 171], [655, 186], [642, 204], [633, 220], [641, 268], [599, 290], [566, 295], [516, 307], [488, 284], [478, 287], [487, 303], [445, 318], [464, 326], [488, 332], [518, 333], [547, 332], [576, 325], [575, 313], [581, 301], [589, 291], [600, 293], [608, 308], [610, 319], [612, 330], [640, 324], [647, 336], [745, 392], [744, 431], [725, 454], [725, 510], [717, 524], [756, 524], [766, 492], [765, 270]], "interior": []}, "classId": 2, "classTitle": "Civilian"}]}