{"tags": [], "size": {"height": 2133, "width": 3200}, "objects": [{"id": 21470519, "description": "", "geometryType": "polygon", "labelerLogin": "", "createdAt": "", "updatedAt": "", "tags": [], "points": {"exterior": [[369, 2003], [428, 2016], [505, 2030], [711, 1989], [815, 1939], [843, 1884], [829, 1848], [533, 1615], [505, 1615], [437, 1647], [323, 1697], [168, 1716], [136, 1706], [123, 1706]], "interior": []}, "classId": 3, "classTitle": "Riot Shield"}, {"id": 48292322, "description": "", "geometryType": "polygon", "labelerLogin": "", "createdAt": "", "updatedAt": "", "tags": [], "points": {"exterior": [[1315, 1753], [1393, 1746], [1465, 1697], [1487, 1675], [1497, 1642], [1481, 1619], [1022, 1489], [983, 1496], [940, 1525], [914, 1538], [833, 1574], [771, 1567]], "interior": []}, "classId": 3, "classTitle": "Riot Shield"}, {"id": 19598344, "description": "", "geometryType": "polygon", "labelerLogin": "", "createdAt": "", "updatedAt": "", "tags": [], "points": {"exterior": [[2393, 1837], [2428, 1844], [2490, 1834], [2549, 1802], [2582, 1753], [2572, 1727], [2520, 1701], [2025, 1541], [1982, 1557], [1969, 1561], [1950, 1652], [1950, 1662]], "interior": []}, "classId": 3, "classTitle": "Riot Shield"}, {"id": 69216280, "description": "", "geometryType": "polygon", "labelerLogin": "", "createdAt": "", "updatedAt": "", "tags": [], "points": {"exterior": [[1216, 1498], [1724, 1625], [1756, 1637], [1768, 1637], [1770, 1608], [1768, 1582], [1768, 1570], [1763, 1550], [1777, 1529], [1780, 1519], [1777, 1500], [1398, 1423], [1365, 1423], [1321, 1435], [1283, 1447], [1259, 1462], [1225, 1481]], "interior": []}, "classId": 3, "classTitle": "Riot Shield"}, {"id": 67418328, "description": "", "geometryType": "polygon", "labelerLogin": "", "createdAt": "", "updatedAt": "", "tags": [], "points": {"exterior": [[1758, 1402], [1468, 1347], [1441, 1347], [1410, 1354], [1386, 1368], [1353, 1380], [1309, 1387], [1293, 1390], [1300, 1402], [1772, 1493], [1770, 1476], [1760, 1457], [1758, 1443]], "interior": []}, "classId": 3, "classTitle": "Riot Shield"}, {"id": 36330645, "description": "", "geometryType": "polygon", "labelerLogin": "", "createdAt": "", "updatedAt": "", "tags": [], "points": {"exterior": [[2581, 1678], [2603, 1658], [2615, 1618], [2600, 1598], [2588, 1577], [2543, 1565], [2041, 1469], [2020, 1471], [1998, 1478], [1984, 1488], [1979, 1500], [1979, 1531]], "interior": []}, "classId": 3, "classTitle": "Riot Shield"}, {"id": 80632856, "description": "", "geometryType": "polygon", "labelerLogin": "", "createdAt": "", "updatedAt": "", "tags": [], "points": {"exterior": [[2499, 1539], [2510, 1528], [2519, 1510], [2525, 1497], [2507, 1475], [2479, 1465], [2042, 1377], [2018, 1382], [1998, 1392], [1996, 1410], [1992, 1441], [1992, 1448], [2456, 1545], [2479, 1552], [2498, 1548]], "interior": []}, "classId": 3, "classTitle": "Riot Shield"}, {"id": 42277722, "description": "", "geometryType": "polygon", "labelerLogin": "", "createdAt": "", "updatedAt": "", "tags": [], "points": {"exterior": [[1513, 1335], [1520, 1322], [1540, 1308], [1560, 1293], [1577, 1280], [1606, 1277], [1619, 1280], [1670, 1291], [1724, 1304], [1728, 1317], [1730, 1339], [1735, 1350], [1746, 1362], [1748, 1377], [1752, 1390]], "interior": []}, "classId": 3, "classTitle": "Riot Shield"}, {"id": 62619275, "description": "", "geometryType": "polygon", "labelerLogin": "", "createdAt": "", "updatedAt": "", "tags": [], "points": {"exterior": [[2543, 1488], [2570, 1474], [2594, 1452], [2616, 1434], [2616, 1413], [2598, 1393], [2583, 1388], [2195, 1302], [2177, 1304], [2158, 1317], [2140, 1330], [2120, 1346], [2102, 1359], [2087, 1366], [2078, 1372], [2468, 1461], [2494, 1465], [2519, 1475], [2525, 1490]], "interior": []}, "classId": 3, "classTitle": "Riot Shield"}, {"id": 56019096, "description": "", "geometryType": "polygon", "labelerLogin": "", "createdAt": "", "updatedAt": "", "tags": [], "points": {"exterior": [[2073, 1344], [2078, 1333], [2074, 1319], [2058, 1310], [2025, 1299], [2009, 1299], [1998, 1337], [1998, 1353], [1996, 1373], [2040, 1364]], "interior": []}, "classId": 3, "classTitle": "Riot Shield"}, {"id": 19591472, "description": "", "geometryType": "polygon", "labelerLogin": "", "createdAt": "", "updatedAt": "", "tags": [], "points": {"exterior": [[1933, 1825], [1937, 1737], [1944, 1642], [1963, 1578], [1982, 1517], [1994, 1411], [1998, 1346], [2005, 1293], [2020, 1247], [2043, 1213], [2058, 1167], [2074, 1114], [2077, 1076], [2062, 1012], [2039, 970], [2036, 909], [2024, 856], [1994, 799], [1975, 776], [1975, 715], [1971, 666], [1971, 639], [1975, 533], [1956, 514], [1914, 491], [1880, 476], [1853, 495], [1834, 499], [1819, 510], [1766, 548], [1732, 601], [1747, 658], [1751, 670], [1735, 723], [1709, 761], [1679, 826], [1671, 864], [1663, 909], [1660, 943], [1667, 1012], [1679, 1061], [1667, 1103], [1663, 1141], [1663, 1179], [1694, 1213], [1698, 1243], [1701, 1278], [1728, 1304], [1732, 1316], [1739, 1335], [1743, 1369], [1754, 1395], [1758, 1422], [1758, 1441], [1770, 1471], [1770, 1479], [1781, 1525], [1777, 1540], [1770, 1551], [1766, 1574], [1773, 1627], [1766, 1665], [1758, 1718], [1739, 1806], [1743, 1847], [1743, 1889], [1739, 1950], [1743, 1977], [1800, 2007], [1861, 2049], [1906, 2068], [1982, 2091], [2047, 2079], [2062, 2041], [2066, 1992], [2066, 1965], [2043, 1908], [2032, 1889], [2013, 1866], [1994, 1859], [1967, 1859]], "interior": []}, "classId": 1, "classTitle": "Officer"}, {"id": 62500746, "description": "", "geometryType": "polygon", "labelerLogin": "", "createdAt": "", "updatedAt": "", "tags": [], "points": {"exterior": [[1176, 1123], [1176, 1044], [1179, 1012], [1188, 975], [1188, 921], [1193, 907], [1196, 887], [1199, 861], [1205, 796], [1185, 776], [1170, 759], [1159, 744], [1165, 724], [1173, 679], [1179, 665], [1202, 642], [1202, 596], [1145, 605], [1128, 602], [1065, 619], [1048, 625], [1039, 630], [1039, 650], [1039, 676], [1039, 693], [1031, 727], [1002, 750], [997, 756], [991, 793], [988, 847], [985, 895], [985, 944], [991, 1009], [1014, 1047], [1025, 1081], [1023, 1120], [1023, 1147], [1021, 1204], [1002, 1227], [1011, 1277], [994, 1314], [994, 1346], [1005, 1374], [1025, 1391], [1074, 1400], [1116, 1405], [1128, 1385], [1125, 1357], [1148, 1351], [1179, 1343], [1193, 1334], [1210, 1317], [1205, 1300], [1196, 1297], [1173, 1286], [1153, 1289], [1156, 1266], [1159, 1223], [1159, 1206], [1159, 1175], [1165, 1155]], "interior": []}, "classId": 1, "classTitle": "Officer"}, {"id": 48478470, "description": "", "geometryType": "polygon", "labelerLogin": "", "createdAt": "", "updatedAt": "", "tags": [], "points": {"exterior": [[1424, 1072], [1418, 950], [1455, 910], [1458, 887], [1427, 821], [1398, 781], [1396, 753], [1398, 736], [1393, 707], [1396, 673], [1378, 659], [1367, 653], [1330, 650], [1287, 662], [1287, 662], [1284, 693], [1284, 747], [1264, 756], [1247, 779], [1222, 804], [1216, 810], [1202, 858], [1196, 881], [1193, 918], [1190, 955], [1219, 955], [1236, 958], [1253, 1009], [1253, 1038], [1236, 1078], [1230, 1109], [1233, 1138], [1233, 1166], [1230, 1197], [1230, 1229], [1239, 1260], [1236, 1291], [1242, 1306], [1270, 1320], [1296, 1323], [1330, 1314], [1407, 1306], [1415, 1303], [1464, 1283], [1470, 1266], [1444, 1249], [1418, 1237], [1410, 1214], [1410, 1163]], "interior": []}, "classId": 1, "classTitle": "Officer"}, {"id": 36509821, "description": "", "geometryType": "polygon", "labelerLogin": "", "createdAt": "", "updatedAt": "", "tags": [], "points": {"exterior": [[672, 1018], [683, 989], [698, 961], [709, 944], [715, 927], [720, 887], [720, 847], [703, 821], [700, 793], [695, 779], [680, 747], [675, 713], [666, 707], [669, 679], [663, 648], [652, 619], [643, 593], [595, 588], [561, 616], [541, 633], [535, 676], [524, 724], [495, 762], [495, 767], [515, 818], [518, 858], [521, 884], [527, 921], [532, 964], [532, 1009], [532, 1041], [527, 1081], [518, 1106], [515, 1126], [518, 1140], [535, 1152], [572, 1163], [641, 1169], [700, 1158], [709, 1126], [698, 1098], [692, 1086], [686, 1063]], "interior": []}, "classId": 1, "classTitle": "Officer"}, {"id": 25360877, "description": "", "geometryType": "polygon", "labelerLogin": "", "createdAt": "", "updatedAt": "", "tags": [], "points": {"exterior": [[888, 798], [907, 775], [920, 762], [929, 750], [932, 737], [929, 721], [925, 698], [936, 677], [941, 662], [945, 650], [957, 641], [970, 636], [989, 632], [1011, 630], [1011, 664], [1032, 698], [1034, 719], [1025, 721], [1021, 725], [1002, 739], [996, 748], [991, 753], [980, 1010], [1000, 1035], [1018, 1074], [1018, 1101], [1021, 1113], [1023, 1136], [1025, 1158], [1018, 1183], [1005, 1181], [1000, 1190], [986, 1204], [954, 1215], [925, 1211], [913, 1206], [913, 1197], [925, 1154], [916, 1117], [913, 1074], [907, 1017], [911, 949], [911, 933], [909, 917], [898, 937], [886, 956], [856, 978], [836, 981], [831, 951], [834, 937], [845, 901], [854, 883], [866, 851], [877, 828]], "interior": []}, "classId": 1, "classTitle": "Officer"}, {"id": 27749830, "description": "", "geometryType": "polygon", "labelerLogin": "", "createdAt": "", "updatedAt": "", "tags": [], "points": {"exterior": [[1499, 741], [1524, 716], [1515, 687], [1515, 675], [1529, 655], [1533, 650], [1540, 641], [1568, 632], [1586, 632], [1597, 636], [1606, 664], [1613, 698], [1625, 734], [1631, 757], [1650, 780], [1652, 796], [1661, 823], [1666, 846], [1661, 867], [1654, 883], [1645, 903], [1634, 933], [1627, 960], [1622, 1003], [1622, 1051], [1615, 1131], [1613, 1149], [1618, 1165], [1636, 1197], [1643, 1215], [1647, 1229], [1627, 1252], [1595, 1261], [1556, 1270], [1533, 1277], [1501, 1266], [1463, 1259], [1470, 1215], [1472, 1202], [1479, 1179], [1483, 1163], [1486, 1136], [1486, 1106], [1486, 1095], [1486, 1081], [1488, 1049], [1488, 1042], [1488, 1031], [1490, 1006], [1490, 987], [1492, 967], [1490, 949], [1483, 924], [1474, 896], [1458, 873], [1454, 864], [1442, 832], [1481, 753]], "interior": []}, "classId": 1, "classTitle": "Officer"}, {"id": 39643532, "description": "", "geometryType": "polygon", "labelerLogin": "", "createdAt": "", "updatedAt": "", "tags": [], "points": {"exterior": [[3083, 1322], [3108, 1256], [3117, 1238], [3127, 1199], [3129, 1172], [3149, 1154], [3172, 1133], [3188, 1097], [3195, 1060], [3198, 1019], [3198, 999], [3165, 896], [3147, 864], [3133, 842], [3117, 819], [3106, 807], [3070, 801], [3070, 791], [3083, 769], [3086, 757], [3088, 734], [3088, 719], [3086, 700], [3056, 696], [3026, 693], [3006, 693], [2997, 696], [2988, 728], [2983, 737], [2978, 750], [2972, 771], [2962, 798], [2956, 803], [2944, 807], [2926, 817], [2896, 839], [2880, 858], [2862, 887], [2851, 915], [2837, 953], [2828, 999], [2833, 1019], [2833, 1049], [2833, 1074], [2839, 1088], [2860, 1095], [2885, 1081], [2885, 1044], [2899, 1006], [2899, 1044], [2903, 1072], [2921, 1126], [2926, 1149], [2933, 1174], [2942, 1206], [2944, 1227], [2942, 1247], [2944, 1293], [2944, 1313], [2937, 1352], [2944, 1366], [2967, 1395], [2990, 1427], [3029, 1436], [3070, 1441], [3101, 1425], [3079, 1411], [3072, 1384], [3070, 1377], [3074, 1357]], "interior": []}, "classId": 1, "classTitle": "Officer"}, {"id": 82143802, "description": "", "geometryType": "polygon", "labelerLogin": "", "createdAt": "", "updatedAt": "", "tags": [], "points": {"exterior": [[2718, 874], [2718, 835], [2722, 808], [2729, 790], [2735, 777], [2735, 753], [2727, 741], [2720, 732], [2702, 719], [2685, 713], [2663, 717], [2656, 726], [2652, 735], [2649, 739], [2642, 755], [2638, 779], [2638, 784], [2643, 806], [2645, 828], [2643, 856], [2642, 881], [2640, 910], [2642, 927], [2652, 941], [2665, 948], [2691, 950], [2720, 934], [2725, 917], [2724, 905]], "interior": []}, "classId": 1, "classTitle": "Officer"}, {"id": 51123919, "description": "", "geometryType": "polygon", "labelerLogin": "", "createdAt": "", "updatedAt": "", "tags": [], "points": {"exterior": [[2924, 794], [2913, 772], [2910, 763], [2902, 744], [2879, 752], [2866, 757], [2862, 766], [2860, 770], [2853, 779], [2846, 786], [2842, 797], [2833, 834], [2844, 856], [2853, 866], [2851, 876], [2855, 886], [2869, 876], [2884, 846], [2891, 841], [2900, 832], [2913, 819], [2930, 806]], "interior": []}, "classId": 1, "classTitle": "Officer"}, {"id": 19872838, "description": "", "geometryType": "polygon", "labelerLogin": "", "createdAt": "", "updatedAt": "", "tags": [], "points": {"exterior": [[2612, 979], [2617, 926], [2625, 877], [2632, 852], [2640, 821], [2631, 792], [2631, 769], [2631, 764], [2632, 750], [2631, 741], [2623, 731], [2620, 722], [2615, 715], [2609, 711], [2604, 709], [2592, 715], [2577, 722], [2566, 723], [2558, 726], [2557, 739], [2557, 747], [2557, 752], [2541, 763], [2540, 775], [2547, 789], [2549, 797], [2549, 813], [2551, 816], [2557, 827], [2558, 841], [2560, 847], [2560, 857], [2560, 865], [2562, 877], [2562, 887], [2555, 898], [2552, 909], [2547, 923], [2546, 939], [2546, 957], [2544, 972], [2543, 984], [2543, 998], [2543, 1005], [2543, 1009], [2541, 1024], [2549, 1027], [2551, 1030], [2557, 1035], [2581, 1041], [2609, 1041], [2621, 1041], [2637, 1031], [2631, 1024], [2621, 1016], [2621, 1013], [2620, 1000]], "interior": []}, "classId": 1, "classTitle": "Officer"}, {"id": 98361130, "description": "", "geometryType": "polygon", "labelerLogin": "", "createdAt": "", "updatedAt": "", "tags": [], "points": {"exterior": [[2331, 814], [2333, 789], [2337, 765], [2349, 751], [2357, 745], [2357, 735], [2357, 720], [2357, 715], [2363, 705], [2368, 694], [2383, 685], [2401, 678], [2407, 681], [2418, 682], [2427, 685], [2431, 687], [2435, 690], [2443, 702], [2443, 710], [2443, 717], [2438, 722], [2434, 730], [2423, 752], [2420, 765], [2423, 772], [2425, 792], [2431, 799], [2440, 806], [2445, 815], [2448, 822], [2450, 832], [2445, 842], [2443, 853], [2441, 881], [2437, 906], [2434, 923], [2431, 939], [2427, 956], [2428, 967], [2428, 983], [2428, 1000], [2424, 1017], [2424, 1029], [2423, 1041], [2423, 1054], [2423, 1061], [2424, 1069], [2441, 1087], [2427, 1101], [2381, 1101], [2337, 1091], [2349, 1006], [2353, 969], [2339, 936], [2324, 876], [2336, 856], [2330, 819]], "interior": []}, "classId": 1, "classTitle": "Officer"}, {"id": 12094049, "description": "", "geometryType": "polygon", "labelerLogin": "", "createdAt": "", "updatedAt": "", "tags": [], "points": {"exterior": [[2186, 741], [2200, 727], [2192, 721], [2183, 712], [2188, 705], [2200, 675], [2209, 668], [2217, 668], [2232, 667], [2242, 664], [2250, 665], [2253, 670], [2256, 681], [2259, 694], [2259, 708], [2257, 731], [2257, 745], [2262, 751], [2269, 769], [2272, 788], [2274, 799], [2279, 806], [2283, 819], [2286, 828], [2287, 841], [2287, 865], [2284, 873], [2277, 881], [2287, 898], [2287, 903], [2286, 915], [2282, 926], [2272, 936], [2270, 946], [2260, 972], [2257, 984], [2257, 1000], [2253, 1019], [2253, 1031], [2252, 1043], [2254, 1056], [2264, 1074], [2289, 1091], [2284, 1106], [2249, 1110], [2210, 1111], [2196, 1101], [2207, 1022], [2207, 989], [2205, 942], [2202, 905], [2195, 798], [2172, 762], [2176, 744]], "interior": []}, "classId": 1, "classTitle": "Officer"}, {"id": 86335129, "description": "", "geometryType": "polygon", "labelerLogin": "", "createdAt": "", "updatedAt": "", "tags": [], "points": {"exterior": [[2101, 684], [2111, 663], [2136, 661], [2152, 665], [2163, 674], [2166, 681], [2169, 694], [2169, 698], [2169, 720], [2170, 739], [2172, 761], [2175, 767], [2178, 775], [2180, 796], [2190, 796], [2196, 846], [2199, 908], [2205, 969], [2203, 1006], [2199, 1036], [2196, 1050], [2193, 1097], [2195, 1101], [2210, 1113], [2222, 1118], [2213, 1130], [2199, 1134], [2186, 1133], [2166, 1138], [2159, 1143], [2146, 1144], [2141, 1143], [2121, 1137], [2102, 1124], [2105, 1069], [2102, 1051], [2098, 1037], [2099, 1024], [2094, 926], [2085, 883], [2111, 882], [2118, 883], [2126, 879], [2136, 868], [2136, 856], [2133, 845], [2131, 833], [2116, 824], [2108, 819], [2099, 814], [2095, 808], [2089, 796], [2076, 785], [2072, 784], [2079, 767], [2086, 754], [2099, 742], [2096, 722], [2094, 710], [2094, 700]], "interior": []}, "classId": 1, "classTitle": "Officer"}, {"id": 36216844, "description": "", "geometryType": "polygon", "labelerLogin": "", "createdAt": "", "updatedAt": "", "tags": [], "points": {"exterior": [[2011, 779], [2016, 766], [1994, 735], [2009, 708], [2033, 688], [2043, 679], [2058, 677], [2069, 680], [2074, 682], [2078, 684], [2089, 699], [2096, 721], [2098, 724], [2085, 746], [2082, 752], [2076, 763], [2071, 786], [2085, 792], [2085, 792], [2091, 806], [2098, 819], [2105, 825], [2116, 826], [2133, 837], [2136, 848], [2133, 863], [2131, 866], [2116, 879], [2095, 881], [2084, 881], [2089, 925], [2093, 956], [2093, 967], [2096, 989], [2102, 1031], [2098, 1054], [2095, 1071], [2093, 1089], [2089, 1111], [2095, 1124], [2102, 1133], [2113, 1144], [2122, 1153], [2118, 1162], [2098, 1169], [2071, 1158], [2080, 1078], [2074, 1054], [2062, 1000], [2038, 969], [2034, 934], [2040, 894], [2022, 850], [2000, 819], [1994, 794]], "interior": []}, "classId": 1, "classTitle": "Officer"}, {"id": 32578544, "description": "", "geometryType": "polygon", "labelerLogin": "", "createdAt": "", "updatedAt": "", "tags": [], "points": {"exterior": [[3147, 775], [3147, 759], [3145, 732], [3161, 708], [3183, 704], [3196, 701], [3198, 987], [3165, 894], [3152, 856], [3136, 843], [3110, 804], [3136, 781]], "interior": []}, "classId": 1, "classTitle": "Officer"}, {"id": 10580117, "description": "", "geometryType": "polygon", "labelerLogin": "", "createdAt": "", "updatedAt": "", "tags": [], "points": {"exterior": [[2501, 719], [2502, 711], [2516, 698], [2523, 687], [2517, 673], [2502, 667], [2488, 666], [2476, 667], [2464, 670], [2458, 673], [2453, 678], [2449, 682], [2446, 685], [2443, 692], [2444, 698], [2449, 707], [2443, 720], [2435, 731], [2432, 736], [2429, 742], [2423, 757], [2423, 761], [2423, 769], [2423, 774], [2423, 783], [2428, 789], [2431, 793], [2438, 804], [2446, 812], [2450, 821], [2450, 833], [2447, 845], [2447, 859], [2446, 868], [2443, 875], [2440, 892], [2435, 954], [2428, 1014], [2429, 1033], [2431, 1036], [2423, 1053], [2431, 1064], [2440, 1071], [2460, 1073], [2472, 1068], [2484, 1068], [2507, 1068], [2513, 1067], [2525, 1058], [2526, 1055], [2499, 1038], [2502, 957], [2507, 927], [2511, 915], [2516, 906], [2519, 889], [2522, 845], [2517, 836], [2519, 804], [2513, 783], [2534, 786], [2540, 786], [2529, 768], [2511, 761], [2496, 742], [2487, 733]], "interior": []}, "classId": 1, "classTitle": "Officer"}, {"id": 19314011, "description": "", "geometryType": "polygon", "labelerLogin": "", "createdAt": "", "updatedAt": "", "tags": [], "points": {"exterior": [[2522, 979], [2527, 981], [2534, 983], [2541, 916], [2541, 893], [2550, 889], [2547, 875], [2542, 871], [2542, 856], [2540, 841], [2537, 827], [2538, 804], [2540, 786], [2515, 784], [2509, 791], [2513, 799], [2507, 841], [2521, 850], [2523, 857], [2509, 857], [2527, 870], [2527, 905], [2526, 905], [2522, 937], [2528, 942]], "interior": []}, "classId": 4, "classTitle": "Gun"}, {"id": 84639589, "description": "", "geometryType": "polygon", "labelerLogin": "", "createdAt": "", "updatedAt": "", "tags": [], "points": {"exterior": [[1458, 1166], [1471, 1132], [1477, 1117], [1482, 1108], [1487, 1094], [1480, 1078], [1477, 1075], [1466, 1069], [1468, 1057], [1478, 1045], [1485, 1026], [1487, 1003], [1487, 997], [1487, 980], [1489, 965], [1487, 956], [1482, 907], [1470, 890], [1465, 876], [1452, 848], [1442, 824], [1452, 793], [1477, 755], [1486, 740], [1480, 721], [1472, 712], [1471, 703], [1465, 689], [1459, 669], [1435, 665], [1415, 664], [1397, 671], [1395, 686], [1392, 704], [1401, 724], [1400, 734], [1397, 757], [1397, 761], [1396, 779], [1413, 805], [1437, 833], [1449, 865], [1461, 886], [1458, 909], [1419, 948], [1424, 1075], [1418, 1143], [1411, 1169], [1411, 1188], [1421, 1189], [1444, 1188], [1449, 1188], [1454, 1176]], "interior": []}, "classId": 1, "classTitle": "Officer"}, {"id": 68652364, "description": "", "geometryType": "polygon", "labelerLogin": "", "createdAt": "", "updatedAt": "", "tags": [], "points": {"exterior": [[69, 271], [87, 252], [93, 245], [92, 239], [99, 213], [105, 204], [128, 200], [131, 201], [138, 204], [147, 215], [152, 229], [154, 245], [158, 267], [159, 279], [163, 290], [171, 306], [174, 321], [174, 337], [174, 346], [163, 366], [163, 380], [162, 401], [168, 430], [164, 453], [138, 456], [127, 455], [96, 448], [91, 436], [87, 426], [84, 410], [81, 400], [79, 389], [71, 370], [71, 362], [68, 354], [67, 339], [65, 321], [63, 306], [58, 286]], "interior": []}, "classId": 1, "classTitle": "Officer"}, {"id": 74134232, "description": "", "geometryType": "polygon", "labelerLogin": "", "createdAt": "", "updatedAt": "", "tags": [], "points": {"exterior": [[252, 330], [249, 313], [254, 298], [246, 283], [245, 268], [248, 252], [244, 241], [225, 223], [213, 219], [207, 216], [195, 231], [186, 245], [179, 252], [172, 255], [160, 268], [164, 283], [167, 292], [170, 294], [172, 303], [174, 306], [175, 319], [175, 329], [175, 345], [174, 365], [172, 408], [175, 424], [178, 435], [179, 451], [237, 456], [239, 432], [241, 428], [245, 413], [249, 405], [248, 389], [248, 377], [249, 369], [252, 355]], "interior": []}, "classId": 1, "classTitle": "Officer"}, {"id": 78469963, "description": "", "geometryType": "polygon", "labelerLogin": "", "createdAt": "", "updatedAt": "", "tags": [], "points": {"exterior": [[364, 298], [357, 278], [352, 271], [355, 260], [352, 251], [348, 229], [341, 219], [316, 216], [300, 221], [293, 247], [290, 260], [290, 278], [285, 291], [285, 303], [289, 314], [288, 334], [292, 351], [292, 362], [292, 382], [290, 397], [288, 421], [285, 440], [288, 465], [288, 465], [357, 469], [361, 444], [357, 436], [357, 424], [355, 413], [355, 410], [363, 402], [370, 393], [375, 384], [380, 373], [378, 358], [367, 351], [360, 349], [359, 347], [366, 333], [367, 318]], "interior": []}, "classId": 1, "classTitle": "Officer"}, {"id": 64826274, "description": "", "geometryType": "polygon", "labelerLogin": "", "createdAt": "", "updatedAt": "", "tags": [], "points": {"exterior": [[486, 321], [475, 304], [457, 288], [453, 279], [455, 268], [454, 256], [446, 251], [423, 249], [419, 249], [412, 258], [406, 274], [404, 282], [396, 292], [392, 296], [388, 304], [383, 319], [380, 334], [382, 350], [380, 371], [380, 390], [395, 420], [403, 429], [406, 448], [406, 461], [404, 469], [408, 476], [471, 479], [478, 435], [478, 425], [482, 412], [483, 408], [486, 402], [489, 386], [492, 377], [489, 353], [489, 334]], "interior": []}, "classId": 1, "classTitle": "Officer"}, {"id": 30860756, "description": "", "geometryType": "polygon", "labelerLogin": "", "createdAt": "", "updatedAt": "", "tags": [], "points": {"exterior": [[528, 333], [530, 303], [533, 298], [542, 292], [552, 287], [553, 278], [553, 272], [560, 262], [572, 256], [585, 258], [591, 258], [599, 264], [600, 278], [601, 287], [601, 303], [601, 313], [601, 314], [604, 326], [605, 334], [607, 350], [605, 365], [603, 380], [601, 388], [596, 409], [592, 425], [593, 437], [589, 464], [588, 491], [528, 484], [534, 440], [533, 425], [533, 412], [532, 398], [529, 380], [529, 367], [528, 357]], "interior": []}, "classId": 1, "classTitle": "Officer"}, {"id": 38254949, "description": "", "geometryType": "polygon", "labelerLogin": "", "createdAt": "", "updatedAt": "", "tags": [], "points": {"exterior": [[644, 350], [639, 341], [636, 312], [641, 310], [641, 304], [641, 298], [641, 288], [636, 280], [628, 274], [623, 271], [623, 271], [611, 275], [606, 276], [605, 277], [602, 290], [602, 299], [599, 311], [598, 323], [605, 342], [605, 353], [606, 371], [605, 388], [603, 397], [600, 407], [599, 415], [597, 424], [593, 434], [592, 439], [591, 446], [588, 458], [588, 492], [639, 494], [641, 474], [639, 458], [639, 450], [638, 433], [641, 421], [641, 409], [641, 402], [640, 391], [640, 382], [645, 370], [644, 359]], "interior": []}, "classId": 1, "classTitle": "Officer"}, {"id": 77826442, "description": "", "geometryType": "polygon", "labelerLogin": "", "createdAt": "", "updatedAt": "", "tags": [], "points": {"exterior": [[720, 354], [712, 344], [705, 335], [708, 328], [713, 319], [714, 313], [708, 304], [702, 295], [700, 290], [693, 287], [686, 287], [672, 295], [662, 302], [660, 310], [665, 322], [665, 326], [659, 330], [644, 349], [648, 356], [648, 360], [644, 371], [645, 382], [650, 389], [652, 398], [654, 408], [657, 418], [660, 428], [664, 439], [668, 455], [671, 476], [674, 497], [682, 500], [714, 501], [728, 500], [724, 479], [726, 461], [726, 453], [725, 439], [729, 434], [734, 430], [737, 420], [740, 409], [740, 403], [732, 392], [728, 386]], "interior": []}, "classId": 1, "classTitle": "Officer"}, {"id": 48957864, "description": "", "geometryType": "polygon", "labelerLogin": "", "createdAt": "", "updatedAt": "", "tags": [], "points": {"exterior": [[754, 364], [767, 343], [767, 338], [768, 322], [772, 316], [784, 312], [801, 314], [812, 338], [815, 358], [816, 360], [820, 371], [825, 385], [826, 400], [824, 414], [822, 434], [822, 453], [820, 473], [820, 491], [822, 509], [759, 503], [756, 497], [758, 492], [758, 480], [756, 461], [755, 450], [754, 434], [754, 427], [754, 416], [754, 408], [749, 398], [747, 392], [743, 378]], "interior": []}, "classId": 1, "classTitle": "Officer"}, {"id": 35690269, "description": "", "geometryType": "polygon", "labelerLogin": "", "createdAt": "", "updatedAt": "", "tags": [], "points": {"exterior": [[839, 368], [839, 362], [849, 354], [846, 346], [845, 340], [845, 337], [851, 328], [863, 317], [868, 313], [876, 312], [882, 316], [885, 318], [893, 334], [894, 346], [897, 364], [898, 365], [902, 384], [905, 390], [906, 408], [905, 428], [905, 445], [905, 474], [904, 497], [902, 516], [844, 511], [840, 483], [838, 471], [840, 453], [840, 445], [842, 436], [840, 424], [840, 410], [839, 401]], "interior": []}, "classId": 1, "classTitle": "Officer"}, {"id": 66087606, "description": "", "geometryType": "polygon", "labelerLogin": "", "createdAt": "", "updatedAt": "", "tags": [], "points": {"exterior": [[920, 374], [936, 362], [940, 360], [935, 350], [934, 340], [940, 328], [947, 325], [963, 328], [969, 329], [975, 334], [981, 355], [987, 368], [988, 378], [994, 402], [994, 425], [996, 450], [994, 465], [984, 483], [981, 492], [977, 504], [977, 518], [923, 519], [920, 488], [920, 477], [921, 468], [921, 457], [917, 444], [917, 438], [912, 425], [914, 409], [915, 396], [915, 386]], "interior": []}, "classId": 1, "classTitle": "Officer"}, {"id": 56856472, "description": "", "geometryType": "polygon", "labelerLogin": "", "createdAt": "", "updatedAt": "", "tags": [], "points": {"exterior": [[1049, 376], [1055, 370], [1064, 358], [1054, 352], [1055, 346], [1062, 336], [1066, 335], [1072, 334], [1082, 326], [1085, 328], [1088, 329], [1096, 338], [1102, 348], [1104, 365], [1100, 391], [1095, 401], [1108, 406], [1113, 412], [1115, 419], [1116, 425], [1115, 440], [1110, 450], [1104, 456], [1103, 463], [1104, 471], [1104, 475], [1102, 500], [1062, 506], [1058, 474], [1056, 464], [1055, 453], [1054, 437], [1052, 427], [1052, 418], [1050, 404], [1050, 392]], "interior": []}, "classId": 1, "classTitle": "Officer"}, {"id": 72774566, "description": "", "geometryType": "polygon", "labelerLogin": "", "createdAt": "", "updatedAt": "", "tags": [], "points": {"exterior": [[1126, 355], [1127, 376], [1130, 384], [1134, 392], [1140, 397], [1152, 403], [1158, 414], [1164, 419], [1170, 430], [1177, 438], [1173, 446], [1167, 447], [1153, 442], [1150, 443], [1144, 447], [1142, 453], [1142, 457], [1142, 464], [1143, 479], [1143, 495], [1102, 503], [1106, 456], [1116, 445], [1116, 437], [1115, 434], [1115, 432], [1118, 416], [1112, 407], [1098, 398], [1101, 384], [1104, 366], [1106, 358]], "interior": []}, "classId": 1, "classTitle": "Officer"}, {"id": 76283801, "description": "", "geometryType": "polygon", "labelerLogin": "", "createdAt": "", "updatedAt": "", "tags": [], "points": {"exterior": [[1251, 483], [1253, 469], [1260, 449], [1264, 437], [1265, 431], [1267, 419], [1269, 406], [1253, 398], [1245, 384], [1243, 380], [1236, 368], [1229, 362], [1212, 376], [1205, 388], [1204, 401], [1203, 421], [1201, 426], [1200, 439], [1201, 450], [1201, 459], [1200, 468], [1203, 479], [1209, 489]], "interior": []}, "classId": 1, "classTitle": "Officer"}, {"id": 42097642, "description": "", "geometryType": "polygon", "labelerLogin": "", "createdAt": "", "updatedAt": "", "tags": [], "points": {"exterior": [[2863, 737], [2850, 733], [2838, 743], [2837, 764], [2819, 777], [2814, 782], [2809, 789], [2803, 799], [2810, 810], [2816, 816], [2817, 825], [2816, 837], [2815, 871], [2815, 891], [2815, 902], [2813, 909], [2811, 918], [2811, 923], [2817, 930], [2821, 932], [2832, 931], [2843, 911], [2847, 881], [2851, 866], [2839, 839], [2832, 831], [2840, 803], [2843, 786], [2851, 777], [2858, 770], [2863, 763], [2865, 758], [2870, 745]], "interior": []}, "classId": 1, "classTitle": "Officer"}]}