{"tags": [], "size": {"height": 320, "width": 450}, "objects": [{"id": 64530671, "description": "", "geometryType": "polygon", "labelerLogin": "", "createdAt": "", "updatedAt": "", "tags": [], "points": {"exterior": [[121, 273], [108, 240], [76, 117], [106, 97], [105, 70], [83, 70], [92, 61], [97, 40], [89, 27], [69, 19], [53, 26], [48, 36], [46, 46], [39, 55], [30, 68], [17, 73], [27, 79], [27, 97], [26, 122], [16, 153], [14, 185], [8, 219], [2, 259], [2, 299], [32, 295], [39, 250], [54, 201], [68, 226], [76, 251], [77, 270], [80, 288], [95, 293], [122, 292], [131, 288], [125, 280]], "interior": []}, "classId": 1, "classTitle": "Officer"}, {"id": 55858579, "description": "", "geometryType": "polygon", "labelerLogin": "", "createdAt": "", "updatedAt": "", "tags": [], "points": {"exterior": [[97, 98], [99, 90], [106, 89], [106, 84], [103, 83], [104, 77], [108, 75], [107, 70], [103, 70], [108, 49], [104, 45], [101, 46], [99, 50], [95, 75], [90, 100], [91, 103], [93, 103], [96, 102], [98, 100], [98, 99]], "interior": []}, "classId": 6, "classTitle": "Baton"}, {"id": 26326347, "description": "", "geometryType": "polygon", "labelerLogin": "", "createdAt": "", "updatedAt": "", "tags": [], "points": {"exterior": [[31, 51], [34, 27], [33, 25], [30, 25], [21, 68], [28, 64], [32, 55], [41, 53], [41, 49]], "interior": []}, "classId": 6, "classTitle": "Baton"}, {"id": 30911743, "description": "", "geometryType": "polygon", "labelerLogin": "", "createdAt": "", "updatedAt": "", "tags": [], "points": {"exterior": [[134, 72], [154, 55], [158, 47], [161, 44], [160, 43], [119, 75], [125, 82]], "interior": []}, "classId": 6, "classTitle": "Baton"}, {"id": 23052956, "description": "", "geometryType": "polygon", "labelerLogin": "", "createdAt": "", "updatedAt": "", "tags": [], "points": {"exterior": [[51, 26], [49, 21], [47, 21], [40, 11], [26, 11], [16, 15], [13, 20], [10, 29], [11, 43], [2, 50], [2, 54], [2, 80], [15, 77], [21, 74], [32, 59], [41, 43], [42, 36], [45, 33], [48, 29]], "interior": []}, "classId": 1, "classTitle": "Officer"}, {"id": 97982945, "description": "", "geometryType": "polygon", "labelerLogin": "", "createdAt": "", "updatedAt": "", "tags": [], "points": {"exterior": [[255, 285], [291, 286], [295, 277], [262, 203], [260, 149], [241, 110], [222, 70], [219, 56], [215, 47], [203, 42], [191, 44], [189, 48], [185, 54], [176, 56], [172, 60], [170, 71], [180, 78], [181, 83], [163, 90], [148, 93], [132, 86], [120, 81], [110, 91], [110, 100], [120, 114], [133, 120], [149, 121], [174, 124], [184, 126], [186, 143], [191, 174], [196, 198], [194, 220], [200, 243], [204, 266], [202, 280], [197, 283], [202, 287], [209, 290], [225, 288], [240, 288]], "interior": []}, "classId": 2, "classTitle": "Civilian"}, {"id": 10613496, "description": "", "geometryType": "polygon", "labelerLogin": "", "createdAt": "", "updatedAt": "", "tags": [], "points": {"exterior": [[308, 188], [327, 141], [300, 106], [287, 74], [270, 59], [266, 45], [251, 41], [241, 46], [239, 66], [232, 69], [225, 77], [236, 106], [261, 169], [266, 192], [288, 239], [296, 261], [299, 266], [327, 256], [303, 216]], "interior": []}, "classId": 2, "classTitle": "Civilian"}, {"id": 62383543, "description": "", "geometryType": "polygon", "labelerLogin": "", "createdAt": "", "updatedAt": "", "tags": [], "points": {"exterior": [[359, 66], [351, 48], [346, 46], [351, 34], [349, 19], [335, 10], [318, 20], [318, 46], [316, 49], [301, 60], [297, 74], [289, 80], [296, 103], [304, 101], [307, 119], [322, 152], [314, 172], [308, 197], [333, 213], [322, 256], [349, 256], [359, 237], [379, 222], [366, 209], [360, 199], [361, 165], [365, 142]], "interior": []}, "classId": 2, "classTitle": "Civilian"}, {"id": 58560409, "description": "", "geometryType": "polygon", "labelerLogin": "", "createdAt": "", "updatedAt": "", "tags": [], "points": {"exterior": [[427, 77], [448, 124], [448, 174], [448, 252], [434, 261], [412, 262], [407, 256], [424, 242], [421, 219], [414, 193], [416, 159], [404, 136], [384, 123], [372, 116], [372, 105], [349, 84], [354, 81], [361, 89], [393, 97], [390, 66], [377, 52], [378, 47], [396, 49], [413, 42], [427, 54], [428, 59], [422, 70]], "interior": []}, "classId": 2, "classTitle": "Civilian"}]}