{"tags": [], "size": {"height": 408, "width": 612}, "objects": [{"id": 50870513, "description": "", "geometryType": "polygon", "labelerLogin": "", "createdAt": "", "updatedAt": "", "tags": [], "points": {"exterior": [[287, 77], [299, 61], [309, 53], [322, 53], [320, 39], [327, 25], [339, 19], [345, 18], [355, 38], [353, 48], [352, 57], [366, 61], [370, 76], [374, 88], [372, 100], [370, 107], [360, 105], [351, 106], [348, 116], [337, 141], [337, 163], [346, 181], [350, 203], [332, 202], [322, 210], [312, 210], [301, 198], [278, 191], [273, 168], [281, 126], [280, 92]], "interior": []}, "classId": 1, "classTitle": "Officer"}, {"id": 19090178, "description": "", "geometryType": "polygon", "labelerLogin": "", "createdAt": "", "updatedAt": "", "tags": [], "points": {"exterior": [[462, 57], [379, 86], [374, 95], [418, 238], [455, 229], [467, 192], [459, 168], [458, 156], [458, 145], [429, 143], [417, 137], [414, 139], [411, 132], [420, 126], [412, 124], [416, 118], [425, 115], [432, 119], [439, 122], [444, 133], [478, 129], [486, 109], [472, 58]], "interior": []}, "classId": 3, "classTitle": "Riot Shield"}, {"id": 51110870, "description": "", "geometryType": "polygon", "labelerLogin": "", "createdAt": "", "updatedAt": "", "tags": [], "points": {"exterior": [[496, 93], [502, 83], [503, 76], [495, 69], [493, 45], [492, 38], [485, 34], [496, 24], [498, 13], [509, 3], [535, 5], [542, 21], [545, 26], [552, 36], [547, 49], [549, 59], [552, 68], [555, 74], [559, 84], [559, 94], [540, 95], [542, 115], [555, 120], [555, 160], [542, 204], [530, 229], [524, 259], [518, 300], [515, 326], [509, 359], [499, 378], [492, 351], [473, 349], [432, 355], [439, 327], [440, 304], [443, 296], [452, 239], [458, 217], [465, 198], [466, 183], [463, 171], [460, 157], [460, 148], [459, 145], [431, 141], [422, 137], [413, 136], [418, 130], [422, 126], [423, 122], [418, 122], [426, 117], [435, 122], [441, 130], [446, 137], [479, 131], [488, 108]], "interior": []}, "classId": 2, "classTitle": "Civilian"}, {"id": 29225197, "description": "", "geometryType": "polygon", "labelerLogin": "", "createdAt": "", "updatedAt": "", "tags": [], "points": {"exterior": [[564, 404], [566, 351], [575, 308], [570, 300], [586, 225], [586, 50], [569, 53], [562, 58], [556, 72], [561, 81], [565, 87], [566, 95], [558, 107], [557, 131], [555, 179], [544, 207], [531, 229], [528, 287], [520, 301], [517, 346], [508, 365], [504, 378], [513, 385], [524, 397], [546, 406]], "interior": []}, "classId": 2, "classTitle": "Civilian"}, {"id": 74333882, "description": "", "geometryType": "polygon", "labelerLogin": "", "createdAt": "", "updatedAt": "", "tags": [], "points": {"exterior": [[127, 180], [137, 155], [128, 117], [129, 107], [121, 96], [125, 89], [142, 88], [143, 80], [141, 70], [139, 55], [148, 53], [156, 52], [155, 57], [145, 60], [148, 80], [153, 91], [167, 86], [173, 111], [168, 122], [158, 132], [156, 141], [151, 154], [149, 166], [149, 175], [151, 199], [137, 194], [130, 188], [130, 180]], "interior": []}, "classId": 2, "classTitle": "Civilian"}, {"id": 82194828, "description": "", "geometryType": "polygon", "labelerLogin": "", "createdAt": "", "updatedAt": "", "tags": [], "points": {"exterior": [[204, 173], [210, 162], [207, 134], [207, 94], [210, 77], [221, 69], [225, 61], [232, 53], [246, 49], [246, 60], [245, 72], [240, 80], [248, 95], [249, 113], [245, 122], [244, 134], [242, 148], [237, 166], [235, 182], [233, 198], [225, 207], [217, 210], [217, 176], [200, 202]], "interior": []}, "classId": 2, "classTitle": "Civilian"}, {"id": 60352629, "description": "", "geometryType": "polygon", "labelerLogin": "", "createdAt": "", "updatedAt": "", "tags": [], "points": {"exterior": [[83, 399], [114, 354], [135, 334], [158, 332], [194, 333], [210, 316], [226, 312], [247, 318], [263, 325], [282, 354], [278, 374], [268, 381], [266, 389], [259, 398], [256, 406], [76, 406]], "interior": []}, "classId": 2, "classTitle": "Civilian"}]}