{"tags": [], "size": {"height": 363, "width": 645}, "objects": [{"id": 28681846, "description": "", "geometryType": "polygon", "labelerLogin": "", "createdAt": "", "updatedAt": "", "tags": [], "points": {"exterior": [[598, 355], [581, 299], [559, 244], [553, 226], [538, 206], [520, 191], [504, 181], [487, 173], [473, 169], [463, 162], [461, 150], [463, 129], [468, 116], [478, 104], [483, 83], [475, 62], [463, 48], [453, 35], [443, 26], [427, 19], [402, 19], [385, 23], [364, 37], [356, 44], [350, 53], [345, 95], [348, 114], [355, 126], [362, 133], [372, 143], [377, 163], [365, 174], [353, 181], [341, 187], [328, 197], [310, 220], [300, 237], [292, 253], [283, 266], [277, 284], [280, 327], [266, 343], [260, 358], [260, 361], [599, 361]], "interior": []}, "classId": 1, "classTitle": "Officer"}, {"id": 78098503, "description": "", "geometryType": "polygon", "labelerLogin": "", "createdAt": "", "updatedAt": "", "tags": [], "points": {"exterior": [[271, 166], [274, 119], [294, 81], [302, 63], [308, 55], [319, 46], [335, 40], [351, 40], [358, 43], [346, 65], [345, 83], [345, 94], [348, 114], [358, 127], [371, 138], [378, 151], [367, 170], [342, 184], [335, 190], [324, 199], [315, 214], [299, 236], [277, 273], [274, 292], [279, 326], [265, 336], [241, 270], [229, 231], [218, 195], [234, 185], [241, 183], [247, 192], [253, 203], [267, 198]], "interior": []}, "classId": 1, "classTitle": "Officer"}, {"id": 23687727, "description": "", "geometryType": "polygon", "labelerLogin": "", "createdAt": "", "updatedAt": "", "tags": [], "points": {"exterior": [[243, 132], [230, 103], [213, 88], [202, 78], [188, 79], [173, 80], [160, 90], [154, 96], [148, 119], [154, 140], [163, 164], [169, 179], [165, 190], [161, 200], [147, 187], [138, 182], [122, 189], [121, 205], [135, 222], [137, 230], [137, 248], [145, 258], [141, 316], [148, 333], [156, 361], [251, 361], [250, 340], [251, 327], [251, 314], [243, 292], [241, 277], [227, 238], [220, 201], [216, 192], [242, 181], [254, 202], [270, 200], [267, 176], [266, 160], [258, 150], [253, 141]], "interior": []}, "classId": 2, "classTitle": "Civilian"}]}