{"tags": [], "size": {"height": 500, "width": 504}, "objects": [{"id": 16263817, "description": "", "geometryType": "polygon", "labelerLogin": "", "createdAt": "", "updatedAt": "", "tags": [], "points": {"exterior": [[315, 364], [313, 342], [319, 326], [321, 310], [319, 296], [317, 288], [310, 279], [303, 272], [300, 256], [294, 249], [289, 244], [286, 243], [278, 246], [270, 251], [263, 259], [264, 266], [262, 275], [259, 279], [254, 283], [250, 293], [250, 297], [253, 303], [256, 308], [261, 310], [264, 319], [265, 335], [261, 355], [259, 373], [261, 391], [309, 393], [315, 385]], "interior": []}, "classId": 2, "classTitle": "Civilian"}, {"id": 91906711, "description": "", "geometryType": "polygon", "labelerLogin": "", "createdAt": "", "updatedAt": "", "tags": [], "points": {"exterior": [[167, 337], [171, 313], [166, 300], [162, 283], [165, 269], [168, 261], [179, 251], [188, 238], [197, 230], [208, 226], [222, 226], [229, 229], [235, 236], [232, 247], [231, 259], [233, 268], [229, 276], [229, 287], [227, 293], [227, 311], [229, 325], [229, 334], [229, 348], [227, 364], [222, 384], [220, 390], [170, 390], [170, 372], [174, 353]], "interior": []}, "classId": 2, "classTitle": "Civilian"}, {"id": 88564276, "description": "", "geometryType": "polygon", "labelerLogin": "", "createdAt": "", "updatedAt": "", "tags": [], "points": {"exterior": [[254, 243], [256, 252], [261, 262], [262, 274], [256, 282], [253, 286], [251, 292], [251, 298], [251, 304], [256, 310], [261, 315], [263, 331], [264, 339], [263, 346], [260, 363], [260, 371], [260, 376], [261, 387], [261, 388], [249, 388], [239, 385], [232, 380], [228, 370], [228, 362], [231, 344], [233, 328], [230, 317], [227, 305], [226, 297], [228, 287], [231, 279], [232, 270], [233, 261], [235, 253], [234, 244], [236, 236], [235, 230], [241, 225], [247, 228], [250, 230]], "interior": []}, "classId": 2, "classTitle": "Civilian"}, {"id": 46553473, "description": "", "geometryType": "polygon", "labelerLogin": "", "createdAt": "", "updatedAt": "", "tags": [], "points": {"exterior": [[128, 266], [129, 243], [125, 234], [121, 229], [121, 229], [116, 229], [111, 229], [107, 239], [103, 252], [100, 266], [103, 278], [103, 291], [105, 305], [106, 312], [109, 319], [119, 315], [125, 312], [126, 300], [128, 281]], "interior": []}, "classId": 2, "classTitle": "Civilian"}]}