{"tags": [], "size": {"height": 500, "width": 500}, "objects": [{"id": 16065223, "description": "", "geometryType": "polygon", "labelerLogin": "", "createdAt": "", "updatedAt": "", "tags": [], "points": {"exterior": [[112, 385], [162, 352], [206, 321], [229, 313], [229, 297], [273, 260], [314, 227], [345, 201], [374, 181], [416, 147], [453, 125], [488, 95], [484, 75], [471, 73], [435, 104], [372, 150], [354, 161], [317, 183], [270, 220], [229, 244], [195, 275], [162, 300], [125, 332], [92, 353], [88, 364], [72, 388], [76, 405], [90, 414], [105, 405], [112, 385]], "interior": []}, "classId": 6, "classTitle": "Baton"}]}