{"tags": [], "size": {"height": 700, "width": 700}, "objects": [{"id": 83951864, "description": "", "geometryType": "polygon", "labelerLogin": "", "createdAt": "", "updatedAt": "", "tags": [], "points": {"exterior": [[399, 332], [398, 336], [398, 338], [400, 340], [420, 348], [423, 352], [595, 425], [599, 424], [611, 430], [615, 431], [619, 431], [623, 429], [626, 426], [635, 405], [634, 398], [633, 395], [616, 388], [612, 383], [442, 312], [440, 311], [436, 312], [413, 303], [410, 303], [409, 307], [255, 245], [253, 247], [84, 179], [81, 174], [79, 172], [77, 172], [73, 173], [70, 175], [67, 178], [65, 181], [65, 185], [65, 190], [68, 194], [72, 196], [77, 196], [82, 195], [247, 264], [246, 268], [399, 332]], "interior": []}, "classId": 6, "classTitle": "Baton"}]}