{"tags": [], "size": {"height": 668, "width": 1000}, "objects": [{"id": 75363175, "description": "", "geometryType": "polygon", "labelerLogin": "", "createdAt": "", "updatedAt": "", "tags": [], "points": {"exterior": [[42, 566], [43, 572], [37, 576], [31, 583], [26, 592], [24, 606], [28, 622], [34, 631], [44, 640], [58, 642], [72, 641], [80, 638], [85, 640], [88, 640], [542, 360], [541, 353], [582, 330], [707, 583], [712, 588], [716, 594], [720, 597], [726, 600], [730, 600], [734, 600], [810, 553], [811, 549], [811, 545], [683, 266], [729, 237], [732, 238], [736, 239], [962, 102], [964, 98], [964, 94], [969, 89], [977, 77], [979, 64], [977, 51], [971, 41], [964, 35], [956, 30], [948, 29], [936, 28], [930, 30], [925, 33], [920, 30], [693, 167], [691, 170], [690, 175], [502, 289], [498, 286], [42, 566]], "interior": []}, "classId": 6, "classTitle": "Baton"}]}