{"tags": [], "size": {"height": 619, "width": 1100}, "objects": [{"id": 80712573, "description": "", "geometryType": "polygon", "labelerLogin": "", "createdAt": "", "updatedAt": "", "tags": [], "points": {"exterior": [[422, 92], [426, 84], [436, 74], [455, 70], [470, 72], [479, 81], [485, 107], [519, 102], [538, 102], [542, 104], [542, 119], [552, 124], [569, 116], [578, 97], [563, 94], [557, 77], [568, 68], [582, 70], [661, 106], [662, 126], [648, 140], [608, 148], [578, 164], [585, 193], [614, 242], [648, 274], [659, 311], [651, 325], [631, 315], [661, 402], [688, 523], [676, 531], [604, 438], [554, 365], [540, 369], [505, 436], [475, 398], [447, 389], [463, 334], [447, 265], [453, 260], [431, 227], [410, 257], [381, 328], [368, 361], [351, 385], [331, 385], [331, 368], [344, 344], [363, 267], [390, 203], [408, 180], [398, 164], [426, 128], [420, 103], [422, 92]], "interior": []}, "classId": 1, "classTitle": "Officer"}, {"id": 37743244, "description": "", "geometryType": "polygon", "labelerLogin": "", "createdAt": "", "updatedAt": "", "tags": [], "points": {"exterior": [[715, 251], [742, 245], [774, 251], [786, 300], [791, 328], [812, 348], [858, 351], [907, 375], [992, 471], [977, 499], [1010, 589], [1021, 617], [672, 616], [672, 525], [652, 523], [628, 548], [574, 546], [547, 569], [512, 558], [507, 528], [507, 511], [531, 511], [564, 506], [607, 471], [637, 422], [668, 399], [671, 379], [699, 378], [674, 332], [674, 287], [678, 272], [709, 254], [715, 251]], "interior": []}, "classId": 1, "classTitle": "Officer"}, {"id": 34612616, "description": "", "geometryType": "polygon", "labelerLogin": "", "createdAt": "", "updatedAt": "", "tags": [], "points": {"exterior": [[175, 394], [193, 381], [203, 358], [226, 345], [257, 349], [294, 384], [300, 398], [343, 391], [407, 391], [471, 399], [502, 448], [504, 476], [498, 492], [547, 532], [572, 568], [568, 585], [542, 593], [498, 579], [454, 558], [331, 569], [293, 585], [309, 617], [175, 617], [157, 595], [142, 555], [145, 482], [160, 429], [162, 406], [175, 394]], "interior": []}, "classId": 2, "classTitle": "Civilian"}]}