{"tags": [], "size": {"height": 1080, "width": 1920}, "objects": [{"id": 47450672, "description": "", "geometryType": "polygon", "labelerLogin": "", "createdAt": "", "updatedAt": "", "tags": [], "points": {"exterior": [[330, 247], [347, 201], [369, 169], [409, 161], [472, 153], [500, 166], [512, 189], [507, 200], [594, 218], [559, 241], [521, 245], [513, 266], [514, 302], [512, 339], [502, 343], [504, 366], [500, 389], [471, 431], [508, 509], [537, 539], [621, 514], [655, 493], [662, 451], [673, 406], [705, 404], [747, 426], [758, 457], [753, 491], [723, 531], [682, 560], [668, 627], [549, 704], [494, 672], [449, 684], [404, 635], [374, 729], [255, 774], [166, 756], [71, 662], [66, 612], [178, 363], [225, 311], [315, 261], [330, 247]], "interior": []}, "classId": 1, "classTitle": "Officer"}, {"id": 60664111, "description": "", "geometryType": "polygon", "labelerLogin": "", "createdAt": "", "updatedAt": "", "tags": [], "points": {"exterior": [[1016, 778], [1045, 739], [1093, 695], [1129, 684], [1176, 732], [1215, 770], [1198, 1056], [1166, 1062], [1123, 1050], [1106, 863], [1016, 832], [1012, 790], [1016, 778]], "interior": []}, "classId": 5, "classTitle": "Pepper Spray"}, {"id": 35369306, "description": "", "geometryType": "polygon", "labelerLogin": "", "createdAt": "", "updatedAt": "", "tags": [], "points": {"exterior": [[49, 12], [19, 85], [6, 157], [2, 229], [2, 630], [71, 615], [136, 445], [79, 244], [146, 199], [148, 180], [153, 155], [167, 154], [173, 132], [193, 118], [185, 82], [195, 30], [188, 2], [59, 2], [49, 12]], "interior": []}, "classId": 2, "classTitle": "Civilian"}, {"id": 20722100, "description": "", "geometryType": "polygon", "labelerLogin": "", "createdAt": "", "updatedAt": "", "tags": [], "points": {"exterior": [[186, 144], [177, 184], [177, 212], [136, 254], [99, 297], [136, 444], [179, 367], [239, 302], [225, 249], [213, 240], [223, 229], [239, 221], [250, 198], [260, 172], [259, 142], [250, 128], [225, 117], [204, 125], [186, 144]], "interior": []}, "classId": 1, "classTitle": "Officer"}, {"id": 83702432, "description": "", "geometryType": "polygon", "labelerLogin": "", "createdAt": "", "updatedAt": "", "tags": [], "points": {"exterior": [[852, 386], [805, 528], [740, 642], [705, 657], [787, 849], [725, 1045], [802, 990], [815, 1015], [797, 1078], [568, 1078], [384, 729], [404, 642], [474, 413], [561, 314], [805, 174], [847, 184], [852, 386]], "interior": []}, "classId": 2, "classTitle": "Civilian"}, {"id": 24314393, "description": "", "geometryType": "polygon", "labelerLogin": "", "createdAt": "", "updatedAt": "", "tags": [], "points": {"exterior": [[961, 47], [1018, 45], [1093, 95], [1115, 194], [1111, 251], [1083, 264], [1091, 632], [1028, 729], [1001, 791], [999, 1020], [1021, 1050], [1009, 1078], [902, 1078], [899, 1013], [864, 968], [777, 931], [792, 854], [713, 652], [742, 645], [859, 366], [849, 338], [566, 321], [516, 309], [511, 261], [593, 216], [733, 207], [837, 194], [876, 188], [876, 161], [886, 152], [883, 138], [887, 113], [918, 76], [945, 62], [947, 50], [961, 47]], "interior": []}, "classId": 2, "classTitle": "Civilian"}, {"id": 73350908, "description": "", "geometryType": "polygon", "labelerLogin": "", "createdAt": "", "updatedAt": "", "tags": [], "points": {"exterior": [[668, 97], [655, 159], [677, 215], [708, 221], [844, 191], [819, 176], [798, 177], [797, 155], [784, 101], [756, 70], [728, 63], [704, 75], [668, 97]], "interior": []}, "classId": 2, "classTitle": "Civilian"}, {"id": 51395200, "description": "", "geometryType": "polygon", "labelerLogin": "", "createdAt": "", "updatedAt": "", "tags": [], "points": {"exterior": [[270, 258], [328, 205], [340, 204], [391, 145], [414, 129], [431, 129], [460, 150], [312, 268], [246, 299], [270, 258]], "interior": []}, "classId": 1, "classTitle": "Officer"}]}