{"tags": [], "size": {"height": 591, "width": 799}, "objects": [{"id": 44062276, "description": "", "geometryType": "polygon", "labelerLogin": "", "createdAt": "", "updatedAt": "", "tags": [], "points": {"exterior": [[44, 572], [29, 548], [39, 539], [42, 543], [273, 382], [270, 374], [477, 231], [478, 226], [578, 153], [581, 140], [678, 82], [629, 98], [591, 109], [632, 79], [651, 67], [721, 36], [735, 39], [755, 34], [767, 34], [776, 52], [777, 74], [625, 173], [501, 256], [494, 257], [292, 402], [285, 401], [56, 563], [55, 568], [44, 572]], "interior": []}, "classId": 6, "classTitle": "Baton"}, {"id": 62067682, "description": "", "geometryType": "polygon", "labelerLogin": "", "createdAt": "", "updatedAt": "", "tags": [], "points": {"exterior": [[783, 474], [763, 453], [757, 456], [756, 464], [745, 463], [726, 446], [732, 436], [718, 431], [716, 427], [711, 437], [699, 432], [706, 416], [698, 407], [682, 412], [680, 400], [691, 399], [688, 389], [663, 365], [670, 360], [684, 369], [694, 378], [695, 375], [690, 369], [692, 366], [700, 373], [707, 373], [732, 396], [728, 401], [732, 406], [744, 413], [772, 439], [769, 447], [783, 474]], "interior": []}, "classId": 4, "classTitle": "Gun"}, {"id": 69217514, "description": "", "geometryType": "polygon", "labelerLogin": "", "createdAt": "", "updatedAt": "", "tags": [], "points": {"exterior": [[321, 174], [295, 157], [288, 161], [271, 156], [262, 145], [249, 140], [244, 161], [228, 156], [237, 134], [228, 130], [216, 136], [207, 124], [221, 120], [197, 97], [200, 81], [220, 82], [223, 73], [231, 82], [240, 90], [260, 105], [260, 110], [290, 131], [294, 141], [300, 145], [298, 152], [325, 172], [321, 174]], "interior": []}, "classId": 4, "classTitle": "Gun"}, {"id": 61312065, "description": "", "geometryType": "polygon", "labelerLogin": "", "createdAt": "", "updatedAt": "", "tags": [], "points": {"exterior": [[39, 84], [61, 83], [66, 80], [95, 78], [99, 82], [120, 84], [125, 92], [125, 102], [108, 101], [93, 104], [104, 135], [91, 141], [79, 108], [63, 100], [32, 104], [39, 84]], "interior": []}, "classId": 4, "classTitle": "Gun"}, {"id": 94310593, "description": "", "geometryType": "polygon", "labelerLogin": "", "createdAt": "", "updatedAt": "", "tags": [], "points": {"exterior": [[648, 523], [656, 499], [645, 475], [634, 459], [623, 454], [627, 415], [630, 389], [627, 357], [630, 312], [638, 300], [654, 299], [669, 318], [678, 311], [693, 309], [704, 282], [718, 275], [741, 283], [750, 297], [747, 314], [742, 324], [749, 347], [757, 367], [761, 395], [755, 418], [734, 470], [727, 479], [731, 501], [724, 524], [719, 538], [721, 558], [702, 561], [701, 539], [700, 503], [705, 488], [681, 430], [674, 458], [674, 474], [674, 500], [663, 529], [653, 532], [648, 523]], "interior": []}, "classId": 1, "classTitle": "Officer"}, {"id": 94352551, "description": "", "geometryType": "polygon", "labelerLogin": "", "createdAt": "", "updatedAt": "", "tags": [], "points": {"exterior": [[176, 305], [170, 272], [168, 255], [160, 228], [168, 183], [157, 140], [155, 119], [156, 67], [174, 55], [190, 53], [220, 50], [224, 24], [244, 11], [277, 18], [265, 58], [288, 109], [301, 146], [294, 164], [255, 173], [277, 204], [263, 285], [257, 332], [275, 359], [257, 367], [228, 352], [234, 275], [243, 252], [202, 243], [199, 272], [199, 327], [184, 348], [164, 345], [176, 305]], "interior": []}, "classId": 1, "classTitle": "Officer"}, {"id": 58097993, "description": "", "geometryType": "polygon", "labelerLogin": "", "createdAt": "", "updatedAt": "", "tags": [], "points": {"exterior": [[37, 224], [39, 179], [41, 155], [47, 142], [40, 127], [21, 133], [9, 119], [29, 103], [38, 86], [53, 78], [63, 70], [61, 55], [70, 35], [88, 31], [104, 40], [105, 65], [106, 72], [123, 84], [129, 107], [139, 110], [144, 125], [131, 134], [125, 135], [132, 155], [125, 168], [113, 173], [126, 184], [143, 188], [148, 208], [149, 230], [123, 255], [119, 275], [122, 296], [113, 323], [119, 348], [114, 358], [100, 351], [96, 327], [87, 293], [97, 272], [88, 221], [68, 272], [80, 285], [73, 316], [78, 336], [57, 347], [44, 347], [44, 337], [53, 324], [51, 298], [50, 279], [43, 255], [50, 224], [37, 224]], "interior": []}, "classId": 1, "classTitle": "Officer"}]}