{"tags": [], "size": {"height": 500, "width": 1000}, "objects": [{"id": 53408748, "description": "", "geometryType": "polygon", "labelerLogin": "", "createdAt": "", "updatedAt": "", "tags": [], "points": {"exterior": [[559, 114], [616, 34], [615, 27], [621, 18], [630, 17], [639, 25], [639, 33], [636, 41], [628, 44], [572, 124], [572, 128], [535, 188], [476, 287], [414, 383], [347, 479], [338, 482], [322, 477], [314, 471], [303, 462], [302, 448], [333, 408], [333, 402], [413, 294], [445, 254], [478, 222], [532, 146], [553, 116], [559, 114]], "interior": []}, "classId": 6, "classTitle": "Baton"}, {"id": 58933923, "description": "", "geometryType": "polygon", "labelerLogin": "", "createdAt": "", "updatedAt": "", "tags": [], "points": {"exterior": [[206, 76], [583, 275], [773, 380], [819, 408], [819, 423], [800, 454], [782, 450], [556, 323], [540, 305], [333, 175], [199, 91], [190, 96], [183, 93], [175, 82], [178, 67], [184, 59], [201, 65], [206, 76]], "interior": []}, "classId": 6, "classTitle": "Baton"}, {"id": 61783308, "description": "", "geometryType": "polygon", "labelerLogin": "", "createdAt": "", "updatedAt": "", "tags": [], "points": {"exterior": [[574, 173], [612, 112], [615, 112], [627, 93], [633, 93], [639, 95], [641, 102], [632, 118], [635, 120], [652, 93], [659, 97], [664, 109], [643, 151], [645, 155], [660, 163], [672, 165], [661, 200], [661, 209], [658, 214], [650, 213], [660, 222], [668, 225], [677, 236], [686, 241], [702, 257], [715, 262], [713, 269], [722, 273], [715, 297], [704, 318], [696, 315], [685, 323], [678, 327], [623, 297], [601, 264], [586, 253], [566, 264], [562, 254], [551, 266], [526, 250], [558, 200], [565, 199], [573, 178], [574, 173]], "interior": []}, "classId": 4, "classTitle": "Gun"}, {"id": 13537334, "description": "", "geometryType": "polygon", "labelerLogin": "", "createdAt": "", "updatedAt": "", "tags": [], "points": {"exterior": [[277, 108], [283, 105], [282, 98], [379, 55], [390, 36], [396, 31], [394, 21], [396, 12], [412, 6], [423, 7], [455, 2], [648, 2], [542, 45], [537, 60], [427, 112], [488, 157], [492, 173], [486, 184], [471, 194], [405, 142], [372, 154], [359, 153], [313, 173], [320, 205], [243, 255], [228, 251], [150, 303], [161, 321], [129, 365], [17, 349], [2, 296], [2, 225], [105, 171], [124, 177], [137, 175], [135, 160], [140, 157], [143, 146], [252, 99], [271, 108], [277, 108]], "interior": []}, "classId": 4, "classTitle": "Gun"}]}