{"tags": [], "size": {"height": 700, "width": 700}, "objects": [{"id": 94786130, "description": "", "geometryType": "polygon", "labelerLogin": "", "createdAt": "", "updatedAt": "", "tags": [], "points": {"exterior": [[363, 302], [629, 41], [665, 86], [406, 348], [391, 339], [231, 503], [218, 503], [39, 678], [45, 687], [30, 698], [2, 676], [13, 650], [19, 659], [197, 480], [363, 302]], "interior": []}, "classId": 6, "classTitle": "Baton"}, {"id": 29542208, "description": "", "geometryType": "polygon", "labelerLogin": "", "createdAt": "", "updatedAt": "", "tags": [], "points": {"exterior": [[636, 512], [577, 465], [541, 435], [506, 408], [501, 407], [500, 402], [503, 400], [509, 400], [509, 403], [544, 430], [600, 467], [647, 501], [639, 512], [636, 512]], "interior": []}, "classId": 6, "classTitle": "Baton"}]}