{"tags": [], "size": {"height": 450, "width": 770}, "objects": [{"id": 12465422, "description": "", "geometryType": "polygon", "labelerLogin": "", "createdAt": "", "updatedAt": "", "tags": [], "points": {"exterior": [[449, 167], [441, 162], [437, 161], [435, 165], [430, 165], [405, 169], [401, 164], [392, 162], [385, 165], [384, 171], [383, 173], [380, 182], [379, 192], [377, 201], [378, 208], [389, 214], [400, 208], [410, 201], [429, 198], [438, 197], [442, 194], [447, 192], [452, 183], [452, 176], [448, 167], [449, 167]], "interior": []}, "classId": 4, "classTitle": "Gun"}, {"id": 40794994, "description": "", "geometryType": "polygon", "labelerLogin": "", "createdAt": "", "updatedAt": "", "tags": [], "points": {"exterior": [[214, 6], [155, 2], [77, 2], [35, 38], [14, 70], [8, 113], [2, 160], [8, 193], [8, 235], [2, 258], [2, 448], [397, 448], [419, 438], [429, 420], [446, 381], [447, 340], [443, 313], [436, 298], [447, 280], [446, 261], [447, 241], [446, 229], [439, 214], [449, 211], [443, 196], [430, 193], [416, 199], [392, 208], [386, 208], [373, 207], [373, 195], [374, 180], [362, 190], [362, 209], [338, 218], [296, 244], [260, 245], [290, 222], [293, 193], [290, 169], [284, 154], [311, 169], [302, 148], [286, 135], [272, 127], [262, 114], [266, 69], [253, 34], [232, 13], [214, 6]], "interior": []}, "classId": 2, "classTitle": "Civilian"}]}