{"tags": [], "size": {"height": 739, "width": 419}, "objects": [{"id": 13972771, "description": "", "geometryType": "polygon", "labelerLogin": "", "createdAt": "", "updatedAt": "", "tags": [], "points": {"exterior": [[79, 711], [146, 728], [183, 713], [190, 690], [160, 679], [142, 668], [139, 638], [170, 646], [195, 638], [197, 616], [165, 607], [147, 586], [151, 504], [153, 381], [163, 316], [172, 287], [163, 259], [167, 222], [149, 173], [183, 175], [267, 157], [300, 141], [318, 139], [336, 148], [352, 138], [357, 122], [350, 115], [367, 122], [373, 111], [327, 93], [308, 93], [300, 102], [249, 116], [184, 125], [114, 120], [137, 111], [144, 88], [146, 62], [125, 19], [84, 11], [63, 26], [42, 78], [26, 148], [26, 199], [45, 205], [56, 236], [66, 300], [54, 335], [65, 384], [79, 429], [81, 487], [81, 541], [77, 630], [79, 711]], "interior": []}, "classId": 2, "classTitle": "Civilian"}, {"id": 29055873, "description": "", "geometryType": "polygon", "labelerLogin": "", "createdAt": "", "updatedAt": "", "tags": [], "points": {"exterior": [[380, 102], [401, 102], [394, 76], [371, 76], [337, 72], [332, 88], [304, 136], [315, 145], [336, 143], [352, 120], [366, 125], [380, 102]], "interior": []}, "classId": 4, "classTitle": "Gun"}]}