{"tags": [], "size": {"height": 683, "width": 1024}, "objects": [{"id": 81457691, "description": "", "geometryType": "polygon", "labelerLogin": "", "createdAt": "", "updatedAt": "", "tags": [], "points": {"exterior": [[480, 433], [484, 434], [497, 436], [498, 432], [498, 428], [505, 429], [505, 421], [503, 414], [524, 372], [524, 366], [526, 360], [529, 357], [561, 358], [562, 335], [556, 329], [550, 329], [550, 332], [509, 330], [509, 328], [495, 327], [492, 324], [484, 325], [484, 332], [481, 335], [481, 340], [478, 342], [477, 347], [474, 348], [475, 351], [476, 353], [480, 433]], "interior": []}, "classId": 4, "classTitle": "Gun"}, {"id": 32500304, "description": "", "geometryType": "polygon", "labelerLogin": "", "createdAt": "", "updatedAt": "", "tags": [], "points": {"exterior": [[19, 421], [76, 342], [77, 249], [96, 231], [135, 204], [194, 160], [277, 175], [317, 223], [328, 273], [326, 317], [279, 356], [336, 370], [456, 355], [471, 336], [527, 355], [524, 409], [452, 477], [347, 499], [300, 500], [323, 566], [303, 617], [316, 680], [22, 681], [21, 600], [7, 491], [19, 421]], "interior": []}, "classId": 2, "classTitle": "Civilian"}]}