{"tags": [], "size": {"height": 558, "width": 992}, "objects": [{"id": 14789123, "description": "", "geometryType": "polygon", "labelerLogin": "", "createdAt": "", "updatedAt": "", "tags": [], "points": {"exterior": [[493, 511], [493, 498], [443, 474], [443, 437], [467, 437], [487, 413], [494, 377], [468, 372], [474, 346], [480, 336], [508, 339], [539, 374], [551, 418], [553, 465], [520, 515], [493, 511]], "interior": []}, "classId": 2, "classTitle": "Civilian"}, {"id": 28380440, "description": "", "geometryType": "polygon", "labelerLogin": "", "createdAt": "", "updatedAt": "", "tags": [], "points": {"exterior": [[94, 250], [116, 257], [121, 239], [77, 196], [69, 202], [97, 217], [108, 239], [94, 239], [94, 250]], "interior": []}, "classId": 4, "classTitle": "Gun"}]}