{"tags": [], "size": {"height": 548, "width": 800}, "objects": [{"id": 66367345, "description": "", "geometryType": "polygon", "labelerLogin": "", "createdAt": "", "updatedAt": "", "tags": [], "points": {"exterior": [[102, 165], [127, 168], [173, 178], [176, 192], [145, 198], [139, 207], [117, 207], [102, 165]], "interior": []}, "classId": 4, "classTitle": "Gun"}, {"id": 99860708, "description": "", "geometryType": "polygon", "labelerLogin": "", "createdAt": "", "updatedAt": "", "tags": [], "points": {"exterior": [[281, 243], [284, 243], [280, 232], [274, 239], [280, 239], [281, 243]], "interior": []}, "classId": 4, "classTitle": "Gun"}, {"id": 48794568, "description": "", "geometryType": "polygon", "labelerLogin": "", "createdAt": "", "updatedAt": "", "tags": [], "points": {"exterior": [[245, 170], [233, 173], [236, 185], [233, 208], [238, 229], [247, 242], [254, 256], [257, 266], [266, 267], [263, 243], [260, 228], [260, 226], [268, 229], [274, 236], [277, 231], [260, 216], [253, 198], [250, 177], [245, 170]], "interior": []}, "classId": 2, "classTitle": "Civilian"}, {"id": 25133068, "description": "", "geometryType": "polygon", "labelerLogin": "", "createdAt": "", "updatedAt": "", "tags": [], "points": {"exterior": [[554, 117], [550, 119], [550, 123], [552, 130], [555, 138], [563, 163], [561, 167], [564, 169], [567, 168], [567, 139], [562, 123], [558, 119], [554, 117]], "interior": []}, "classId": 1, "classTitle": "Officer"}]}