{"tags": [], "size": {"height": 324, "width": 576}, "objects": [{"id": 95497354, "description": "", "geometryType": "polygon", "labelerLogin": "", "createdAt": "", "updatedAt": "", "tags": [], "points": {"exterior": [[130, 52], [124, 83], [131, 123], [151, 129], [181, 132], [191, 134], [196, 164], [202, 176], [277, 176], [295, 175], [314, 179], [309, 201], [326, 233], [331, 276], [327, 285], [364, 297], [407, 302], [421, 278], [424, 242], [411, 205], [399, 172], [388, 152], [387, 139], [401, 131], [410, 125], [409, 80], [394, 65], [370, 62], [135, 47], [130, 52]], "interior": []}, "classId": 4, "classTitle": "Gun"}]}