{"tags": [], "size": {"height": 404, "width": 610}, "objects": [{"id": 69801891, "description": "", "geometryType": "polygon", "labelerLogin": "", "createdAt": "", "updatedAt": "", "tags": [], "points": {"exterior": [[151, 100], [135, 113], [131, 126], [135, 162], [153, 189], [169, 194], [186, 194], [186, 178], [189, 160], [196, 151], [217, 148], [237, 159], [270, 182], [294, 204], [309, 173], [303, 140], [294, 110], [285, 85], [264, 70], [258, 75], [243, 71], [224, 84], [189, 101], [151, 100]], "interior": []}, "classId": 4, "classTitle": "Gun"}]}