{"tags": [], "size": {"height": 220, "width": 259}, "objects": [{"id": 92624656, "description": "", "geometryType": "polygon", "labelerLogin": "", "createdAt": "", "updatedAt": "", "tags": [], "points": {"exterior": [[43, 19], [30, 26], [23, 32], [22, 41], [23, 50], [28, 54], [29, 69], [32, 76], [45, 86], [50, 90], [39, 91], [34, 93], [28, 102], [26, 110], [32, 122], [63, 153], [82, 142], [101, 134], [106, 144], [107, 159], [116, 159], [125, 168], [187, 196], [189, 185], [200, 183], [207, 171], [203, 168], [203, 156], [196, 144], [194, 138], [190, 126], [190, 115], [185, 99], [173, 84], [164, 78], [158, 69], [150, 70], [144, 70], [118, 59], [112, 57], [104, 52], [51, 23], [43, 19]], "interior": []}, "classId": 4, "classTitle": "Gun"}]}