{"tags": [], "size": {"height": 640, "width": 640}, "objects": [{"id": 44670113, "description": "", "geometryType": "polygon", "labelerLogin": "", "createdAt": "", "updatedAt": "", "tags": [], "points": {"exterior": [[54, 396], [53, 409], [110, 409], [111, 417], [92, 421], [80, 432], [25, 434], [26, 459], [66, 452], [81, 452], [89, 459], [74, 499], [93, 504], [107, 473], [120, 474], [131, 456], [140, 495], [170, 487], [166, 453], [189, 446], [269, 445], [363, 450], [362, 429], [317, 433], [313, 419], [304, 417], [296, 430], [281, 434], [269, 432], [265, 422], [247, 420], [142, 419], [140, 411], [182, 414], [178, 393], [119, 393], [97, 400], [77, 396], [54, 396]], "interior": []}, "classId": 4, "classTitle": "Gun"}, {"id": 60180124, "description": "", "geometryType": "polygon", "labelerLogin": "", "createdAt": "", "updatedAt": "", "tags": [], "points": {"exterior": [[41, 258], [42, 285], [59, 282], [66, 270], [87, 271], [99, 277], [91, 303], [92, 322], [108, 324], [120, 296], [129, 293], [144, 290], [165, 330], [179, 348], [200, 328], [181, 299], [178, 281], [180, 269], [189, 266], [228, 265], [288, 263], [323, 261], [329, 261], [330, 246], [311, 246], [305, 228], [296, 228], [295, 243], [287, 249], [268, 236], [218, 240], [166, 237], [161, 228], [165, 221], [165, 212], [134, 204], [119, 214], [123, 226], [137, 235], [127, 241], [104, 235], [92, 249], [92, 253], [64, 253], [56, 256], [46, 258], [41, 258]], "interior": []}, "classId": 4, "classTitle": "Gun"}, {"id": 97453127, "description": "", "geometryType": "polygon", "labelerLogin": "", "createdAt": "", "updatedAt": "", "tags": [], "points": {"exterior": [[50, 92], [51, 120], [89, 116], [98, 117], [91, 135], [91, 159], [111, 165], [124, 134], [140, 136], [172, 187], [195, 171], [172, 131], [173, 119], [213, 113], [234, 114], [251, 110], [261, 108], [267, 96], [250, 96], [242, 89], [241, 77], [235, 72], [230, 78], [200, 82], [176, 81], [160, 75], [145, 75], [131, 84], [110, 89], [85, 96], [50, 92]], "interior": []}, "classId": 4, "classTitle": "Gun"}, {"id": 78056736, "description": "", "geometryType": "polygon", "labelerLogin": "", "createdAt": "", "updatedAt": "", "tags": [], "points": {"exterior": [[326, 86], [326, 120], [383, 108], [392, 115], [377, 159], [401, 169], [412, 135], [431, 135], [446, 165], [482, 192], [492, 198], [498, 168], [470, 141], [464, 122], [464, 108], [471, 109], [482, 117], [515, 108], [536, 105], [554, 105], [615, 104], [623, 106], [626, 90], [616, 77], [613, 63], [607, 64], [599, 78], [599, 87], [583, 86], [566, 77], [484, 69], [418, 72], [398, 72], [386, 91], [365, 87], [341, 86], [326, 86]], "interior": []}, "classId": 4, "classTitle": "Gun"}, {"id": 33562332, "description": "", "geometryType": "polygon", "labelerLogin": "", "createdAt": "", "updatedAt": "", "tags": [], "points": {"exterior": [[352, 236], [354, 264], [405, 258], [411, 267], [396, 301], [422, 309], [431, 272], [456, 274], [482, 328], [504, 316], [479, 270], [479, 258], [488, 257], [498, 265], [494, 291], [504, 294], [524, 278], [582, 280], [581, 258], [566, 258], [565, 248], [621, 252], [620, 236], [604, 234], [601, 218], [593, 219], [593, 237], [572, 234], [566, 234], [565, 227], [536, 224], [422, 225], [412, 231], [401, 241], [380, 239], [370, 236], [359, 233], [352, 236]], "interior": []}, "classId": 4, "classTitle": "Gun"}, {"id": 75648172, "description": "", "geometryType": "polygon", "labelerLogin": "", "createdAt": "", "updatedAt": "", "tags": [], "points": {"exterior": [[357, 463], [359, 487], [407, 476], [410, 481], [400, 525], [425, 531], [434, 500], [444, 498], [457, 498], [473, 528], [492, 546], [507, 549], [515, 524], [491, 506], [484, 488], [482, 476], [506, 480], [521, 474], [543, 472], [554, 471], [581, 465], [603, 469], [621, 470], [626, 465], [623, 455], [595, 452], [586, 456], [584, 431], [577, 442], [557, 444], [539, 438], [520, 448], [502, 441], [491, 438], [482, 441], [470, 435], [458, 435], [449, 447], [427, 447], [419, 447], [404, 459], [364, 464], [357, 463]], "interior": []}, "classId": 4, "classTitle": "Gun"}]}