{"tags": [], "size": {"height": 434, "width": 650}, "objects": [{"id": 31036752, "description": "", "geometryType": "polygon", "labelerLogin": "", "createdAt": "", "updatedAt": "", "tags": [], "points": {"exterior": [[303, 28], [294, 51], [298, 62], [282, 73], [255, 83], [240, 119], [229, 145], [228, 181], [230, 224], [235, 242], [211, 228], [207, 244], [209, 259], [232, 263], [248, 272], [256, 274], [265, 253], [272, 229], [287, 208], [305, 202], [314, 193], [319, 181], [323, 166], [337, 153], [341, 133], [346, 105], [345, 90], [333, 85], [321, 78], [319, 66], [326, 52], [328, 37], [322, 33], [318, 33], [298, 25], [303, 28]], "interior": []}, "classId": 1, "classTitle": "Officer"}, {"id": 49099755, "description": "", "geometryType": "polygon", "labelerLogin": "", "createdAt": "", "updatedAt": "", "tags": [], "points": {"exterior": [[580, 342], [592, 346], [563, 377], [566, 391], [534, 432], [475, 432], [477, 425], [512, 426], [584, 348], [580, 342]], "interior": []}, "classId": 4, "classTitle": "Gun"}, {"id": 23971213, "description": "", "geometryType": "polygon", "labelerLogin": "", "createdAt": "", "updatedAt": "", "tags": [], "points": {"exterior": [[505, 349], [512, 352], [506, 361], [504, 367], [507, 380], [493, 397], [491, 404], [495, 407], [512, 410], [517, 414], [511, 420], [504, 420], [477, 414], [468, 414], [475, 432], [430, 432], [489, 372], [498, 365], [505, 349]], "interior": []}, "classId": 4, "classTitle": "Gun"}, {"id": 49275327, "description": "", "geometryType": "polygon", "labelerLogin": "", "createdAt": "", "updatedAt": "", "tags": [], "points": {"exterior": [[388, 397], [431, 367], [468, 344], [475, 346], [484, 338], [485, 337], [474, 333], [476, 331], [484, 333], [492, 334], [495, 334], [493, 339], [454, 370], [457, 378], [453, 387], [441, 394], [435, 410], [420, 423], [411, 432], [379, 432], [352, 432], [388, 397]], "interior": []}, "classId": 4, "classTitle": "Gun"}, {"id": 38794203, "description": "", "geometryType": "polygon", "labelerLogin": "", "createdAt": "", "updatedAt": "", "tags": [], "points": {"exterior": [[480, 316], [467, 314], [410, 348], [371, 377], [357, 385], [350, 394], [346, 407], [339, 416], [315, 421], [311, 432], [349, 432], [361, 404], [369, 392], [480, 316]], "interior": []}, "classId": 4, "classTitle": "Gun"}, {"id": 60675680, "description": "", "geometryType": "polygon", "labelerLogin": "", "createdAt": "", "updatedAt": "", "tags": [], "points": {"exterior": [[462, 305], [466, 308], [403, 340], [408, 346], [372, 370], [361, 374], [345, 379], [324, 388], [317, 398], [326, 406], [317, 408], [304, 415], [293, 432], [249, 432], [309, 394], [322, 378], [365, 358], [462, 305]], "interior": []}, "classId": 4, "classTitle": "Gun"}, {"id": 57229063, "description": "", "geometryType": "polygon", "labelerLogin": "", "createdAt": "", "updatedAt": "", "tags": [], "points": {"exterior": [[396, 316], [402, 319], [403, 321], [369, 339], [364, 342], [364, 346], [326, 368], [311, 375], [299, 378], [294, 381], [290, 386], [292, 397], [280, 403], [271, 403], [242, 432], [212, 423], [221, 411], [258, 394], [279, 381], [281, 374], [268, 380], [259, 387], [256, 382], [255, 372], [263, 368], [274, 368], [287, 361], [298, 354], [310, 350], [317, 347], [320, 351], [321, 353], [365, 335], [396, 316]], "interior": []}, "classId": 4, "classTitle": "Gun"}, {"id": 37499253, "description": "", "geometryType": "polygon", "labelerLogin": "", "createdAt": "", "updatedAt": "", "tags": [], "points": {"exterior": [[164, 414], [166, 420], [173, 425], [185, 428], [198, 426], [216, 408], [236, 393], [248, 386], [245, 380], [251, 372], [275, 358], [293, 347], [300, 341], [299, 338], [353, 310], [347, 307], [231, 371], [207, 390], [164, 414]], "interior": []}, "classId": 4, "classTitle": "Gun"}, {"id": 51633804, "description": "", "geometryType": "polygon", "labelerLogin": "", "createdAt": "", "updatedAt": "", "tags": [], "points": {"exterior": [[141, 394], [155, 402], [169, 405], [206, 374], [246, 354], [294, 330], [338, 304], [337, 298], [278, 330], [236, 350], [220, 358], [197, 371], [141, 394]], "interior": []}, "classId": 4, "classTitle": "Gun"}, {"id": 74621117, "description": "", "geometryType": "polygon", "labelerLogin": "", "createdAt": "", "updatedAt": "", "tags": [], "points": {"exterior": [[315, 295], [320, 298], [250, 334], [211, 356], [193, 366], [193, 355], [315, 295]], "interior": []}, "classId": 4, "classTitle": "Gun"}, {"id": 51269854, "description": "", "geometryType": "polygon", "labelerLogin": "", "createdAt": "", "updatedAt": "", "tags": [], "points": {"exterior": [[99, 391], [125, 395], [180, 361], [185, 346], [244, 322], [251, 317], [302, 296], [297, 295], [228, 320], [164, 345], [165, 356], [117, 373], [99, 382], [96, 388], [99, 391]], "interior": []}, "classId": 4, "classTitle": "Gun"}, {"id": 88415795, "description": "", "geometryType": "polygon", "labelerLogin": "", "createdAt": "", "updatedAt": "", "tags": [], "points": {"exterior": [[62, 387], [84, 391], [134, 359], [151, 355], [148, 342], [198, 326], [210, 318], [279, 291], [274, 289], [146, 337], [138, 340], [135, 346], [110, 359], [68, 375], [63, 383], [62, 387]], "interior": []}, "classId": 4, "classTitle": "Gun"}, {"id": 11124591, "description": "", "geometryType": "polygon", "labelerLogin": "", "createdAt": "", "updatedAt": "", "tags": [], "points": {"exterior": [[43, 379], [54, 387], [59, 388], [66, 374], [114, 352], [125, 342], [250, 298], [249, 293], [128, 334], [115, 341], [99, 350], [69, 366], [43, 379]], "interior": []}, "classId": 4, "classTitle": "Gun"}, {"id": 64452346, "description": "", "geometryType": "polygon", "labelerLogin": "", "createdAt": "", "updatedAt": "", "tags": [], "points": {"exterior": [[41, 355], [41, 375], [78, 354], [99, 345], [141, 327], [173, 310], [233, 286], [230, 283], [104, 331], [80, 345], [41, 355]], "interior": []}, "classId": 4, "classTitle": "Gun"}, {"id": 34725649, "description": "", "geometryType": "polygon", "labelerLogin": "", "createdAt": "", "updatedAt": "", "tags": [], "points": {"exterior": [[218, 282], [212, 280], [128, 313], [72, 334], [57, 347], [46, 351], [75, 346], [108, 328], [218, 282]], "interior": []}, "classId": 4, "classTitle": "Gun"}, {"id": 35428737, "description": "", "geometryType": "polygon", "labelerLogin": "", "createdAt": "", "updatedAt": "", "tags": [], "points": {"exterior": [[54, 324], [47, 333], [40, 350], [65, 333], [191, 288], [194, 283], [180, 285], [52, 324], [54, 324]], "interior": []}, "classId": 4, "classTitle": "Gun"}, {"id": 39685765, "description": "", "geometryType": "polygon", "labelerLogin": "", "createdAt": "", "updatedAt": "", "tags": [], "points": {"exterior": [[41, 305], [161, 273], [163, 278], [151, 290], [106, 306], [40, 324], [41, 304], [41, 305]], "interior": []}, "classId": 4, "classTitle": "Gun"}, {"id": 49472922, "description": "", "geometryType": "polygon", "labelerLogin": "", "createdAt": "", "updatedAt": "", "tags": [], "points": {"exterior": [[268, 269], [290, 287], [310, 234], [310, 217], [351, 156], [346, 149], [385, 99], [378, 96], [300, 214], [300, 230], [268, 269]], "interior": []}, "classId": 4, "classTitle": "Gun"}]}