{"tags": [], "size": {"height": 280, "width": 392}, "objects": [{"id": 35734240, "description": "", "geometryType": "polygon", "labelerLogin": "", "createdAt": "", "updatedAt": "", "tags": [], "points": {"exterior": [[175, 31], [151, 46], [160, 77], [150, 81], [108, 53], [91, 42], [97, 52], [80, 55], [91, 66], [107, 71], [134, 101], [134, 116], [149, 124], [153, 124], [145, 142], [135, 147], [144, 176], [131, 259], [192, 259], [186, 244], [208, 197], [209, 152], [223, 114], [221, 90], [202, 62], [193, 63], [191, 47], [186, 36]], "interior": []}, "classId": 1, "classTitle": "Officer"}, {"id": 39516328, "description": "", "geometryType": "polygon", "labelerLogin": "", "createdAt": "", "updatedAt": "", "tags": [], "points": {"exterior": [[257, 166], [253, 174], [256, 184], [248, 185], [241, 178], [235, 188], [237, 197], [289, 234], [298, 236], [298, 210], [286, 185], [275, 182], [272, 167]], "interior": []}, "classId": 1, "classTitle": "Officer"}, {"id": 68045162, "description": "", "geometryType": "polygon", "labelerLogin": "", "createdAt": "", "updatedAt": "", "tags": [], "points": {"exterior": [[158, 76], [135, 57], [133, 54], [115, 48], [58, 25], [48, 46], [80, 57], [134, 70], [151, 83]], "interior": []}, "classId": 4, "classTitle": "Gun"}, {"id": 94554036, "description": "", "geometryType": "polygon", "labelerLogin": "", "createdAt": "", "updatedAt": "", "tags": [], "points": {"exterior": [[233, 173], [232, 182], [240, 193], [249, 191], [247, 176]], "interior": []}, "classId": 4, "classTitle": "Gun"}]}