{"tags": [], "size": {"height": 1200, "width": 900}, "objects": [{"id": 85345048, "description": "", "geometryType": "polygon", "labelerLogin": "", "createdAt": "", "updatedAt": "", "tags": [], "points": {"exterior": [[629, 852], [708, 860], [787, 850], [831, 829], [797, 702], [752, 547], [765, 519], [785, 497], [831, 497], [843, 483], [827, 450], [777, 416], [777, 378], [821, 360], [817, 338], [773, 342], [756, 309], [720, 307], [706, 275], [684, 301], [549, 289], [413, 271], [238, 255], [163, 247], [151, 227], [137, 223], [121, 243], [114, 235], [92, 259], [88, 309], [90, 344], [110, 390], [302, 418], [405, 428], [413, 473], [413, 507], [423, 531], [454, 551], [514, 569], [561, 569], [579, 596], [595, 710], [629, 852]], "interior": []}, "classId": 4, "classTitle": "Gun"}]}