{"tags": [], "size": {"height": 298, "width": 450}, "objects": [{"id": 21596922, "description": "", "geometryType": "polygon", "labelerLogin": "", "createdAt": "", "updatedAt": "", "tags": [], "points": {"exterior": [[175, 116], [161, 108], [159, 99], [156, 91], [147, 89], [139, 89], [136, 100], [145, 112], [134, 113], [129, 103], [123, 101], [117, 109], [124, 118], [126, 128], [142, 129], [141, 141], [132, 138], [124, 144], [122, 160], [119, 173], [124, 178], [120, 191], [133, 195], [132, 185], [134, 164], [142, 168], [150, 176], [154, 187], [157, 193], [165, 190], [163, 169], [179, 161], [177, 141], [175, 116]], "interior": []}, "classId": 1, "classTitle": "Officer"}, {"id": 76842986, "description": "", "geometryType": "polygon", "labelerLogin": "", "createdAt": "", "updatedAt": "", "tags": [], "points": {"exterior": [[342, 108], [355, 104], [347, 96], [345, 90], [345, 83], [336, 80], [326, 74], [310, 72], [306, 77], [307, 83], [303, 89], [306, 93], [304, 99], [307, 107], [309, 111], [312, 114], [319, 114], [322, 118], [315, 120], [309, 121], [306, 119], [304, 126], [300, 126], [295, 126], [303, 132], [316, 130], [321, 131], [323, 142], [334, 151], [334, 162], [318, 157], [305, 157], [295, 165], [298, 177], [301, 196], [301, 211], [304, 221], [310, 229], [307, 230], [295, 233], [295, 244], [317, 242], [339, 241], [341, 230], [352, 236], [359, 231], [366, 225], [370, 227], [365, 243], [381, 242], [391, 230], [396, 217], [381, 211], [389, 207], [392, 198], [393, 190], [397, 186], [409, 187], [408, 182], [406, 174], [406, 167], [397, 164], [399, 151], [386, 150], [371, 130], [358, 114], [348, 112], [342, 108]], "interior": []}, "classId": 1, "classTitle": "Officer"}, {"id": 27264309, "description": "", "geometryType": "polygon", "labelerLogin": "", "createdAt": "", "updatedAt": "", "tags": [], "points": {"exterior": [[313, 118], [303, 113], [278, 122], [280, 128], [289, 124], [291, 129], [297, 125], [303, 126], [306, 124], [303, 119], [308, 118], [313, 118]], "interior": []}, "classId": 4, "classTitle": "Gun"}]}