{"tags": [], "size": {"height": 347, "width": 450}, "objects": [{"id": 37656669, "description": "", "geometryType": "polygon", "labelerLogin": "", "createdAt": "", "updatedAt": "", "tags": [], "points": {"exterior": [[434, 129], [423, 111], [378, 88], [323, 74], [313, 69], [302, 64], [286, 64], [276, 64], [273, 63], [272, 60], [273, 54], [273, 53], [262, 53], [253, 56], [246, 57], [240, 56], [234, 50], [232, 49], [227, 52], [225, 53], [220, 55], [163, 70], [149, 73], [131, 79], [39, 100], [24, 97], [18, 112], [28, 130], [43, 146], [157, 112], [165, 115], [175, 122], [183, 128], [190, 128], [196, 128], [219, 139], [243, 152], [279, 148], [291, 135], [307, 133], [336, 146], [367, 172], [376, 179], [421, 157], [434, 129]], "interior": []}, "classId": 4, "classTitle": "Gun"}]}