{"tags": [], "size": {"height": 610, "width": 1086}, "objects": [{"id": 42190194, "description": "", "geometryType": "polygon", "labelerLogin": "", "createdAt": "", "updatedAt": "", "tags": [], "points": {"exterior": [[522, 188], [535, 186], [541, 186], [561, 191], [582, 191], [595, 192], [603, 195], [605, 220], [600, 231], [589, 234], [573, 236], [567, 249], [566, 262], [548, 262], [545, 312], [528, 314], [512, 314], [519, 277], [518, 207], [522, 188]], "interior": []}, "classId": 4, "classTitle": "Gun"}, {"id": 65734895, "description": "", "geometryType": "polygon", "labelerLogin": "", "createdAt": "", "updatedAt": "", "tags": [], "points": {"exterior": [[659, 31], [680, 55], [680, 64], [694, 99], [714, 138], [731, 169], [742, 205], [749, 240], [755, 277], [769, 345], [644, 363], [609, 301], [580, 259], [526, 159], [505, 96], [512, 80], [550, 71], [579, 63], [611, 48], [659, 31]], "interior": []}, "classId": 3, "classTitle": "Riot Shield"}, {"id": 99779420, "description": "", "geometryType": "polygon", "labelerLogin": "", "createdAt": "", "updatedAt": "", "tags": [], "points": {"exterior": [[477, 60], [512, 70], [528, 77], [523, 165], [646, 361], [361, 434], [353, 424], [350, 399], [352, 376], [349, 360], [356, 316], [368, 284], [382, 250], [406, 234], [430, 220], [443, 217], [426, 210], [426, 197], [416, 189], [414, 173], [403, 146], [403, 115], [411, 92], [427, 76], [441, 67], [448, 66], [477, 60]], "interior": []}, "classId": 2, "classTitle": "Civilian"}]}