{"tags": [], "size": {"height": 645, "width": 968}, "objects": [{"id": 51876147, "description": "", "geometryType": "polygon", "labelerLogin": "", "createdAt": "", "updatedAt": "", "tags": [], "points": {"exterior": [[370, 177], [371, 196], [404, 195], [408, 218], [435, 216], [437, 198], [470, 196], [472, 179], [470, 175], [458, 175], [454, 177]], "interior": []}, "classId": 4, "classTitle": "Gun"}, {"id": 50181832, "description": "", "geometryType": "polygon", "labelerLogin": "", "createdAt": "", "updatedAt": "", "tags": [], "points": {"exterior": [[485, 240], [486, 222], [559, 218], [560, 215], [566, 216], [566, 219], [570, 219], [570, 238], [542, 241], [543, 259], [529, 260], [507, 304], [490, 304], [496, 239]], "interior": []}, "classId": 4, "classTitle": "Gun"}, {"id": 48742699, "description": "", "geometryType": "polygon", "labelerLogin": "", "createdAt": "", "updatedAt": "", "tags": [], "points": {"exterior": [[140, 268], [158, 249], [171, 240], [170, 198], [179, 190], [179, 185], [165, 175], [165, 162], [153, 135], [158, 126], [127, 112], [84, 111], [64, 119], [55, 132], [46, 140], [38, 181], [38, 200], [2, 214], [2, 384], [128, 385], [131, 338], [143, 333], [145, 305], [156, 274], [141, 272]], "interior": []}, "classId": 2, "classTitle": "Civilian"}, {"id": 21645779, "description": "", "geometryType": "polygon", "labelerLogin": "", "createdAt": "", "updatedAt": "", "tags": [], "points": {"exterior": [[523, 363], [561, 337], [575, 334], [579, 323], [576, 296], [573, 289], [574, 270], [585, 223], [606, 207], [635, 196], [653, 201], [665, 217], [678, 228], [681, 278], [686, 278], [686, 316], [665, 340], [659, 362], [675, 380], [698, 385], [704, 401], [719, 407], [749, 388], [764, 377], [792, 381], [830, 390], [832, 397], [771, 414], [748, 432], [745, 438], [751, 449], [746, 473], [748, 486], [742, 491], [734, 492], [739, 528], [750, 549], [755, 556], [703, 539], [671, 507], [705, 554], [717, 578], [711, 593], [698, 600], [699, 620], [683, 639], [679, 643], [539, 643], [497, 618], [497, 584], [508, 575], [510, 546], [502, 522], [504, 499], [494, 447], [495, 420], [503, 391]], "interior": []}, "classId": 2, "classTitle": "Civilian"}, {"id": 96277303, "description": "", "geometryType": "polygon", "labelerLogin": "", "createdAt": "", "updatedAt": "", "tags": [], "points": {"exterior": [[308, 267], [314, 253], [320, 249], [326, 232], [336, 229], [336, 218], [327, 198], [337, 194], [336, 177], [342, 174], [339, 152], [320, 133], [288, 115], [265, 112], [244, 119], [223, 129], [218, 150], [213, 177], [214, 206], [213, 215], [201, 212], [189, 233], [178, 241], [165, 252], [153, 278], [145, 313], [143, 343], [149, 377], [155, 392], [191, 394], [277, 397], [394, 364], [427, 363], [457, 350], [471, 341], [498, 335], [501, 327], [497, 304], [512, 290], [523, 284], [525, 260], [512, 240], [482, 240], [461, 268], [450, 282], [411, 294], [398, 301], [309, 279], [298, 273]], "interior": []}, "classId": 2, "classTitle": "Civilian"}, {"id": 82724635, "description": "", "geometryType": "polygon", "labelerLogin": "", "createdAt": "", "updatedAt": "", "tags": [], "points": {"exterior": [[870, 405], [840, 397], [764, 418], [746, 440], [752, 451], [745, 470], [748, 487], [736, 493], [736, 507], [755, 556], [738, 568], [722, 588], [712, 592], [694, 610], [695, 628], [680, 639], [679, 643], [889, 643], [915, 593], [895, 556], [868, 528], [868, 507], [880, 472], [888, 449], [895, 434], [877, 411]], "interior": []}, "classId": 2, "classTitle": "Civilian"}, {"id": 87858237, "description": "", "geometryType": "polygon", "labelerLogin": "", "createdAt": "", "updatedAt": "", "tags": [], "points": {"exterior": [[456, 572], [441, 523], [428, 507], [407, 493], [374, 472], [364, 447], [377, 440], [379, 426], [387, 409], [387, 395], [401, 394], [396, 369], [398, 340], [400, 328], [407, 320], [384, 294], [350, 282], [321, 280], [294, 290], [275, 310], [267, 330], [271, 375], [274, 392], [269, 410], [260, 409], [249, 438], [201, 454], [181, 470], [164, 494], [143, 517], [146, 564], [148, 613], [153, 643], [536, 643], [537, 638], [528, 628], [552, 614], [554, 605], [538, 607], [518, 619], [500, 625], [494, 619], [484, 618], [477, 629]], "interior": []}, "classId": 2, "classTitle": "Civilian"}]}