{"tags": [], "size": {"height": 546, "width": 546}, "objects": [{"id": 28187941, "description": "", "geometryType": "polygon", "labelerLogin": "", "createdAt": "", "updatedAt": "", "tags": [], "points": {"exterior": [[10, 110], [11, 169], [14, 189], [103, 194], [104, 211], [215, 216], [218, 246], [229, 265], [248, 276], [302, 278], [325, 273], [337, 270], [362, 280], [385, 331], [392, 367], [392, 400], [394, 420], [382, 441], [415, 447], [470, 440], [505, 438], [496, 425], [518, 416], [513, 383], [484, 281], [475, 252], [466, 234], [481, 203], [511, 204], [527, 203], [536, 188], [507, 194], [487, 179], [486, 161], [478, 143], [469, 110], [457, 110], [449, 95], [402, 112], [40, 110], [28, 107], [18, 105], [10, 110]], "interior": []}, "classId": 4, "classTitle": "Gun"}]}