{"tags": [], "size": {"height": 285, "width": 490}, "objects": [{"id": 60254931, "description": "", "geometryType": "polygon", "labelerLogin": "", "createdAt": "", "updatedAt": "", "tags": [], "points": {"exterior": [[459, 58], [443, 63], [434, 70], [434, 82], [264, 197], [278, 229], [329, 215], [335, 217], [343, 247], [387, 238], [379, 233], [380, 223], [392, 203], [403, 171], [413, 157], [471, 119], [488, 111], [472, 85], [463, 65], [459, 58]], "interior": []}, "classId": 4, "classTitle": "Gun"}]}