{"tags": [], "size": {"height": 233, "width": 415}, "objects": [{"id": 87842068, "description": "", "geometryType": "polygon", "labelerLogin": "", "createdAt": "", "updatedAt": "", "tags": [], "points": {"exterior": [[68, 172], [63, 165], [67, 136], [69, 110], [69, 92], [58, 80], [64, 61], [87, 42], [107, 35], [127, 4], [140, 2], [169, 2], [178, 23], [166, 46], [180, 75], [191, 112], [189, 134], [183, 146], [159, 133], [154, 150], [139, 150], [135, 162], [154, 183], [125, 221], [115, 230], [100, 231], [66, 214], [99, 214], [110, 207], [73, 194], [97, 188], [95, 176], [68, 172]], "interior": []}, "classId": 1, "classTitle": "Officer"}]}