{"tags": [], "size": {"height": 267, "width": 400}, "objects": [{"id": 91834748, "description": "", "geometryType": "polygon", "labelerLogin": "", "createdAt": "", "updatedAt": "", "tags": [], "points": {"exterior": [[105, 63], [99, 82], [97, 97], [99, 114], [103, 118], [99, 132], [97, 146], [97, 163], [107, 165], [107, 167], [110, 168], [111, 170], [110, 172], [110, 175], [107, 176], [106, 179], [101, 180], [96, 187], [90, 217], [91, 228], [99, 253], [105, 265], [157, 265], [161, 243], [163, 239], [165, 233], [165, 217], [165, 199], [168, 185], [170, 175], [182, 172], [184, 164], [184, 153], [184, 142], [179, 124], [177, 113], [178, 103], [172, 97], [164, 91], [163, 83], [161, 77], [156, 69], [152, 62], [147, 50], [139, 47], [128, 47], [115, 52], [110, 55], [106, 61], [105, 63]], "interior": []}, "classId": 2, "classTitle": "Civilian"}, {"id": 62428210, "description": "", "geometryType": "polygon", "labelerLogin": "", "createdAt": "", "updatedAt": "", "tags": [], "points": {"exterior": [[40, 115], [35, 107], [35, 97], [41, 86], [52, 80], [58, 78], [75, 68], [76, 70], [77, 73], [88, 73], [93, 69], [102, 69], [103, 74], [100, 83], [97, 95], [90, 94], [85, 93], [81, 93], [81, 98], [80, 102], [82, 109], [83, 117], [88, 117], [91, 115], [98, 111], [100, 116], [104, 120], [99, 131], [97, 149], [90, 151], [92, 157], [91, 164], [90, 172], [96, 180], [94, 200], [90, 216], [90, 223], [87, 219], [76, 223], [67, 208], [58, 203], [52, 173], [44, 173], [38, 167], [34, 149], [35, 138], [37, 125], [40, 115]], "interior": []}, "classId": 2, "classTitle": "Civilian"}, {"id": 25341669, "description": "", "geometryType": "polygon", "labelerLogin": "", "createdAt": "", "updatedAt": "", "tags": [], "points": {"exterior": [[195, 104], [193, 107], [195, 114], [209, 119], [215, 123], [216, 132], [215, 167], [217, 181], [218, 200], [218, 222], [214, 241], [211, 251], [211, 265], [157, 265], [162, 244], [166, 232], [166, 203], [169, 176], [181, 173], [185, 164], [184, 143], [180, 123], [178, 112], [179, 103], [173, 95], [171, 83], [171, 73], [177, 63], [184, 61], [190, 60], [200, 62], [207, 69], [207, 79], [206, 90], [202, 95], [199, 99], [195, 104]], "interior": []}, "classId": 2, "classTitle": "Civilian"}, {"id": 91546709, "description": "", "geometryType": "polygon", "labelerLogin": "", "createdAt": "", "updatedAt": "", "tags": [], "points": {"exterior": [[235, 176], [235, 174], [234, 167], [232, 161], [230, 155], [231, 149], [232, 146], [239, 142], [242, 140], [245, 137], [250, 134], [257, 133], [265, 134], [269, 138], [272, 144], [274, 150], [272, 154], [268, 156], [266, 153], [264, 162], [262, 168], [260, 169], [263, 172], [264, 181], [264, 183], [272, 187], [275, 191], [275, 200], [274, 209], [273, 215], [263, 231], [261, 242], [261, 254], [260, 262], [260, 265], [217, 265], [219, 258], [214, 251], [213, 243], [222, 230], [221, 222], [218, 221], [217, 209], [220, 206], [218, 181], [225, 177], [235, 176]], "interior": []}, "classId": 2, "classTitle": "Civilian"}, {"id": 76978263, "description": "", "geometryType": "polygon", "labelerLogin": "", "createdAt": "", "updatedAt": "", "tags": [], "points": {"exterior": [[293, 181], [300, 181], [307, 185], [311, 196], [309, 202], [317, 208], [318, 217], [312, 218], [302, 218], [299, 223], [286, 210], [289, 205], [293, 203], [287, 200], [287, 191], [289, 186], [293, 181]], "interior": []}, "classId": 2, "classTitle": "Civilian"}, {"id": 85122448, "description": "", "geometryType": "polygon", "labelerLogin": "", "createdAt": "", "updatedAt": "", "tags": [], "points": {"exterior": [[323, 212], [327, 211], [327, 200], [332, 193], [338, 191], [342, 196], [342, 204], [342, 209], [353, 217], [355, 235], [353, 242], [346, 251], [341, 238], [328, 231], [325, 221], [318, 217], [323, 212]], "interior": []}, "classId": 2, "classTitle": "Civilian"}, {"id": 27311126, "description": "", "geometryType": "polygon", "labelerLogin": "", "createdAt": "", "updatedAt": "", "tags": [], "points": {"exterior": [[373, 194], [378, 192], [386, 196], [387, 207], [387, 212], [384, 253], [377, 255], [363, 247], [359, 232], [361, 217], [368, 215], [368, 209], [367, 199], [373, 194]], "interior": []}, "classId": 2, "classTitle": "Civilian"}, {"id": 18599647, "description": "", "geometryType": "polygon", "labelerLogin": "", "createdAt": "", "updatedAt": "", "tags": [], "points": {"exterior": [[356, 195], [358, 192], [361, 191], [365, 192], [367, 195], [366, 210], [368, 214], [362, 219], [361, 232], [364, 249], [357, 253], [349, 265], [347, 251], [355, 239], [355, 226], [354, 217], [350, 214], [353, 210], [353, 202], [356, 195]], "interior": []}, "classId": 2, "classTitle": "Civilian"}, {"id": 57249573, "description": "", "geometryType": "polygon", "labelerLogin": "", "createdAt": "", "updatedAt": "", "tags": [], "points": {"exterior": [[8, 181], [16, 182], [21, 185], [23, 192], [20, 199], [21, 201], [25, 203], [17, 224], [2, 223], [2, 187], [8, 181]], "interior": []}, "classId": 2, "classTitle": "Civilian"}]}