{"tags": [], "size": {"height": 720, "width": 1280}, "objects": [{"id": 32310180, "description": "", "geometryType": "polygon", "labelerLogin": "", "createdAt": "", "updatedAt": "", "tags": [], "points": {"exterior": [[679, 347], [716, 279], [750, 229], [800, 196], [875, 187], [965, 209], [1023, 251], [1052, 302], [1054, 344], [1094, 373], [1148, 395], [1151, 445], [1127, 480], [1052, 480], [1020, 455], [1005, 501], [973, 551], [934, 592], [987, 633], [1063, 696], [1079, 717], [194, 716], [227, 641], [295, 529], [372, 477], [450, 444], [559, 433], [636, 429], [661, 411], [680, 380], [679, 347]], "interior": []}, "classId": 2, "classTitle": "Civilian"}, {"id": 22127070, "description": "", "geometryType": "polygon", "labelerLogin": "", "createdAt": "", "updatedAt": "", "tags": [], "points": {"exterior": [[157, 21], [209, 40], [233, 64], [245, 128], [236, 176], [241, 228], [182, 337], [139, 437], [157, 511], [179, 535], [164, 718], [2, 718], [2, 129], [27, 107], [57, 100], [61, 78], [114, 40], [139, 31], [157, 21]], "interior": []}, "classId": 1, "classTitle": "Officer"}, {"id": 27624216, "description": "", "geometryType": "polygon", "labelerLogin": "", "createdAt": "", "updatedAt": "", "tags": [], "points": {"exterior": [[389, 151], [407, 126], [432, 107], [463, 101], [507, 122], [527, 155], [533, 194], [541, 226], [527, 257], [533, 282], [482, 380], [494, 413], [519, 429], [426, 455], [352, 488], [286, 547], [209, 681], [194, 718], [161, 718], [186, 545], [162, 511], [139, 433], [244, 225], [300, 173], [364, 166], [389, 151]], "interior": []}, "classId": 1, "classTitle": "Officer"}, {"id": 33310656, "description": "", "geometryType": "polygon", "labelerLogin": "", "createdAt": "", "updatedAt": "", "tags": [], "points": {"exterior": [[594, 153], [601, 129], [629, 100], [658, 100], [694, 111], [719, 128], [731, 173], [702, 222], [713, 264], [684, 348], [670, 404], [633, 430], [527, 436], [483, 398], [488, 361], [561, 208], [595, 182], [594, 153]], "interior": []}, "classId": 1, "classTitle": "Officer"}]}