{"tags": [], "size": {"height": 450, "width": 800}, "objects": [{"id": 86548573, "description": "", "geometryType": "polygon", "labelerLogin": "", "createdAt": "", "updatedAt": "", "tags": [], "points": {"exterior": [[279, 154], [268, 162], [262, 175], [264, 182], [266, 189], [267, 195], [272, 202], [278, 207], [268, 218], [263, 233], [263, 248], [270, 264], [283, 316], [275, 315], [270, 322], [273, 334], [277, 356], [279, 360], [283, 362], [280, 385], [282, 434], [282, 448], [307, 448], [301, 431], [311, 418], [315, 402], [329, 376], [343, 396], [349, 431], [352, 436], [356, 444], [359, 448], [377, 448], [374, 434], [379, 427], [374, 418], [373, 407], [363, 332], [372, 328], [375, 318], [369, 293], [373, 289], [382, 289], [389, 282], [388, 273], [383, 265], [372, 262], [368, 255], [354, 237], [345, 218], [333, 206], [318, 204], [318, 200], [318, 186], [311, 170], [305, 162], [291, 155], [284, 154], [279, 154]], "interior": []}, "classId": 1, "classTitle": "Officer"}, {"id": 36554994, "description": "", "geometryType": "polygon", "labelerLogin": "", "createdAt": "", "updatedAt": "", "tags": [], "points": {"exterior": [[372, 256], [468, 254], [470, 259], [469, 262], [465, 265], [392, 268], [387, 281], [381, 281], [378, 279], [382, 267], [369, 265], [368, 261], [372, 256]], "interior": []}, "classId": 6, "classTitle": "Baton"}]}