{"tags": [], "size": {"height": 411, "width": 592}, "objects": [{"id": 98384750, "description": "", "geometryType": "polygon", "labelerLogin": "", "createdAt": "", "updatedAt": "", "tags": [], "points": {"exterior": [[19, 196], [25, 195], [34, 197], [40, 201], [43, 207], [45, 214], [44, 217], [48, 225], [47, 227], [44, 230], [43, 239], [42, 243], [39, 246], [36, 247], [34, 259], [50, 281], [43, 283], [2, 274], [2, 255], [5, 242], [2, 228], [2, 209], [5, 202], [17, 196], [19, 196]], "interior": []}, "classId": 2, "classTitle": "Civilian"}, {"id": 76884473, "description": "", "geometryType": "polygon", "labelerLogin": "", "createdAt": "", "updatedAt": "", "tags": [], "points": {"exterior": [[51, 196], [65, 197], [72, 208], [75, 223], [73, 237], [69, 245], [72, 251], [92, 279], [104, 301], [95, 306], [76, 288], [66, 288], [50, 282], [36, 259], [38, 248], [41, 246], [46, 231], [49, 225], [45, 217], [44, 204], [51, 196]], "interior": []}, "classId": 2, "classTitle": "Civilian"}, {"id": 74563182, "description": "", "geometryType": "polygon", "labelerLogin": "", "createdAt": "", "updatedAt": "", "tags": [], "points": {"exterior": [[109, 292], [125, 286], [147, 288], [162, 298], [171, 312], [173, 317], [179, 327], [176, 332], [177, 344], [178, 352], [185, 374], [207, 409], [83, 409], [85, 394], [95, 361], [103, 346], [97, 327], [97, 312], [109, 292]], "interior": []}, "classId": 2, "classTitle": "Civilian"}, {"id": 37087980, "description": "", "geometryType": "polygon", "labelerLogin": "", "createdAt": "", "updatedAt": "", "tags": [], "points": {"exterior": [[488, 230], [493, 219], [509, 211], [525, 211], [534, 214], [539, 224], [543, 232], [550, 235], [551, 241], [545, 245], [545, 262], [544, 275], [540, 282], [534, 284], [557, 296], [580, 311], [589, 330], [590, 356], [588, 384], [588, 397], [589, 409], [581, 409], [565, 374], [560, 391], [565, 393], [565, 401], [565, 409], [452, 409], [449, 407], [454, 398], [457, 392], [451, 325], [445, 287], [444, 247], [446, 210], [451, 192], [462, 157], [461, 145], [461, 132], [472, 122], [477, 118], [488, 111], [492, 113], [493, 123], [491, 147], [486, 157], [481, 170], [476, 204], [473, 219], [473, 248], [476, 256], [487, 233], [488, 230]], "interior": []}, "classId": 2, "classTitle": "Civilian"}, {"id": 81445888, "description": "", "geometryType": "polygon", "labelerLogin": "", "createdAt": "", "updatedAt": "", "tags": [], "points": {"exterior": [[581, 195], [569, 201], [561, 210], [559, 218], [559, 228], [559, 239], [561, 247], [559, 261], [547, 268], [543, 278], [537, 286], [568, 302], [560, 409], [590, 409], [590, 311], [590, 193], [585, 193], [581, 195]], "interior": []}, "classId": 2, "classTitle": "Civilian"}, {"id": 21975515, "description": "", "geometryType": "polygon", "labelerLogin": "", "createdAt": "", "updatedAt": "", "tags": [], "points": {"exterior": [[417, 229], [431, 222], [445, 223], [444, 283], [454, 348], [458, 392], [449, 408], [450, 409], [406, 409], [410, 376], [423, 283], [418, 248], [417, 241], [417, 229]], "interior": []}, "classId": 2, "classTitle": "Civilian"}, {"id": 28918837, "description": "", "geometryType": "polygon", "labelerLogin": "", "createdAt": "", "updatedAt": "", "tags": [], "points": {"exterior": [[311, 275], [309, 246], [313, 231], [330, 218], [338, 209], [340, 206], [345, 202], [343, 190], [330, 164], [331, 153], [342, 138], [357, 132], [370, 132], [382, 137], [402, 142], [405, 148], [401, 156], [393, 162], [396, 187], [406, 172], [419, 144], [424, 112], [441, 43], [445, 22], [452, 9], [460, 7], [476, 11], [477, 16], [473, 34], [471, 50], [461, 67], [460, 115], [453, 146], [443, 172], [422, 214], [416, 238], [426, 285], [407, 409], [327, 409], [330, 338], [319, 316], [311, 275]], "interior": []}, "classId": 2, "classTitle": "Civilian"}, {"id": 61048844, "description": "", "geometryType": "polygon", "labelerLogin": "", "createdAt": "", "updatedAt": "", "tags": [], "points": {"exterior": [[236, 308], [234, 291], [241, 257], [253, 223], [253, 215], [236, 185], [219, 150], [219, 140], [230, 129], [265, 181], [271, 161], [275, 156], [269, 132], [265, 122], [265, 114], [261, 105], [254, 100], [242, 88], [239, 75], [247, 67], [258, 74], [275, 101], [296, 147], [321, 186], [333, 215], [313, 232], [309, 247], [316, 299], [321, 319], [331, 339], [328, 407], [328, 409], [249, 409], [248, 390], [252, 364], [248, 358], [251, 341], [232, 334], [236, 308]], "interior": []}, "classId": 2, "classTitle": "Civilian"}, {"id": 97846694, "description": "", "geometryType": "polygon", "labelerLogin": "", "createdAt": "", "updatedAt": "", "tags": [], "points": {"exterior": [[205, 374], [198, 334], [196, 320], [188, 290], [193, 265], [223, 227], [228, 215], [234, 207], [242, 206], [252, 205], [257, 213], [252, 224], [243, 231], [233, 241], [217, 273], [214, 279], [229, 271], [242, 260], [238, 280], [234, 290], [236, 307], [233, 335], [252, 342], [249, 354], [251, 363], [249, 394], [251, 409], [209, 409], [206, 407], [207, 384], [205, 374]], "interior": []}, "classId": 2, "classTitle": "Civilian"}, {"id": 47118482, "description": "", "geometryType": "polygon", "labelerLogin": "", "createdAt": "", "updatedAt": "", "tags": [], "points": {"exterior": [[143, 276], [152, 267], [166, 263], [181, 264], [190, 270], [189, 291], [197, 323], [207, 384], [207, 409], [190, 380], [179, 354], [178, 334], [179, 327], [166, 302], [156, 292], [147, 288], [137, 287], [143, 276]], "interior": []}, "classId": 2, "classTitle": "Civilian"}, {"id": 38171816, "description": "", "geometryType": "polygon", "labelerLogin": "", "createdAt": "", "updatedAt": "", "tags": [], "points": {"exterior": [[129, 216], [141, 213], [151, 222], [157, 241], [155, 251], [150, 257], [153, 268], [141, 280], [136, 287], [120, 287], [117, 277], [128, 255], [123, 241], [123, 227], [129, 216]], "interior": []}, "classId": 2, "classTitle": "Civilian"}, {"id": 40186310, "description": "", "geometryType": "polygon", "labelerLogin": "", "createdAt": "", "updatedAt": "", "tags": [], "points": {"exterior": [[172, 211], [168, 203], [171, 190], [178, 192], [187, 198], [192, 191], [197, 204], [197, 211], [212, 209], [216, 201], [203, 177], [202, 171], [205, 169], [214, 176], [230, 203], [228, 213], [210, 228], [198, 231], [201, 254], [192, 272], [182, 264], [168, 264], [153, 268], [152, 257], [158, 242], [154, 226], [161, 217], [172, 211]], "interior": []}, "classId": 2, "classTitle": "Civilian"}]}