{"tags": [], "size": {"height": 1728, "width": 2519}, "objects": [{"id": 42151550, "description": "", "geometryType": "polygon", "labelerLogin": "", "createdAt": "", "updatedAt": "", "tags": [], "points": {"exterior": [[498, 838], [641, 644], [752, 596], [864, 564], [971, 485], [899, 405], [888, 306], [931, 199], [991, 167], [1102, 99], [1210, 87], [1329, 151], [1444, 215], [1456, 354], [1405, 469], [1325, 457], [1389, 532], [1389, 564], [1484, 628], [1540, 644], [1584, 763], [1687, 993], [1798, 1231], [1723, 1367], [1671, 1363], [1548, 1398], [1552, 1720], [530, 1720], [553, 1517], [573, 1414], [470, 1235], [454, 993], [498, 838]], "interior": []}, "classId": 1, "classTitle": "Officer"}, {"id": 60254892, "description": "", "geometryType": "polygon", "labelerLogin": "", "createdAt": "", "updatedAt": "", "tags": [], "points": {"exterior": [[1135, 706], [1155, 678], [1220, 672], [1356, 920], [1351, 956], [1337, 968], [1293, 982], [1245, 966], [1225, 933], [1125, 715], [1135, 706]], "interior": []}, "classId": 5, "classTitle": "Pepper Spray"}, {"id": 11161121, "description": "", "geometryType": "polygon", "labelerLogin": "", "createdAt": "", "updatedAt": "", "tags": [], "points": {"exterior": [[177, 237], [191, 246], [187, 276], [185, 283], [192, 288], [215, 292], [223, 313], [173, 331], [116, 375], [88, 448], [40, 524], [60, 568], [2, 675], [2, 993], [68, 985], [48, 1041], [100, 1108], [100, 1196], [92, 1227], [124, 1470], [164, 1470], [92, 1704], [108, 1726], [526, 1716], [577, 1426], [474, 1231], [458, 993], [510, 810], [649, 644], [915, 532], [943, 501], [884, 413], [756, 389], [709, 338], [625, 330], [593, 330], [589, 290], [530, 306], [534, 246], [621, 199], [613, 135], [514, 28], [386, 2], [215, 2], [164, 40], [68, 56], [64, 183], [92, 222], [177, 237]], "interior": []}, "classId": 1, "classTitle": "Officer"}, {"id": 10056019, "description": "", "geometryType": "polygon", "labelerLogin": "", "createdAt": "", "updatedAt": "", "tags": [], "points": {"exterior": [[1782, 163], [1862, 163], [1930, 179], [2021, 246], [2065, 310], [2045, 389], [1997, 433], [1993, 508], [1977, 540], [2184, 651], [2264, 767], [2443, 1104], [2407, 1220], [2276, 1315], [2256, 1716], [1599, 1726], [1564, 1720], [1552, 1422], [1703, 1359], [1739, 1359], [1802, 1231], [1544, 651], [1611, 636], [1671, 552], [1619, 477], [1595, 298], [1595, 242], [1687, 191], [1782, 163]], "interior": []}, "classId": 1, "classTitle": "Officer"}, {"id": 87156205, "description": "", "geometryType": "polygon", "labelerLogin": "", "createdAt": "", "updatedAt": "", "tags": [], "points": {"exterior": [[2200, 512], [2240, 564], [2343, 612], [2411, 675], [2443, 898], [2443, 961], [2391, 989], [2180, 651], [1997, 536], [2037, 536], [2049, 441], [2041, 405], [2065, 342], [2061, 286], [2093, 242], [2172, 226], [2252, 262], [2284, 342], [2264, 437], [2216, 497], [2200, 512]], "interior": []}, "classId": 1, "classTitle": "Officer"}]}