{"tags": [], "size": {"height": 1253, "width": 1880}, "objects": [{"id": 98635582, "description": "", "geometryType": "polygon", "labelerLogin": "", "createdAt": "", "updatedAt": "", "tags": [], "points": {"exterior": [[1572, 528], [1630, 515], [1601, 359], [1559, 363], [1572, 528]], "interior": []}, "classId": 5, "classTitle": "Pepper Spray"}, {"id": 91594121, "description": "", "geometryType": "polygon", "labelerLogin": "", "createdAt": "", "updatedAt": "", "tags": [], "points": {"exterior": [[1702, 448], [1645, 503], [1616, 605], [1500, 573], [1482, 642], [1598, 664], [1634, 695], [1634, 788], [1520, 918], [1443, 1065], [1323, 1104], [1388, 1153], [1456, 1170], [1490, 1110], [1580, 957], [1674, 904], [1732, 910], [1764, 951], [1854, 893], [1878, 736], [1878, 507], [1877, 481], [1732, 442], [1702, 448]], "interior": []}, "classId": 1, "classTitle": "Officer"}, {"id": 42703288, "description": "", "geometryType": "polygon", "labelerLogin": "", "createdAt": "", "updatedAt": "", "tags": [], "points": {"exterior": [[1517, 330], [1462, 365], [1462, 403], [1473, 443], [1401, 432], [1432, 464], [1478, 493], [1481, 551], [1518, 570], [1569, 558], [1562, 454], [1553, 377], [1543, 338], [1517, 330]], "interior": []}, "classId": 1, "classTitle": "Officer"}, {"id": 49722219, "description": "", "geometryType": "polygon", "labelerLogin": "", "createdAt": "", "updatedAt": "", "tags": [], "points": {"exterior": [[1194, 321], [1169, 356], [1177, 412], [1160, 523], [1174, 625], [1192, 736], [1214, 948], [1238, 963], [1261, 924], [1235, 872], [1230, 752], [1247, 706], [1290, 774], [1310, 861], [1312, 923], [1313, 973], [1338, 976], [1362, 949], [1355, 921], [1335, 871], [1316, 756], [1312, 630], [1307, 495], [1302, 409], [1243, 367], [1233, 326], [1194, 321]], "interior": []}, "classId": 2, "classTitle": "Civilian"}, {"id": 55979357, "description": "", "geometryType": "polygon", "labelerLogin": "", "createdAt": "", "updatedAt": "", "tags": [], "points": {"exterior": [[429, 608], [368, 572], [291, 520], [152, 547], [28, 581], [2, 650], [2, 865], [3, 1137], [58, 1226], [288, 1251], [186, 1053], [174, 868], [158, 780], [241, 735], [313, 742], [390, 710], [410, 677], [421, 622], [429, 608]], "interior": []}, "classId": 2, "classTitle": "Civilian"}, {"id": 88087246, "description": "", "geometryType": "polygon", "labelerLogin": "", "createdAt": "", "updatedAt": "", "tags": [], "points": {"exterior": [[807, 600], [663, 569], [519, 556], [478, 619], [476, 728], [497, 885], [564, 1114], [608, 1172], [675, 1136], [682, 932], [639, 821], [628, 744], [721, 755], [805, 719], [829, 661], [807, 600]], "interior": []}, "classId": 2, "classTitle": "Civilian"}, {"id": 24186971, "description": "", "geometryType": "polygon", "labelerLogin": "", "createdAt": "", "updatedAt": "", "tags": [], "points": {"exterior": [[410, 418], [343, 451], [363, 526], [374, 551], [434, 565], [483, 518], [490, 448], [440, 412], [410, 418]], "interior": []}, "classId": 2, "classTitle": "Civilian"}, {"id": 26052778, "description": "", "geometryType": "polygon", "labelerLogin": "", "createdAt": "", "updatedAt": "", "tags": [], "points": {"exterior": [[857, 365], [744, 413], [669, 457], [671, 528], [801, 556], [881, 443], [921, 407], [884, 365], [849, 363], [857, 365]], "interior": []}, "classId": 2, "classTitle": "Civilian"}]}