{"tags": [], "size": {"height": 157, "width": 220}, "objects": [{"id": 91340761, "description": "", "geometryType": "polygon", "labelerLogin": "", "createdAt": "", "updatedAt": "", "tags": [], "points": {"exterior": [[109, 46], [110, 33], [116, 32], [116, 39], [113, 40], [112, 47], [110, 47], [109, 46]], "interior": []}, "classId": 5, "classTitle": "Pepper Spray"}, {"id": 71616417, "description": "", "geometryType": "polygon", "labelerLogin": "", "createdAt": "", "updatedAt": "", "tags": [], "points": {"exterior": [[173, 155], [171, 129], [167, 117], [166, 77], [159, 77], [155, 73], [145, 70], [134, 67], [119, 55], [111, 47], [113, 40], [115, 38], [115, 34], [119, 34], [121, 47], [149, 57], [163, 57], [176, 54], [168, 49], [168, 31], [161, 29], [160, 24], [169, 24], [172, 22], [181, 15], [189, 16], [199, 25], [200, 34], [197, 50], [209, 58], [217, 70], [215, 99], [213, 116], [218, 144], [215, 155], [173, 155]], "interior": []}, "classId": 2, "classTitle": "Civilian"}, {"id": 45080996, "description": "", "geometryType": "polygon", "labelerLogin": "", "createdAt": "", "updatedAt": "", "tags": [], "points": {"exterior": [[57, 140], [7, 118], [8, 115], [62, 133], [60, 140], [57, 140]], "interior": []}, "classId": 6, "classTitle": "Baton"}, {"id": 95208615, "description": "", "geometryType": "polygon", "labelerLogin": "", "createdAt": "", "updatedAt": "", "tags": [], "points": {"exterior": [[3, 85], [5, 61], [8, 50], [23, 39], [21, 26], [28, 16], [39, 17], [42, 24], [44, 31], [38, 45], [48, 49], [51, 54], [50, 65], [55, 85], [58, 106], [60, 113], [57, 119], [51, 123], [53, 148], [47, 148], [46, 155], [35, 155], [33, 136], [25, 152], [22, 155], [5, 155], [9, 140], [9, 115], [12, 111], [3, 92], [3, 85]], "interior": []}, "classId": 2, "classTitle": "Civilian"}]}