{"tags": [], "size": {"height": 196, "width": 350}, "objects": [{"id": 69035060, "description": "", "geometryType": "polygon", "labelerLogin": "", "createdAt": "", "updatedAt": "", "tags": [], "points": {"exterior": [[199, 50], [195, 51], [194, 53], [184, 53], [181, 56], [179, 65], [179, 70], [175, 70], [174, 72], [175, 74], [172, 81], [174, 82], [175, 83], [175, 87], [173, 89], [171, 90], [169, 89], [167, 88], [165, 89], [163, 97], [163, 103], [165, 103], [167, 102], [169, 98], [174, 96], [175, 96], [182, 95], [184, 100], [183, 102], [176, 105], [173, 106], [168, 107], [168, 110], [169, 112], [170, 114], [170, 117], [173, 121], [175, 123], [177, 123], [178, 121], [177, 116], [178, 113], [192, 107], [193, 105], [193, 102], [193, 95], [193, 87], [194, 82], [194, 76], [198, 71], [202, 67], [203, 64], [202, 61], [201, 59], [202, 58], [202, 53], [201, 51], [199, 50]], "interior": []}, "classId": 1, "classTitle": "Officer"}, {"id": 44388808, "description": "", "geometryType": "polygon", "labelerLogin": "", "createdAt": "", "updatedAt": "", "tags": [], "points": {"exterior": [[221, 49], [217, 49], [215, 51], [210, 53], [206, 58], [204, 63], [203, 66], [200, 69], [194, 76], [194, 83], [193, 87], [193, 105], [194, 107], [197, 107], [198, 105], [199, 103], [201, 100], [201, 98], [200, 98], [199, 98], [201, 87], [202, 82], [206, 82], [209, 82], [213, 87], [225, 99], [229, 108], [231, 112], [232, 112], [233, 117], [235, 118], [237, 119], [239, 117], [240, 112], [240, 108], [239, 107], [237, 107], [236, 106], [236, 103], [231, 93], [225, 80], [229, 76], [231, 71], [232, 66], [232, 59], [231, 56], [225, 51], [223, 50], [221, 49]], "interior": []}, "classId": 1, "classTitle": "Officer"}, {"id": 27433764, "description": "", "geometryType": "polygon", "labelerLogin": "", "createdAt": "", "updatedAt": "", "tags": [], "points": {"exterior": [[203, 100], [207, 100], [211, 99], [214, 103], [218, 108], [220, 109], [223, 112], [227, 113], [228, 112], [227, 110], [225, 106], [224, 104], [225, 104], [227, 104], [225, 99], [214, 88], [209, 82], [202, 82], [199, 98], [201, 98], [201, 100], [203, 100]], "interior": []}, "classId": 2, "classTitle": "Civilian"}]}