{"tags": [], "size": {"height": 876, "width": 1200}, "objects": [{"id": 67737837, "description": "", "geometryType": "polygon", "labelerLogin": "", "createdAt": "", "updatedAt": "", "tags": [], "points": {"exterior": [[577, 860], [634, 703], [728, 633], [734, 584], [685, 552], [642, 533], [604, 430], [607, 330], [610, 295], [591, 257], [545, 257], [585, 187], [607, 141], [556, 32], [607, 8], [869, 2], [1058, 81], [1112, 168], [1074, 216], [1023, 235], [998, 392], [1031, 484], [1195, 589], [1193, 873], [580, 871], [577, 860]], "interior": []}, "classId": 1, "classTitle": "Officer"}, {"id": 90240762, "description": "", "geometryType": "polygon", "labelerLogin": "", "createdAt": "", "updatedAt": "", "tags": [], "points": {"exterior": [[13, 497], [110, 454], [151, 422], [175, 376], [110, 265], [78, 100], [170, 46], [267, 43], [329, 62], [361, 149], [345, 376], [607, 492], [639, 698], [583, 871], [2, 873], [2, 503], [13, 497]], "interior": []}, "classId": 2, "classTitle": "Civilian"}, {"id": 23474087, "description": "", "geometryType": "polygon", "labelerLogin": "", "createdAt": "", "updatedAt": "", "tags": [], "points": {"exterior": [[1095, 214], [1120, 254], [1136, 346], [1136, 400], [1198, 457], [1193, 584], [1055, 497], [1012, 414], [998, 327], [1033, 224], [1095, 214]], "interior": []}, "classId": 2, "classTitle": "Civilian"}]}