{"tags": [], "size": {"height": 215, "width": 750}, "objects": [{"id": 90851228, "description": "", "geometryType": "polygon", "labelerLogin": "", "createdAt": "", "updatedAt": "", "tags": [], "points": {"exterior": [[385, 207], [428, 165], [476, 128], [499, 108], [539, 71], [560, 51], [580, 31], [596, 16], [616, 25], [612, 41], [616, 46], [630, 40], [647, 55], [615, 90], [582, 124], [545, 176], [501, 211], [484, 213], [442, 213], [400, 213], [376, 213], [385, 207]], "interior": []}, "classId": 5, "classTitle": "Pepper Spray"}]}