{"tags": [], "size": {"height": 1200, "width": 900}, "objects": [{"id": 82273730, "description": "", "geometryType": "polygon", "labelerLogin": "", "createdAt": "", "updatedAt": "", "tags": [], "points": {"exterior": [[480, 368], [389, 405], [411, 439], [434, 432], [435, 468], [453, 501], [416, 525], [390, 553], [353, 614], [347, 645], [368, 674], [375, 692], [371, 752], [353, 770], [350, 820], [360, 878], [396, 853], [395, 889], [396, 998], [404, 1056], [360, 1119], [386, 1137], [456, 1104], [452, 1057], [450, 953], [470, 907], [471, 974], [488, 1042], [494, 1078], [482, 1134], [479, 1162], [498, 1167], [544, 1150], [544, 1081], [554, 1045], [545, 995], [547, 845], [539, 705], [557, 656], [586, 674], [602, 644], [604, 595], [581, 541], [551, 508], [530, 489], [527, 426], [504, 383], [471, 362], [480, 368]], "interior": []}, "classId": 1, "classTitle": "Officer"}, {"id": 97984370, "description": "", "geometryType": "polygon", "labelerLogin": "", "createdAt": "", "updatedAt": "", "tags": [], "points": {"exterior": [[373, 548], [348, 576], [368, 596], [384, 631], [381, 659], [387, 688], [395, 737], [393, 737], [398, 783], [371, 779], [373, 790], [400, 792], [407, 823], [423, 822], [416, 772], [415, 748], [432, 747], [429, 710], [420, 708], [412, 694], [408, 659], [403, 645], [398, 647], [373, 548]], "interior": []}, "classId": 4, "classTitle": "Gun"}]}