{"tags": [], "size": {"height": 400, "width": 309}, "objects": [{"id": 66932157, "description": "", "geometryType": "polygon", "labelerLogin": "", "createdAt": "", "updatedAt": "", "tags": [], "points": {"exterior": [[191, 362], [200, 374], [219, 379], [237, 377], [244, 366], [250, 344], [254, 309], [254, 281], [256, 249], [244, 258], [244, 234], [245, 221], [253, 211], [248, 202], [235, 204], [221, 204], [206, 204], [199, 208], [196, 217], [194, 248], [194, 275], [197, 300], [193, 325], [193, 341], [191, 362]], "interior": []}, "classId": 5, "classTitle": "Pepper Spray"}, {"id": 52440977, "description": "", "geometryType": "polygon", "labelerLogin": "", "createdAt": "", "updatedAt": "", "tags": [], "points": {"exterior": [[62, 353], [78, 369], [97, 374], [121, 372], [142, 360], [139, 312], [139, 273], [143, 248], [154, 258], [155, 243], [154, 210], [155, 164], [154, 148], [143, 141], [140, 126], [140, 108], [139, 94], [129, 78], [108, 75], [81, 75], [60, 78], [59, 88], [59, 103], [59, 119], [59, 126], [59, 139], [63, 173], [63, 211], [63, 240], [62, 277], [62, 309], [66, 337], [62, 353]], "interior": []}, "classId": 5, "classTitle": "Pepper Spray"}]}