{"tags": [], "size": {"height": 1105, "width": 1200}, "objects": [{"id": 68962970, "description": "", "geometryType": "polygon", "labelerLogin": "", "createdAt": "", "updatedAt": "", "tags": [], "points": {"exterior": [[834, 206], [838, 189], [829, 175], [834, 161], [839, 145], [867, 145], [869, 180], [858, 178], [856, 188], [861, 200], [849, 262], [838, 257], [838, 247], [844, 229], [837, 216], [834, 206]], "interior": []}, "classId": 5, "classTitle": "Pepper Spray"}, {"id": 37657489, "description": "", "geometryType": "polygon", "labelerLogin": "", "createdAt": "", "updatedAt": "", "tags": [], "points": {"exterior": [[1180, 1088], [1109, 880], [1102, 716], [1129, 631], [1085, 501], [1037, 426], [915, 440], [871, 406], [830, 304], [822, 276], [800, 228], [803, 206], [815, 168], [833, 163], [831, 178], [838, 192], [835, 207], [844, 227], [837, 258], [852, 263], [860, 203], [856, 183], [860, 177], [869, 177], [870, 159], [878, 159], [885, 180], [894, 261], [893, 296], [929, 350], [970, 352], [1000, 313], [1047, 299], [1087, 296], [1109, 281], [1122, 272], [1106, 246], [1104, 217], [1106, 190], [1102, 162], [1099, 118], [1134, 77], [1163, 61], [1198, 75], [1194, 1103], [1180, 1088]], "interior": []}, "classId": 2, "classTitle": "Civilian"}, {"id": 51615436, "description": "", "geometryType": "polygon", "labelerLogin": "", "createdAt": "", "updatedAt": "", "tags": [], "points": {"exterior": [[10, 430], [24, 628], [41, 686], [20, 720], [37, 955], [78, 1098], [2, 1102], [10, 430]], "interior": []}, "classId": 2, "classTitle": "Civilian"}]}