{"tags": [], "size": {"height": 900, "width": 1200}, "objects": [{"id": 33011091, "description": "", "geometryType": "polygon", "labelerLogin": "", "createdAt": "", "updatedAt": "", "tags": [], "points": {"exterior": [[436, 336], [453, 317], [461, 303], [533, 289], [586, 281], [592, 308], [581, 361], [622, 397], [631, 464], [561, 542], [442, 611], [356, 722], [294, 681], [281, 586], [283, 514], [333, 417], [369, 372], [436, 336]], "interior": []}, "classId": 1, "classTitle": "Officer"}, {"id": 74665219, "description": "", "geometryType": "polygon", "labelerLogin": "", "createdAt": "", "updatedAt": "", "tags": [], "points": {"exterior": [[311, 842], [364, 717], [475, 592], [553, 553], [644, 439], [708, 422], [792, 436], [844, 531], [844, 572], [775, 617], [775, 703], [733, 769], [806, 778], [853, 898], [328, 898], [311, 842]], "interior": []}, "classId": 2, "classTitle": "Civilian"}]}