{"tags": [], "size": {"height": 2116, "width": 1800}, "objects": [{"id": 47416481, "description": "", "geometryType": "polygon", "labelerLogin": "", "createdAt": "", "updatedAt": "", "tags": [], "points": {"exterior": [[748, 2070], [722, 1646], [481, 1332], [468, 784], [611, 679], [468, 555], [403, 202], [676, 118], [774, 189], [846, 379], [918, 575], [1230, 692], [1335, 816], [1419, 1038], [1608, 1522], [1471, 1848], [1413, 2096], [761, 2109], [748, 2070]], "interior": []}, "classId": 1, "classTitle": "Officer"}]}