{"tags": [], "size": {"height": 539, "width": 979}, "objects": [{"id": 48179177, "description": "", "geometryType": "polygon", "labelerLogin": "", "createdAt": "", "updatedAt": "", "tags": [], "points": {"exterior": [[231, 26], [202, 31], [192, 37], [186, 48], [181, 59], [180, 68], [179, 83], [182, 100], [181, 105], [176, 109], [154, 119], [143, 128], [128, 152], [118, 190], [116, 222], [112, 280], [112, 317], [117, 341], [124, 347], [134, 380], [152, 413], [168, 429], [176, 440], [174, 451], [183, 473], [184, 495], [179, 522], [179, 537], [303, 537], [292, 501], [288, 471], [280, 443], [260, 384], [260, 377], [275, 377], [277, 370], [276, 366], [264, 363], [262, 353], [267, 347], [271, 344], [272, 336], [273, 327], [273, 317], [272, 307], [305, 340], [327, 358], [333, 363], [347, 373], [350, 378], [349, 382], [342, 382], [344, 385], [358, 390], [365, 390], [374, 383], [375, 381], [385, 382], [387, 373], [383, 362], [373, 356], [363, 350], [359, 349], [354, 346], [345, 341], [324, 306], [314, 282], [303, 270], [295, 252], [295, 218], [293, 189], [280, 164], [263, 146], [256, 142], [260, 127], [265, 129], [269, 129], [272, 127], [273, 122], [272, 118], [274, 115], [275, 112], [274, 108], [278, 106], [280, 104], [279, 101], [278, 99], [283, 97], [283, 92], [282, 88], [278, 84], [276, 77], [286, 75], [297, 70], [298, 64], [296, 60], [279, 55], [263, 46], [250, 33], [243, 28], [235, 26], [231, 26]], "interior": []}, "classId": 1, "classTitle": "Officer"}, {"id": 79924095, "description": "", "geometryType": "polygon", "labelerLogin": "", "createdAt": "", "updatedAt": "", "tags": [], "points": {"exterior": [[329, 363], [326, 365], [324, 368], [325, 375], [326, 378], [330, 381], [334, 382], [344, 382], [350, 382], [382, 381], [385, 376], [383, 369], [378, 366], [374, 366], [372, 364], [329, 363]], "interior": []}, "classId": 5, "classTitle": "Pepper Spray"}, {"id": 87213151, "description": "", "geometryType": "polygon", "labelerLogin": "", "createdAt": "", "updatedAt": "", "tags": [], "points": {"exterior": [[279, 110], [299, 122], [310, 140], [315, 157], [320, 173], [319, 193], [316, 204], [316, 211], [311, 223], [307, 227], [297, 226], [279, 314], [279, 329], [281, 337], [289, 338], [292, 341], [292, 346], [290, 353], [286, 356], [284, 361], [279, 363], [272, 362], [269, 361], [267, 357], [266, 350], [272, 344], [274, 325], [272, 306], [257, 140], [260, 127], [266, 129], [269, 129], [272, 127], [273, 122], [272, 118], [274, 116], [275, 112], [274, 108], [279, 110]], "interior": []}, "classId": 1, "classTitle": "Officer"}, {"id": 49159536, "description": "", "geometryType": "polygon", "labelerLogin": "", "createdAt": "", "updatedAt": "", "tags": [], "points": {"exterior": [[143, 57], [128, 62], [124, 65], [124, 68], [125, 70], [122, 79], [123, 82], [124, 85], [121, 91], [122, 93], [124, 94], [124, 96], [125, 98], [125, 100], [125, 102], [126, 106], [128, 108], [133, 108], [138, 108], [138, 112], [134, 117], [120, 122], [130, 134], [134, 143], [144, 128], [155, 119], [178, 108], [174, 103], [169, 100], [164, 98], [164, 95], [168, 92], [169, 82], [166, 68], [161, 61], [151, 57], [143, 57]], "interior": []}, "classId": 1, "classTitle": "Officer"}, {"id": 35505805, "description": "", "geometryType": "polygon", "labelerLogin": "", "createdAt": "", "updatedAt": "", "tags": [], "points": {"exterior": [[94, 72], [82, 74], [78, 80], [78, 89], [78, 95], [78, 96], [75, 96], [74, 99], [76, 106], [78, 108], [79, 109], [81, 109], [83, 113], [83, 117], [66, 125], [58, 133], [55, 137], [53, 145], [52, 151], [59, 181], [61, 194], [59, 222], [62, 231], [66, 238], [68, 253], [70, 265], [75, 284], [79, 296], [74, 311], [73, 324], [74, 332], [77, 344], [76, 355], [72, 359], [69, 377], [70, 381], [79, 384], [85, 386], [90, 385], [94, 384], [94, 377], [92, 371], [95, 357], [91, 354], [97, 332], [99, 304], [110, 294], [110, 283], [108, 274], [112, 274], [116, 220], [118, 190], [128, 154], [134, 144], [131, 136], [122, 123], [114, 118], [113, 115], [117, 110], [118, 102], [117, 89], [111, 75], [108, 74], [103, 72], [94, 72]], "interior": []}, "classId": 1, "classTitle": "Officer"}, {"id": 22554897, "description": "", "geometryType": "polygon", "labelerLogin": "", "createdAt": "", "updatedAt": "", "tags": [], "points": {"exterior": [[2, 68], [9, 72], [10, 76], [6, 79], [6, 87], [8, 91], [13, 99], [13, 102], [9, 102], [7, 107], [9, 110], [8, 113], [2, 117], [2, 129], [10, 140], [11, 148], [17, 231], [21, 253], [31, 287], [31, 295], [29, 300], [6, 360], [6, 366], [23, 367], [36, 369], [39, 375], [31, 379], [43, 386], [39, 393], [30, 395], [2, 395], [2, 75], [2, 68]], "interior": []}, "classId": 2, "classTitle": "Civilian"}, {"id": 74291506, "description": "", "geometryType": "polygon", "labelerLogin": "", "createdAt": "", "updatedAt": "", "tags": [], "points": {"exterior": [[67, 86], [61, 87], [57, 88], [56, 92], [55, 97], [55, 104], [56, 110], [59, 115], [45, 121], [39, 129], [38, 142], [38, 151], [38, 185], [41, 197], [50, 234], [61, 281], [61, 284], [55, 288], [53, 298], [57, 301], [62, 300], [79, 296], [82, 118], [79, 115], [81, 110], [78, 87], [74, 86], [67, 86]], "interior": []}, "classId": 2, "classTitle": "Civilian"}, {"id": 84755763, "description": "", "geometryType": "polygon", "labelerLogin": "", "createdAt": "", "updatedAt": "", "tags": [], "points": {"exterior": [[487, 90], [482, 90], [479, 90], [473, 98], [472, 102], [475, 111], [470, 112], [466, 115], [461, 119], [460, 126], [461, 134], [461, 144], [461, 147], [464, 153], [464, 163], [466, 168], [471, 187], [475, 217], [474, 221], [470, 228], [470, 230], [473, 232], [479, 231], [485, 229], [487, 225], [489, 231], [493, 233], [499, 233], [501, 231], [501, 225], [497, 219], [498, 193], [498, 175], [501, 159], [501, 151], [506, 147], [508, 132], [498, 114], [493, 112], [496, 104], [491, 92], [487, 90]], "interior": []}, "classId": 2, "classTitle": "Civilian"}, {"id": 50487233, "description": "", "geometryType": "polygon", "labelerLogin": "", "createdAt": "", "updatedAt": "", "tags": [], "points": {"exterior": [[424, 68], [417, 69], [413, 72], [411, 77], [411, 80], [412, 84], [416, 89], [419, 97], [407, 102], [402, 106], [399, 112], [407, 169], [408, 200], [409, 214], [414, 229], [406, 236], [408, 238], [416, 239], [423, 235], [431, 239], [436, 239], [437, 236], [435, 230], [443, 196], [447, 164], [451, 157], [450, 136], [450, 109], [446, 104], [432, 94], [432, 86], [433, 75], [430, 72], [424, 68]], "interior": []}, "classId": 2, "classTitle": "Civilian"}, {"id": 16624046, "description": "", "geometryType": "polygon", "labelerLogin": "", "createdAt": "", "updatedAt": "", "tags": [], "points": {"exterior": [[392, 87], [387, 87], [383, 87], [381, 90], [381, 94], [379, 100], [381, 108], [371, 111], [379, 179], [383, 219], [382, 223], [377, 229], [377, 232], [382, 233], [392, 229], [397, 227], [398, 229], [399, 232], [404, 233], [407, 233], [408, 228], [407, 223], [410, 213], [408, 167], [401, 110], [396, 107], [397, 98], [397, 90], [392, 87]], "interior": []}, "classId": 2, "classTitle": "Civilian"}, {"id": 52634801, "description": "", "geometryType": "polygon", "labelerLogin": "", "createdAt": "", "updatedAt": "", "tags": [], "points": {"exterior": [[530, 3], [525, 17], [523, 35], [521, 51], [521, 56], [525, 64], [528, 67], [532, 72], [532, 76], [538, 80], [538, 83], [534, 95], [558, 79], [583, 65], [606, 61], [626, 64], [627, 58], [632, 58], [635, 49], [632, 30], [634, 23], [624, 2], [532, 2], [530, 3]], "interior": []}, "classId": 1, "classTitle": "Officer"}, {"id": 53985256, "description": "", "geometryType": "polygon", "labelerLogin": "", "createdAt": "", "updatedAt": "", "tags": [], "points": {"exterior": [[672, 3], [665, 37], [664, 47], [668, 53], [701, 63], [712, 65], [759, 95], [794, 110], [811, 163], [835, 212], [836, 232], [840, 238], [851, 239], [865, 235], [881, 215], [880, 206], [876, 200], [864, 201], [868, 194], [838, 110], [819, 64], [786, 44], [791, 28], [791, 8], [794, 2], [674, 2], [672, 3]], "interior": []}, "classId": 1, "classTitle": "Officer"}, {"id": 66906257, "description": "", "geometryType": "polygon", "labelerLogin": "", "createdAt": "", "updatedAt": "", "tags": [], "points": {"exterior": [[239, 2], [237, 6], [237, 10], [238, 13], [237, 18], [241, 21], [242, 23], [246, 26], [246, 30], [283, 94], [286, 87], [287, 76], [292, 58], [292, 37], [285, 21], [271, 13], [271, 6], [269, 2], [239, 2]], "interior": []}, "classId": 1, "classTitle": "Officer"}, {"id": 17976560, "description": "", "geometryType": "polygon", "labelerLogin": "", "createdAt": "", "updatedAt": "", "tags": [], "points": {"exterior": [[969, 52], [959, 49], [952, 52], [947, 58], [946, 62], [946, 72], [943, 76], [939, 79], [925, 87], [916, 92], [911, 111], [909, 137], [911, 150], [916, 171], [906, 208], [907, 247], [905, 278], [901, 290], [901, 300], [904, 302], [914, 304], [934, 305], [936, 309], [947, 314], [976, 317], [977, 316], [977, 301], [967, 290], [962, 281], [961, 240], [963, 190], [960, 165], [963, 125], [967, 103], [965, 92], [970, 90], [974, 87], [976, 83], [977, 80], [977, 66], [977, 60], [975, 55], [969, 52]], "interior": []}, "classId": 2, "classTitle": "Civilian"}, {"id": 71026721, "description": "", "geometryType": "polygon", "labelerLogin": "", "createdAt": "", "updatedAt": "", "tags": [], "points": {"exterior": [[523, 76], [516, 77], [513, 81], [512, 84], [511, 87], [514, 93], [514, 96], [516, 101], [511, 107], [509, 113], [511, 132], [526, 102], [535, 96], [538, 87], [531, 80], [527, 77], [523, 76]], "interior": []}, "classId": 2, "classTitle": "Civilian"}, {"id": 70265163, "description": "", "geometryType": "polygon", "labelerLogin": "", "createdAt": "", "updatedAt": "", "tags": [], "points": {"exterior": [[461, 79], [455, 81], [454, 84], [454, 89], [454, 92], [457, 97], [452, 101], [449, 108], [451, 146], [451, 153], [451, 169], [447, 189], [449, 197], [452, 197], [457, 194], [458, 188], [458, 186], [464, 170], [469, 186], [470, 193], [472, 196], [476, 111], [475, 94], [470, 84], [467, 81], [461, 79]], "interior": []}, "classId": 2, "classTitle": "Civilian"}, {"id": 41773431, "description": "", "geometryType": "polygon", "labelerLogin": "", "createdAt": "", "updatedAt": "", "tags": [], "points": {"exterior": [[348, 65], [343, 66], [342, 70], [341, 73], [340, 79], [343, 83], [340, 87], [337, 96], [352, 101], [357, 103], [361, 104], [364, 95], [364, 85], [360, 82], [357, 81], [358, 74], [356, 68], [348, 65]], "interior": []}, "classId": 2, "classTitle": "Civilian"}, {"id": 35175465, "description": "", "geometryType": "polygon", "labelerLogin": "", "createdAt": "", "updatedAt": "", "tags": [], "points": {"exterior": [[327, 70], [323, 71], [319, 74], [318, 77], [321, 84], [321, 87], [316, 94], [338, 97], [342, 86], [336, 83], [338, 76], [333, 71], [327, 70]], "interior": []}, "classId": 2, "classTitle": "Civilian"}]}