{"tags": [], "size": {"height": 494, "width": 640}, "objects": [{"id": 47370852, "description": "", "geometryType": "polygon", "labelerLogin": "", "createdAt": "", "updatedAt": "", "tags": [], "points": {"exterior": [[341, 264], [337, 406], [337, 430], [349, 444], [360, 449], [375, 451], [393, 449], [406, 443], [412, 433], [427, 235], [433, 231], [440, 121], [444, 121], [449, 113], [447, 110], [441, 107], [439, 105], [431, 105], [419, 100], [391, 102], [389, 103], [371, 103], [366, 106], [364, 109], [352, 110], [352, 117], [346, 120], [344, 123], [340, 227], [343, 230], [342, 260], [341, 264]], "interior": []}, "classId": 5, "classTitle": "Pepper Spray"}, {"id": 85039059, "description": "", "geometryType": "polygon", "labelerLogin": "", "createdAt": "", "updatedAt": "", "tags": [], "points": {"exterior": [[283, 412], [283, 431], [276, 441], [268, 447], [256, 451], [253, 452], [234, 452], [228, 450], [218, 446], [210, 437], [208, 431], [195, 235], [190, 229], [185, 119], [190, 115], [190, 105], [198, 102], [201, 102], [211, 104], [211, 105], [219, 103], [224, 102], [237, 101], [254, 106], [267, 108], [292, 112], [290, 130], [287, 136], [280, 136], [283, 225], [279, 234], [283, 412]], "interior": []}, "classId": 5, "classTitle": "Pepper Spray"}]}