{"tags": [], "size": {"height": 1500, "width": 1500}, "objects": [{"id": 85082095, "description": "", "geometryType": "polygon", "labelerLogin": "", "createdAt": "", "updatedAt": "", "tags": [], "points": {"exterior": [[741, 1440], [708, 1296], [773, 1255], [792, 787], [736, 722], [727, 671], [773, 602], [787, 463], [690, 384], [685, 315], [722, 315], [727, 60], [1074, 2], [1171, 93], [1167, 1315], [1185, 1366], [1185, 1440], [1069, 1454], [1042, 1486], [968, 1491], [963, 1458], [741, 1440]], "interior": []}, "classId": 5, "classTitle": "Pepper Spray"}]}