{"tags": [], "size": {"height": 300, "width": 300}, "objects": [{"id": 53583416, "description": "", "geometryType": "polygon", "labelerLogin": "", "createdAt": "", "updatedAt": "", "tags": [], "points": {"exterior": [[106, 283], [103, 260], [116, 253], [117, 231], [144, 214], [147, 201], [158, 190], [160, 175], [153, 165], [155, 153], [153, 141], [149, 138], [146, 134], [147, 114], [97, 95], [97, 88], [105, 47], [139, 21], [154, 2], [152, 29], [171, 36], [179, 50], [179, 66], [178, 82], [175, 96], [177, 262], [183, 267], [181, 283], [140, 285], [106, 283]], "interior": []}, "classId": 5, "classTitle": "Pepper Spray"}]}