{"tags": [], "size": {"height": 400, "width": 700}, "objects": [{"id": 37271864, "description": "", "geometryType": "polygon", "labelerLogin": "", "createdAt": "", "updatedAt": "", "tags": [], "points": {"exterior": [[669, 228], [667, 219], [661, 210], [670, 190], [673, 183], [677, 181], [681, 184], [683, 190], [686, 191], [690, 218], [681, 227], [678, 238], [669, 228]], "interior": []}, "classId": 2, "classTitle": "Civilian"}, {"id": 42370287, "description": "", "geometryType": "polygon", "labelerLogin": "", "createdAt": "", "updatedAt": "", "tags": [], "points": {"exterior": [[383, 398], [388, 295], [409, 278], [402, 262], [391, 246], [403, 227], [422, 204], [396, 181], [391, 141], [399, 119], [398, 79], [414, 48], [441, 36], [494, 28], [529, 48], [545, 78], [548, 111], [529, 158], [543, 162], [585, 162], [613, 162], [627, 179], [627, 204], [660, 216], [683, 243], [694, 286], [693, 338], [685, 374], [681, 395], [383, 398]], "interior": []}, "classId": 2, "classTitle": "Civilian"}, {"id": 84017851, "description": "", "geometryType": "polygon", "labelerLogin": "", "createdAt": "", "updatedAt": "", "tags": [], "points": {"exterior": [[131, 398], [131, 381], [149, 358], [178, 321], [201, 274], [220, 252], [243, 244], [259, 157], [273, 136], [298, 130], [323, 127], [348, 140], [360, 168], [365, 205], [369, 232], [385, 251], [409, 269], [390, 300], [381, 365], [375, 396], [131, 398]], "interior": []}, "classId": 2, "classTitle": "Civilian"}]}