{"tags": [], "size": {"height": 432, "width": 768}, "objects": [{"id": 43896747, "description": "", "geometryType": "polygon", "labelerLogin": "", "createdAt": "", "updatedAt": "", "tags": [], "points": {"exterior": [[159, 197], [165, 216], [155, 231], [128, 244], [89, 266], [74, 288], [66, 340], [59, 410], [60, 430], [431, 430], [427, 312], [416, 257], [376, 225], [331, 212], [331, 159], [328, 124], [309, 88], [268, 72], [231, 75], [195, 86], [181, 109], [172, 129], [164, 150], [159, 197]], "interior": []}, "classId": 2, "classTitle": "Civilian"}]}