{"tags": [], "size": {"height": 257, "width": 450}, "objects": [{"id": 71345596, "description": "", "geometryType": "polygon", "labelerLogin": "", "createdAt": "", "updatedAt": "", "tags": [], "points": {"exterior": [[211, 141], [184, 99], [199, 95], [226, 135], [211, 141]], "interior": []}, "classId": 5, "classTitle": "Pepper Spray"}, {"id": 94304585, "description": "", "geometryType": "polygon", "labelerLogin": "", "createdAt": "", "updatedAt": "", "tags": [], "points": {"exterior": [[26, 144], [35, 104], [69, 98], [113, 114], [123, 85], [137, 121], [192, 133], [247, 147], [305, 196], [340, 201], [335, 218], [309, 230], [322, 253], [313, 253], [299, 231], [281, 237], [257, 211], [231, 198], [225, 188], [177, 184], [157, 182], [148, 213], [166, 253], [4, 252], [7, 222], [4, 185], [13, 161], [26, 144]], "interior": []}, "classId": 2, "classTitle": "Civilian"}, {"id": 89670768, "description": "", "geometryType": "polygon", "labelerLogin": "", "createdAt": "", "updatedAt": "", "tags": [], "points": {"exterior": [[234, 110], [306, 78], [343, 72], [399, 50], [399, 38], [405, 21], [408, 2], [448, 2], [448, 254], [421, 255], [426, 241], [409, 242], [399, 223], [422, 208], [409, 172], [398, 145], [398, 114], [379, 98], [353, 110], [344, 105], [316, 107], [282, 121], [236, 129], [196, 129], [193, 120], [200, 117], [193, 97], [205, 90], [234, 110]], "interior": []}, "classId": 2, "classTitle": "Civilian"}, {"id": 86689462, "description": "", "geometryType": "polygon", "labelerLogin": "", "createdAt": "", "updatedAt": "", "tags": [], "points": {"exterior": [[231, 5], [239, 146], [264, 161], [278, 81], [298, 73], [290, 26], [283, 20], [289, 2], [231, 5]], "interior": []}, "classId": 2, "classTitle": "Civilian"}, {"id": 11836520, "description": "", "geometryType": "polygon", "labelerLogin": "", "createdAt": "", "updatedAt": "", "tags": [], "points": {"exterior": [[122, 4], [109, 22], [127, 44], [132, 75], [139, 121], [173, 128], [172, 92], [198, 86], [183, 43], [199, 26], [191, 3], [122, 4]], "interior": []}, "classId": 2, "classTitle": "Civilian"}]}