{"tags": [], "size": {"height": 1000, "width": 1000}, "objects": [{"id": 38444972, "description": "", "geometryType": "polygon", "labelerLogin": "", "createdAt": "", "updatedAt": "", "tags": [], "points": {"exterior": [[244, 994], [247, 963], [259, 944], [210, 772], [244, 731], [247, 679], [219, 636], [219, 534], [198, 478], [201, 321], [231, 241], [352, 154], [457, 117], [568, 111], [830, 265], [830, 614], [731, 701], [713, 997], [244, 994]], "interior": []}, "classId": 5, "classTitle": "Pepper Spray"}]}