{"tags": [], "size": {"height": 1600, "width": 1600}, "objects": [{"id": 15342795, "description": "", "geometryType": "polygon", "labelerLogin": "", "createdAt": "", "updatedAt": "", "tags": [], "points": {"exterior": [[375, 1575], [237, 1598], [84, 1585], [79, 449], [104, 267], [380, 272], [385, 479], [375, 1575]], "interior": []}, "classId": 5, "classTitle": "Pepper Spray"}, {"id": 90774893, "description": "", "geometryType": "polygon", "labelerLogin": "", "createdAt": "", "updatedAt": "", "tags": [], "points": {"exterior": [[637, 1442], [642, 148], [963, 138], [953, 1442], [859, 1462], [672, 1457], [637, 1442]], "interior": []}, "classId": 5, "classTitle": "Pepper Spray"}, {"id": 67438274, "description": "", "geometryType": "polygon", "labelerLogin": "", "createdAt": "", "updatedAt": "", "tags": [], "points": {"exterior": [[1185, 1323], [1190, 99], [1215, 30], [1338, 2], [1491, 15], [1506, 217], [1501, 1319], [1363, 1338], [1215, 1328], [1185, 1323]], "interior": []}, "classId": 5, "classTitle": "Pepper Spray"}]}