{"tags": [], "size": {"height": 187, "width": 280}, "objects": [{"id": 11745563, "description": "", "geometryType": "polygon", "labelerLogin": "", "createdAt": "", "updatedAt": "", "tags": [], "points": {"exterior": [[9, 45], [20, 35], [37, 37], [40, 45], [42, 51], [37, 56], [45, 56], [47, 67], [51, 73], [50, 83], [55, 93], [55, 104], [58, 109], [51, 123], [46, 123], [47, 117], [50, 113], [44, 112], [39, 119], [37, 130], [33, 139], [29, 151], [30, 159], [29, 166], [23, 169], [15, 177], [10, 183], [3, 181], [2, 177], [2, 135], [2, 91], [2, 73], [11, 72], [15, 66], [14, 59], [13, 52], [9, 45]], "interior": []}, "classId": 1, "classTitle": "Officer"}, {"id": 10943756, "description": "", "geometryType": "polygon", "labelerLogin": "", "createdAt": "", "updatedAt": "", "tags": [], "points": {"exterior": [[69, 45], [83, 41], [94, 50], [99, 61], [95, 68], [105, 71], [107, 81], [106, 93], [99, 92], [107, 100], [108, 114], [103, 140], [99, 152], [90, 160], [89, 171], [84, 179], [82, 185], [71, 185], [65, 180], [66, 174], [57, 172], [60, 164], [64, 154], [58, 135], [61, 119], [61, 104], [58, 96], [58, 88], [58, 80], [67, 76], [72, 71], [72, 63], [73, 54], [67, 50], [69, 45]], "interior": []}, "classId": 1, "classTitle": "Officer"}, {"id": 62093884, "description": "", "geometryType": "polygon", "labelerLogin": "", "createdAt": "", "updatedAt": "", "tags": [], "points": {"exterior": [[132, 37], [139, 32], [146, 30], [152, 34], [157, 39], [160, 46], [158, 58], [161, 66], [170, 67], [177, 74], [182, 79], [177, 97], [176, 103], [179, 111], [183, 123], [185, 135], [185, 146], [181, 157], [171, 161], [166, 165], [165, 175], [164, 183], [163, 185], [146, 185], [115, 185], [120, 178], [122, 173], [121, 162], [115, 141], [113, 117], [116, 97], [117, 85], [121, 76], [126, 69], [124, 55], [129, 49], [130, 42], [132, 37]], "interior": []}, "classId": 1, "classTitle": "Officer"}, {"id": 30463243, "description": "", "geometryType": "polygon", "labelerLogin": "", "createdAt": "", "updatedAt": "", "tags": [], "points": {"exterior": [[205, 37], [210, 34], [217, 30], [224, 35], [231, 40], [235, 47], [236, 38], [246, 46], [249, 56], [248, 66], [252, 72], [262, 74], [267, 81], [265, 97], [265, 147], [266, 163], [253, 164], [258, 177], [258, 185], [256, 185], [236, 185], [233, 167], [227, 164], [225, 177], [224, 185], [205, 185], [208, 175], [201, 169], [193, 163], [198, 157], [194, 114], [193, 103], [180, 100], [180, 86], [186, 79], [198, 68], [203, 62], [200, 51], [198, 41], [205, 37]], "interior": []}, "classId": 1, "classTitle": "Officer"}, {"id": 28679156, "description": "", "geometryType": "polygon", "labelerLogin": "", "createdAt": "", "updatedAt": "", "tags": [], "points": {"exterior": [[2, 30], [43, 32], [56, 96], [51, 162], [2, 165], [2, 86], [2, 30]], "interior": []}, "classId": 3, "classTitle": "Riot Shield"}, {"id": 37539358, "description": "", "geometryType": "polygon", "labelerLogin": "", "createdAt": "", "updatedAt": "", "tags": [], "points": {"exterior": [[61, 34], [107, 31], [110, 117], [103, 161], [54, 159], [57, 79], [58, 34], [61, 34]], "interior": []}, "classId": 3, "classTitle": "Riot Shield"}, {"id": 22240350, "description": "", "geometryType": "polygon", "labelerLogin": "", "createdAt": "", "updatedAt": "", "tags": [], "points": {"exterior": [[107, 28], [128, 22], [170, 22], [175, 27], [179, 103], [185, 159], [111, 161], [111, 89], [107, 28]], "interior": []}, "classId": 3, "classTitle": "Riot Shield"}, {"id": 38736477, "description": "", "geometryType": "polygon", "labelerLogin": "", "createdAt": "", "updatedAt": "", "tags": [], "points": {"exterior": [[198, 16], [222, 11], [268, 18], [267, 84], [266, 138], [267, 164], [197, 158], [196, 91], [196, 47], [194, 17], [198, 16]], "interior": []}, "classId": 3, "classTitle": "Riot Shield"}]}