{"tags": [], "size": {"height": 750, "width": 1000}, "objects": [{"id": 70750982, "description": "", "geometryType": "polygon", "labelerLogin": "", "createdAt": "", "updatedAt": "", "tags": [], "points": {"exterior": [[628, 294], [581, 648], [581, 658], [311, 665], [290, 637], [353, 113], [651, 121], [628, 294]], "interior": []}, "classId": 3, "classTitle": "Riot Shield"}, {"id": 92665571, "description": "", "geometryType": "polygon", "labelerLogin": "", "createdAt": "", "updatedAt": "", "tags": [], "points": {"exterior": [[847, 245], [866, 482], [677, 498], [659, 172], [836, 145], [847, 245]], "interior": []}, "classId": 3, "classTitle": "Riot Shield"}]}