{"tags": [], "size": {"height": 408, "width": 612}, "objects": [{"id": 87696449, "description": "", "geometryType": "polygon", "labelerLogin": "", "createdAt": "", "updatedAt": "", "tags": [], "points": {"exterior": [[418, 196], [420, 406], [371, 406], [357, 390], [349, 106], [355, 93], [412, 85], [418, 196]], "interior": []}, "classId": 3, "classTitle": "Riot Shield"}, {"id": 12976186, "description": "", "geometryType": "polygon", "labelerLogin": "", "createdAt": "", "updatedAt": "", "tags": [], "points": {"exterior": [[300, 145], [309, 406], [262, 406], [247, 392], [241, 339], [234, 88], [247, 69], [275, 63], [299, 68], [300, 145]], "interior": []}, "classId": 3, "classTitle": "Riot Shield"}, {"id": 53552382, "description": "", "geometryType": "polygon", "labelerLogin": "", "createdAt": "", "updatedAt": "", "tags": [], "points": {"exterior": [[190, 137], [182, 404], [105, 406], [117, 205], [128, 94], [143, 74], [190, 72], [190, 137]], "interior": []}, "classId": 3, "classTitle": "Riot Shield"}, {"id": 87580785, "description": "", "geometryType": "polygon", "labelerLogin": "", "createdAt": "", "updatedAt": "", "tags": [], "points": {"exterior": [[74, 104], [84, 243], [88, 406], [2, 406], [2, 13], [61, 16], [74, 104]], "interior": []}, "classId": 3, "classTitle": "Riot Shield"}]}