{"tags": [], "size": {"height": 158, "width": 220}, "objects": [{"id": 90547914, "description": "", "geometryType": "polygon", "labelerLogin": "", "createdAt": "", "updatedAt": "", "tags": [], "points": {"exterior": [[162, 35], [162, 29], [164, 26], [167, 24], [174, 23], [177, 27], [181, 28], [179, 34], [178, 37], [177, 42], [181, 49], [187, 64], [188, 74], [185, 79], [183, 88], [181, 101], [183, 107], [184, 113], [181, 118], [185, 142], [190, 143], [201, 145], [203, 146], [201, 148], [185, 149], [178, 148], [181, 152], [176, 154], [168, 152], [166, 145], [165, 134], [163, 120], [160, 115], [160, 109], [157, 97], [157, 88], [151, 70], [153, 53], [156, 47], [162, 42], [162, 35]], "interior": []}, "classId": 1, "classTitle": "Officer"}, {"id": 96599854, "description": "", "geometryType": "polygon", "labelerLogin": "", "createdAt": "", "updatedAt": "", "tags": [], "points": {"exterior": [[194, 72], [199, 75], [201, 84], [201, 96], [200, 103], [196, 111], [190, 115], [184, 113], [183, 102], [183, 89], [187, 79], [190, 72], [194, 72]], "interior": []}, "classId": 3, "classTitle": "Riot Shield"}, {"id": 81572081, "description": "", "geometryType": "polygon", "labelerLogin": "", "createdAt": "", "updatedAt": "", "tags": [], "points": {"exterior": [[122, 43], [128, 40], [133, 40], [141, 43], [144, 52], [145, 62], [144, 70], [139, 76], [132, 78], [123, 75], [118, 69], [116, 61], [117, 51], [120, 45], [122, 43]], "interior": []}, "classId": 3, "classTitle": "Riot Shield"}, {"id": 86158732, "description": "", "geometryType": "polygon", "labelerLogin": "", "createdAt": "", "updatedAt": "", "tags": [], "points": {"exterior": [[85, 59], [85, 69], [87, 88], [89, 89], [89, 69], [87, 59], [85, 59]], "interior": []}, "classId": 3, "classTitle": "Riot Shield"}, {"id": 95473786, "description": "", "geometryType": "polygon", "labelerLogin": "", "createdAt": "", "updatedAt": "", "tags": [], "points": {"exterior": [[148, 66], [151, 70], [156, 91], [156, 98], [154, 100], [150, 102], [144, 99], [141, 88], [141, 75], [146, 67], [148, 66]], "interior": []}, "classId": 3, "classTitle": "Riot Shield"}, {"id": 29805706, "description": "", "geometryType": "polygon", "labelerLogin": "", "createdAt": "", "updatedAt": "", "tags": [], "points": {"exterior": [[202, 32], [206, 31], [210, 32], [210, 34], [213, 37], [211, 39], [211, 44], [212, 46], [218, 56], [218, 123], [217, 125], [209, 125], [203, 123], [201, 83], [199, 75], [191, 71], [190, 66], [194, 51], [200, 44], [197, 41], [199, 36], [202, 32]], "interior": []}, "classId": 2, "classTitle": "Civilian"}, {"id": 50477379, "description": "", "geometryType": "polygon", "labelerLogin": "", "createdAt": "", "updatedAt": "", "tags": [], "points": {"exterior": [[142, 41], [144, 37], [147, 34], [151, 34], [155, 35], [158, 41], [157, 44], [156, 49], [153, 58], [152, 69], [159, 102], [159, 109], [160, 116], [161, 123], [164, 129], [165, 132], [163, 133], [159, 133], [158, 134], [152, 135], [146, 134], [145, 119], [146, 104], [141, 97], [139, 82], [145, 56], [142, 45], [142, 42], [142, 41]], "interior": []}, "classId": 1, "classTitle": "Officer"}, {"id": 98647988, "description": "", "geometryType": "polygon", "labelerLogin": "", "createdAt": "", "updatedAt": "", "tags": [], "points": {"exterior": [[120, 39], [120, 34], [123, 32], [128, 30], [131, 31], [133, 34], [135, 36], [139, 37], [136, 38], [138, 41], [139, 85], [140, 93], [141, 97], [138, 103], [135, 111], [136, 130], [141, 133], [145, 136], [145, 138], [143, 138], [137, 137], [132, 137], [129, 132], [127, 110], [127, 87], [126, 77], [120, 41], [120, 39]], "interior": []}, "classId": 1, "classTitle": "Officer"}, {"id": 54966291, "description": "", "geometryType": "polygon", "labelerLogin": "", "createdAt": "", "updatedAt": "", "tags": [], "points": {"exterior": [[104, 34], [106, 32], [111, 32], [115, 33], [118, 41], [116, 45], [114, 47], [117, 50], [126, 76], [127, 86], [128, 89], [127, 92], [127, 106], [130, 132], [131, 135], [134, 139], [138, 141], [138, 143], [135, 144], [123, 142], [122, 134], [115, 107], [113, 101], [111, 114], [110, 118], [110, 135], [109, 142], [102, 145], [98, 145], [98, 143], [101, 138], [100, 128], [97, 111], [94, 99], [91, 91], [91, 75], [93, 62], [97, 54], [99, 51], [106, 48], [104, 46], [102, 41], [102, 36], [104, 34]], "interior": []}, "classId": 1, "classTitle": "Officer"}, {"id": 94997203, "description": "", "geometryType": "polygon", "labelerLogin": "", "createdAt": "", "updatedAt": "", "tags": [], "points": {"exterior": [[61, 32], [62, 28], [65, 25], [68, 24], [71, 24], [75, 27], [76, 35], [76, 40], [73, 44], [79, 47], [84, 57], [86, 63], [84, 68], [83, 72], [84, 82], [90, 93], [89, 97], [83, 106], [81, 124], [82, 141], [87, 144], [93, 146], [94, 147], [92, 148], [86, 149], [77, 147], [75, 147], [75, 153], [71, 153], [64, 151], [63, 139], [62, 120], [61, 112], [58, 107], [58, 93], [56, 97], [52, 97], [49, 91], [46, 74], [50, 52], [53, 47], [57, 47], [61, 43], [62, 41], [60, 36], [61, 32]], "interior": []}, "classId": 1, "classTitle": "Officer"}, {"id": 73981648, "description": "", "geometryType": "polygon", "labelerLogin": "", "createdAt": "", "updatedAt": "", "tags": [], "points": {"exterior": [[79, 40], [82, 32], [86, 30], [90, 31], [93, 34], [94, 39], [93, 42], [97, 44], [102, 51], [97, 55], [92, 65], [91, 82], [92, 99], [90, 106], [86, 116], [87, 135], [88, 140], [82, 139], [81, 125], [89, 64], [88, 59], [86, 58], [80, 48], [82, 47], [82, 46], [80, 44], [79, 40]], "interior": []}, "classId": 1, "classTitle": "Officer"}, {"id": 50510546, "description": "", "geometryType": "polygon", "labelerLogin": "", "createdAt": "", "updatedAt": "", "tags": [], "points": {"exterior": [[16, 44], [16, 37], [20, 33], [24, 32], [28, 34], [32, 40], [31, 43], [30, 48], [29, 50], [30, 53], [37, 56], [38, 64], [42, 83], [43, 103], [39, 109], [37, 118], [36, 134], [37, 138], [40, 141], [45, 142], [46, 145], [44, 146], [34, 146], [32, 146], [31, 147], [27, 148], [24, 147], [23, 134], [20, 116], [17, 111], [19, 99], [13, 99], [10, 96], [8, 93], [6, 79], [5, 70], [8, 61], [12, 55], [19, 51], [18, 47], [15, 49], [15, 47], [16, 44]], "interior": []}, "classId": 1, "classTitle": "Officer"}, {"id": 20456481, "description": "", "geometryType": "polygon", "labelerLogin": "", "createdAt": "", "updatedAt": "", "tags": [], "points": {"exterior": [[33, 52], [41, 46], [44, 43], [43, 40], [42, 33], [43, 29], [45, 27], [49, 27], [53, 28], [54, 32], [54, 36], [53, 41], [54, 44], [57, 46], [57, 48], [52, 48], [50, 54], [46, 74], [50, 93], [54, 100], [56, 110], [58, 120], [59, 139], [58, 141], [55, 143], [51, 141], [50, 136], [50, 131], [47, 113], [43, 105], [42, 102], [42, 84], [37, 56], [33, 54], [33, 52]], "interior": []}, "classId": 1, "classTitle": "Officer"}]}