{"tags": [], "size": {"height": 297, "width": 300}, "objects": [{"id": 62721776, "description": "", "geometryType": "polygon", "labelerLogin": "", "createdAt": "", "updatedAt": "", "tags": [], "points": {"exterior": [[126, 63], [134, 53], [150, 51], [217, 54], [225, 62], [203, 216], [197, 239], [185, 248], [166, 256], [128, 253], [118, 234], [126, 63]], "interior": []}, "classId": 3, "classTitle": "Riot Shield"}, {"id": 79524073, "description": "", "geometryType": "polygon", "labelerLogin": "", "createdAt": "", "updatedAt": "", "tags": [], "points": {"exterior": [[102, 159], [217, 135], [220, 134], [222, 141], [104, 166], [102, 165], [102, 159]], "interior": []}, "classId": 6, "classTitle": "Baton"}, {"id": 94475760, "description": "", "geometryType": "polygon", "labelerLogin": "", "createdAt": "", "updatedAt": "", "tags": [], "points": {"exterior": [[109, 286], [115, 273], [113, 269], [120, 251], [120, 220], [112, 194], [113, 171], [115, 152], [111, 113], [103, 146], [103, 167], [99, 183], [90, 186], [81, 173], [79, 158], [84, 146], [82, 121], [94, 93], [105, 71], [111, 64], [122, 58], [119, 36], [119, 22], [132, 11], [145, 8], [153, 9], [167, 18], [169, 33], [169, 57], [188, 73], [208, 110], [210, 123], [208, 157], [183, 174], [180, 218], [186, 267], [193, 287], [186, 293], [177, 285], [168, 272], [164, 262], [158, 209], [151, 201], [139, 226], [137, 266], [133, 276], [129, 285], [122, 292], [109, 286]], "interior": []}, "classId": 1, "classTitle": "Officer"}]}