{"tags": [], "size": {"height": 800, "width": 1200}, "objects": [{"id": 55020297, "description": "", "geometryType": "polygon", "labelerLogin": "", "createdAt": "", "updatedAt": "", "tags": [], "points": {"exterior": [[260, 199], [307, 675], [321, 798], [67, 798], [2, 168], [231, 166], [260, 173], [260, 199]], "interior": []}, "classId": 3, "classTitle": "Riot Shield"}, {"id": 73309871, "description": "", "geometryType": "polygon", "labelerLogin": "", "createdAt": "", "updatedAt": "", "tags": [], "points": {"exterior": [[756, 35], [793, 41], [832, 48], [1036, 35], [1044, 20], [1075, 18], [1097, 37], [1116, 65], [963, 798], [594, 798], [756, 35]], "interior": []}, "classId": 3, "classTitle": "Riot Shield"}, {"id": 59798313, "description": "", "geometryType": "polygon", "labelerLogin": "", "createdAt": "", "updatedAt": "", "tags": [], "points": {"exterior": [[985, 116], [1027, 96], [1077, 79], [1132, 81], [1167, 111], [1191, 159], [1198, 232], [1171, 291], [1177, 312], [1198, 321], [1198, 798], [884, 798], [808, 798], [909, 422], [935, 335], [955, 312], [963, 147], [985, 116]], "interior": []}, "classId": 1, "classTitle": "Officer"}, {"id": 62813730, "description": "", "geometryType": "polygon", "labelerLogin": "", "createdAt": "", "updatedAt": "", "tags": [], "points": {"exterior": [[880, 133], [908, 99], [939, 88], [968, 92], [1003, 98], [1010, 105], [995, 110], [966, 144], [963, 156], [956, 310], [937, 337], [819, 778], [813, 796], [675, 798], [664, 441], [699, 431], [795, 459], [817, 345], [919, 302], [933, 297], [907, 286], [895, 256], [889, 225], [882, 210], [882, 188], [872, 160], [880, 133]], "interior": []}, "classId": 1, "classTitle": "Officer"}, {"id": 46530775, "description": "", "geometryType": "polygon", "labelerLogin": "", "createdAt": "", "updatedAt": "", "tags": [], "points": {"exterior": [[559, 426], [653, 374], [660, 356], [762, 310], [841, 328], [933, 299], [948, 312], [906, 453], [852, 448], [745, 457], [660, 476], [646, 476], [579, 503], [572, 483], [625, 463], [635, 442], [673, 428], [668, 418], [579, 468], [561, 461], [555, 446], [559, 426]], "interior": []}, "classId": 4, "classTitle": "Gun"}, {"id": 32586866, "description": "", "geometryType": "polygon", "labelerLogin": "", "createdAt": "", "updatedAt": "", "tags": [], "points": {"exterior": [[329, 344], [437, 312], [450, 302], [459, 300], [468, 307], [472, 298], [481, 293], [488, 280], [514, 281], [527, 291], [532, 302], [525, 315], [548, 312], [560, 312], [598, 308], [629, 316], [591, 325], [593, 343], [623, 351], [620, 361], [547, 346], [525, 365], [504, 385], [484, 373], [491, 360], [461, 362], [423, 382], [407, 384], [357, 392], [352, 376], [399, 366], [407, 351], [343, 373], [330, 374], [323, 362], [321, 351], [329, 344]], "interior": []}, "classId": 4, "classTitle": "Gun"}, {"id": 47854771, "description": "", "geometryType": "polygon", "labelerLogin": "", "createdAt": "", "updatedAt": "", "tags": [], "points": {"exterior": [[605, 180], [625, 168], [652, 160], [676, 159], [703, 166], [721, 178], [594, 798], [563, 793], [572, 660], [570, 566], [550, 558], [548, 516], [541, 507], [495, 473], [479, 458], [480, 442], [459, 424], [418, 426], [402, 411], [394, 391], [405, 384], [437, 373], [419, 347], [428, 344], [450, 358], [472, 383], [538, 417], [540, 400], [533, 368], [554, 348], [595, 331], [635, 321], [622, 308], [610, 281], [609, 253], [604, 238], [591, 232], [590, 209], [576, 208], [573, 186], [599, 160], [608, 163], [600, 179], [605, 180]], "interior": []}, "classId": 1, "classTitle": "Officer"}, {"id": 44949207, "description": "", "geometryType": "polygon", "labelerLogin": "", "createdAt": "", "updatedAt": "", "tags": [], "points": {"exterior": [[219, 170], [245, 151], [263, 140], [288, 134], [323, 136], [354, 149], [370, 165], [382, 188], [381, 216], [378, 253], [399, 297], [399, 302], [401, 308], [422, 314], [482, 446], [484, 531], [484, 557], [469, 579], [448, 594], [410, 603], [402, 693], [437, 723], [454, 763], [461, 796], [461, 798], [176, 798], [192, 691], [181, 566], [181, 404], [230, 322], [221, 303], [198, 295], [186, 283], [219, 170]], "interior": []}, "classId": 1, "classTitle": "Officer"}, {"id": 45970940, "description": "", "geometryType": "polygon", "labelerLogin": "", "createdAt": "", "updatedAt": "", "tags": [], "points": {"exterior": [[147, 288], [149, 197], [161, 184], [180, 171], [201, 161], [227, 161], [186, 286], [205, 298], [220, 304], [227, 321], [189, 332], [122, 363], [104, 385], [110, 366], [139, 334], [171, 317], [167, 303], [147, 288]], "interior": []}, "classId": 1, "classTitle": "Officer"}, {"id": 94736742, "description": "", "geometryType": "polygon", "labelerLogin": "", "createdAt": "", "updatedAt": "", "tags": [], "points": {"exterior": [[41, 665], [2, 700], [2, 380], [26, 396], [69, 450], [93, 536], [85, 612], [61, 651], [41, 665]], "interior": []}, "classId": 3, "classTitle": "Riot Shield"}, {"id": 59539243, "description": "", "geometryType": "polygon", "labelerLogin": "", "createdAt": "", "updatedAt": "", "tags": [], "points": {"exterior": [[56, 249], [159, 302], [166, 313], [163, 335], [106, 383], [150, 429], [115, 500], [126, 612], [93, 754], [85, 778], [89, 798], [2, 798], [2, 182], [25, 223], [56, 249]], "interior": []}, "classId": 1, "classTitle": "Officer"}, {"id": 89753045, "description": "", "geometryType": "polygon", "labelerLogin": "", "createdAt": "", "updatedAt": "", "tags": [], "points": {"exterior": [[105, 146], [108, 138], [115, 133], [124, 132], [131, 133], [135, 137], [138, 144], [141, 154], [140, 179], [154, 187], [151, 202], [148, 293], [85, 262], [72, 241], [74, 216], [83, 195], [98, 182], [108, 176], [99, 163], [100, 156], [105, 146]], "interior": []}, "classId": 1, "classTitle": "Officer"}, {"id": 39222093, "description": "", "geometryType": "polygon", "labelerLogin": "", "createdAt": "", "updatedAt": "", "tags": [], "points": {"exterior": [[387, 180], [397, 172], [406, 172], [414, 177], [419, 186], [420, 193], [418, 202], [415, 208], [425, 209], [434, 263], [424, 269], [413, 295], [406, 302], [399, 302], [380, 253], [380, 212], [386, 211], [386, 204], [380, 198], [382, 183], [387, 180]], "interior": []}, "classId": 1, "classTitle": "Officer"}, {"id": 67532673, "description": "", "geometryType": "polygon", "labelerLogin": "", "createdAt": "", "updatedAt": "", "tags": [], "points": {"exterior": [[557, 215], [561, 206], [567, 200], [575, 199], [578, 208], [590, 210], [592, 231], [603, 238], [602, 240], [594, 239], [583, 251], [559, 276], [557, 292], [542, 292], [530, 289], [533, 272], [537, 263], [533, 257], [548, 238], [557, 237], [564, 233], [564, 228], [557, 225], [557, 215]], "interior": []}, "classId": 1, "classTitle": "Officer"}]}