{"tags": [], "size": {"height": 850, "width": 1332}, "objects": [{"id": 84379262, "description": "", "geometryType": "polygon", "labelerLogin": "", "createdAt": "", "updatedAt": "", "tags": [], "points": {"exterior": [[344, 99], [349, 91], [362, 71], [377, 57], [389, 51], [412, 49], [436, 55], [456, 67], [465, 77], [469, 90], [472, 130], [481, 140], [468, 137], [464, 152], [457, 169], [452, 168], [447, 170], [436, 185], [430, 189], [432, 193], [431, 201], [426, 203], [421, 204], [421, 208], [422, 213], [417, 222], [417, 228], [422, 226], [425, 226], [430, 232], [433, 234], [444, 241], [452, 245], [457, 248], [464, 256], [465, 260], [468, 260], [473, 264], [477, 265], [482, 273], [486, 280], [486, 287], [506, 308], [506, 320], [515, 336], [527, 364], [491, 325], [472, 301], [451, 280], [433, 276], [421, 297], [408, 324], [373, 381], [342, 424], [314, 461], [309, 494], [319, 522], [383, 603], [416, 635], [440, 771], [411, 739], [386, 660], [346, 678], [314, 742], [323, 830], [286, 678], [268, 577], [296, 545], [275, 524], [217, 574], [189, 581], [171, 531], [126, 393], [168, 362], [189, 312], [228, 247], [253, 213], [296, 192], [311, 192], [330, 181], [353, 179], [355, 153], [350, 139], [342, 135], [336, 136], [328, 134], [332, 109], [327, 102], [344, 99]], "interior": []}, "classId": 3, "classTitle": "Riot Shield"}, {"id": 58177526, "description": "", "geometryType": "polygon", "labelerLogin": "", "createdAt": "", "updatedAt": "", "tags": [], "points": {"exterior": [[183, 617], [171, 549], [234, 554], [275, 524], [294, 543], [271, 577], [314, 848], [281, 848], [251, 724], [252, 707], [245, 676], [235, 638], [227, 631], [226, 610], [214, 611], [213, 615], [196, 616], [201, 620], [195, 627], [186, 625], [183, 617]], "interior": []}, "classId": 4, "classTitle": "Gun"}, {"id": 59223117, "description": "", "geometryType": "polygon", "labelerLogin": "", "createdAt": "", "updatedAt": "", "tags": [], "points": {"exterior": [[687, 581], [655, 538], [606, 477], [560, 416], [529, 375], [492, 323], [456, 285], [434, 276], [377, 384], [318, 459], [314, 507], [407, 620], [561, 784], [610, 755], [667, 678], [692, 628], [687, 581]], "interior": []}, "classId": 3, "classTitle": "Riot Shield"}, {"id": 67278503, "description": "", "geometryType": "polygon", "labelerLogin": "", "createdAt": "", "updatedAt": "", "tags": [], "points": {"exterior": [[601, 367], [603, 337], [616, 324], [625, 312], [638, 309], [655, 313], [664, 324], [672, 334], [681, 344], [684, 353], [682, 358], [675, 355], [677, 371], [684, 368], [696, 362], [707, 369], [715, 370], [733, 400], [734, 412], [722, 421], [721, 443], [735, 469], [720, 455], [721, 474], [732, 497], [725, 494], [717, 485], [713, 491], [717, 495], [712, 509], [701, 522], [712, 542], [724, 565], [753, 590], [769, 640], [769, 653], [780, 689], [775, 724], [755, 735], [728, 721], [715, 683], [685, 656], [694, 626], [690, 583], [588, 450], [571, 428], [579, 412], [589, 400], [599, 397], [614, 389], [621, 383], [621, 377], [611, 375], [601, 367]], "interior": []}, "classId": 1, "classTitle": "Officer"}, {"id": 72478623, "description": "", "geometryType": "polygon", "labelerLogin": "", "createdAt": "", "updatedAt": "", "tags": [], "points": {"exterior": [[540, 386], [545, 379], [550, 371], [557, 365], [560, 367], [568, 362], [560, 358], [564, 356], [570, 355], [577, 358], [583, 357], [584, 360], [582, 368], [577, 374], [581, 379], [577, 385], [570, 389], [566, 390], [562, 396], [561, 417], [540, 386]], "interior": []}, "classId": 1, "classTitle": "Officer"}, {"id": 30487073, "description": "", "geometryType": "polygon", "labelerLogin": "", "createdAt": "", "updatedAt": "", "tags": [], "points": {"exterior": [[577, 372], [580, 368], [612, 389], [603, 393], [581, 381], [581, 378], [577, 374], [577, 372]], "interior": []}, "classId": 6, "classTitle": "Baton"}, {"id": 56130409, "description": "", "geometryType": "polygon", "labelerLogin": "", "createdAt": "", "updatedAt": "", "tags": [], "points": {"exterior": [[681, 299], [680, 282], [686, 272], [727, 247], [730, 255], [754, 301], [799, 386], [822, 428], [862, 507], [855, 527], [834, 546], [814, 542], [762, 461], [735, 412], [733, 396], [715, 362], [681, 299]], "interior": []}, "classId": 3, "classTitle": "Riot Shield"}, {"id": 23965726, "description": "", "geometryType": "polygon", "labelerLogin": "", "createdAt": "", "updatedAt": "", "tags": [], "points": {"exterior": [[762, 47], [762, 4], [852, 2], [959, 4], [1077, 4], [1117, 43], [1153, 108], [1170, 151], [1196, 186], [1264, 208], [1321, 226], [1330, 305], [1325, 848], [913, 848], [902, 832], [1031, 778], [1070, 739], [1016, 617], [959, 434], [945, 305], [970, 283], [956, 251], [913, 316], [830, 237], [791, 154], [776, 111], [762, 79], [762, 47]], "interior": []}, "classId": 1, "classTitle": "Officer"}, {"id": 90223658, "description": "", "geometryType": "polygon", "labelerLogin": "", "createdAt": "", "updatedAt": "", "tags": [], "points": {"exterior": [[56, 408], [67, 330], [75, 311], [97, 295], [121, 286], [151, 278], [166, 280], [170, 289], [170, 356], [168, 363], [129, 395], [130, 399], [73, 418], [56, 408]], "interior": []}, "classId": 3, "classTitle": "Riot Shield"}, {"id": 88959961, "description": "", "geometryType": "polygon", "labelerLogin": "", "createdAt": "", "updatedAt": "", "tags": [], "points": {"exterior": [[176, 599], [126, 627], [108, 622], [92, 620], [81, 635], [81, 644], [86, 653], [93, 661], [100, 672], [115, 669], [130, 663], [140, 656], [157, 648], [185, 638], [188, 627], [180, 614], [181, 601], [176, 599]], "interior": []}, "classId": 1, "classTitle": "Officer"}, {"id": 58002346, "description": "", "geometryType": "polygon", "labelerLogin": "", "createdAt": "", "updatedAt": "", "tags": [], "points": {"exterior": [[81, 634], [37, 606], [2, 579], [17, 576], [56, 601], [88, 626], [81, 634]], "interior": []}, "classId": 6, "classTitle": "Baton"}]}