{"tags": [], "size": {"height": 1170, "width": 1560}, "objects": [{"id": 43138965, "description": "", "geometryType": "polygon", "labelerLogin": "", "createdAt": "", "updatedAt": "", "tags": [], "points": {"exterior": [[35, 605], [112, 657], [191, 732], [270, 831], [311, 944], [308, 1025], [279, 1086], [223, 1143], [159, 1168], [2, 1168], [2, 594], [2, 576], [35, 605]], "interior": []}, "classId": 3, "classTitle": "Riot Shield"}, {"id": 39357802, "description": "", "geometryType": "polygon", "labelerLogin": "", "createdAt": "", "updatedAt": "", "tags": [], "points": {"exterior": [[974, 894], [1067, 926], [1170, 994], [1222, 1068], [1254, 1138], [1254, 1168], [706, 1168], [669, 1134], [649, 1048], [665, 978], [692, 931], [753, 892], [814, 876], [902, 879], [974, 894]], "interior": []}, "classId": 3, "classTitle": "Riot Shield"}, {"id": 16716531, "description": "", "geometryType": "polygon", "labelerLogin": "", "createdAt": "", "updatedAt": "", "tags": [], "points": {"exterior": [[1410, 723], [1373, 1168], [1558, 1168], [1558, 662], [1509, 657], [1461, 673], [1423, 709], [1410, 723]], "interior": []}, "classId": 3, "classTitle": "Riot Shield"}, {"id": 53574057, "description": "", "geometryType": "polygon", "labelerLogin": "", "createdAt": "", "updatedAt": "", "tags": [], "points": {"exterior": [[633, 522], [638, 449], [681, 300], [690, 253], [746, 217], [789, 215], [809, 176], [834, 158], [818, 99], [798, 79], [814, 2], [1037, 2], [1051, 56], [1046, 95], [1019, 97], [1006, 131], [983, 178], [1024, 185], [1024, 212], [1118, 235], [1146, 260], [1143, 287], [1137, 305], [1153, 354], [1195, 505], [1215, 586], [1231, 621], [1216, 657], [1186, 671], [1147, 719], [1134, 720], [1093, 757], [1143, 770], [1188, 795], [1234, 890], [1231, 940], [1254, 949], [1245, 973], [1220, 976], [1193, 1012], [1186, 1019], [1168, 993], [1085, 934], [1027, 911], [928, 883], [858, 877], [813, 880], [753, 892], [694, 931], [680, 951], [676, 919], [683, 899], [692, 898], [698, 806], [712, 774], [692, 751], [695, 716], [680, 706], [658, 700], [640, 686], [628, 657], [628, 632], [634, 622], [628, 580], [629, 561], [640, 550], [633, 522]], "interior": []}, "classId": 1, "classTitle": "Officer"}, {"id": 24790868, "description": "", "geometryType": "polygon", "labelerLogin": "", "createdAt": "", "updatedAt": "", "tags": [], "points": {"exterior": [[261, 36], [290, 63], [382, 102], [408, 134], [414, 164], [408, 177], [430, 207], [451, 242], [491, 325], [505, 340], [512, 360], [518, 364], [533, 407], [595, 547], [581, 608], [575, 632], [532, 645], [498, 675], [479, 705], [492, 718], [495, 760], [535, 778], [550, 807], [561, 837], [569, 861], [576, 913], [566, 940], [569, 957], [576, 982], [568, 1005], [536, 1021], [523, 1071], [489, 1084], [435, 1084], [437, 1143], [421, 1168], [180, 1168], [234, 1134], [277, 1102], [306, 1032], [313, 946], [279, 840], [205, 743], [128, 664], [2, 578], [2, 2], [166, 2], [182, 7], [220, 11], [261, 36]], "interior": []}, "classId": 1, "classTitle": "Officer"}, {"id": 30059542, "description": "", "geometryType": "polygon", "labelerLogin": "", "createdAt": "", "updatedAt": "", "tags": [], "points": {"exterior": [[1236, 463], [1267, 366], [1301, 325], [1290, 312], [1322, 289], [1396, 262], [1419, 230], [1464, 217], [1437, 206], [1443, 115], [1443, 61], [1489, 2], [1558, 2], [1558, 1168], [1254, 1168], [1254, 1116], [1258, 1104], [1247, 1059], [1236, 1034], [1256, 933], [1267, 885], [1277, 815], [1290, 767], [1273, 741], [1280, 676], [1275, 650], [1278, 633], [1248, 618], [1240, 591], [1236, 561], [1236, 531], [1225, 524], [1231, 474], [1236, 463]], "interior": []}, "classId": 1, "classTitle": "Officer"}]}