{"tags": [], "size": {"height": 550, "width": 550}, "objects": [{"id": 28118824, "description": "", "geometryType": "polygon", "labelerLogin": "", "createdAt": "", "updatedAt": "", "tags": [], "points": {"exterior": [[148, 8], [150, 81], [154, 141], [126, 165], [142, 183], [158, 151], [162, 250], [166, 357], [172, 435], [180, 512], [186, 548], [273, 548], [309, 540], [357, 534], [408, 532], [440, 530], [462, 490], [448, 395], [440, 314], [432, 242], [426, 161], [422, 111], [420, 64], [406, 30], [381, 18], [333, 24], [285, 20], [236, 16], [182, 2], [154, 2], [148, 8]], "interior": []}, "classId": 3, "classTitle": "Riot Shield"}]}