{"tags": [], "size": {"height": 320, "width": 291}, "objects": [{"id": 54204095, "description": "", "geometryType": "polygon", "labelerLogin": "", "createdAt": "", "updatedAt": "", "tags": [], "points": {"exterior": [[140, 10], [106, 14], [71, 26], [52, 39], [37, 50], [19, 76], [10, 100], [5, 127], [6, 161], [12, 195], [32, 241], [54, 276], [83, 299], [119, 313], [147, 316], [182, 313], [221, 296], [247, 272], [273, 229], [281, 207], [286, 171], [288, 147], [285, 116], [275, 84], [262, 62], [242, 41], [223, 28], [193, 15], [167, 10], [142, 10], [140, 10]], "interior": []}, "classId": 3, "classTitle": "Riot Shield"}]}