{"tags": [], "size": {"height": 800, "width": 800}, "objects": [{"id": 89321746, "description": "", "geometryType": "polygon", "labelerLogin": "", "createdAt": "", "updatedAt": "", "tags": [], "points": {"exterior": [[250, 82], [379, 79], [420, 70], [417, 91], [446, 91], [452, 67], [464, 79], [502, 82], [508, 64], [543, 79], [566, 135], [558, 232], [561, 387], [564, 516], [558, 636], [531, 689], [394, 683], [294, 686], [244, 639], [247, 551], [241, 445], [250, 352], [244, 255], [250, 170], [250, 82]], "interior": []}, "classId": 3, "classTitle": "Riot Shield"}]}