{"tags": [], "size": {"height": 280, "width": 390}, "objects": [{"id": 85234654, "description": "", "geometryType": "polygon", "labelerLogin": "", "createdAt": "", "updatedAt": "", "tags": [], "points": {"exterior": [[176, 82], [186, 82], [200, 82], [206, 83], [212, 86], [218, 91], [221, 95], [224, 113], [226, 138], [228, 147], [230, 153], [231, 163], [242, 163], [243, 171], [232, 172], [234, 189], [234, 195], [230, 198], [227, 199], [218, 199], [212, 200], [199, 201], [189, 191], [179, 185], [178, 183], [183, 182], [180, 169], [164, 170], [155, 169], [152, 147], [145, 78], [154, 79], [167, 81], [176, 82]], "interior": []}, "classId": 3, "classTitle": "Riot Shield"}, {"id": 45613188, "description": "", "geometryType": "polygon", "labelerLogin": "", "createdAt": "", "updatedAt": "", "tags": [], "points": {"exterior": [[42, 168], [36, 112], [27, 8], [37, 2], [61, 2], [64, 4], [66, 8], [64, 19], [63, 38], [93, 49], [113, 50], [136, 60], [143, 69], [144, 77], [150, 131], [154, 170], [164, 171], [181, 170], [182, 181], [178, 183], [179, 186], [189, 192], [198, 201], [215, 202], [220, 204], [224, 210], [225, 234], [221, 239], [211, 251], [216, 255], [216, 260], [198, 259], [197, 253], [197, 251], [200, 245], [199, 238], [195, 236], [190, 237], [186, 232], [178, 231], [171, 235], [179, 239], [182, 242], [180, 248], [179, 250], [181, 260], [54, 260], [49, 205], [45, 205], [43, 185], [42, 168]], "interior": []}, "classId": 3, "classTitle": "Riot Shield"}]}