{"tags": [], "size": {"height": 1000, "width": 1500}, "objects": [{"id": 59951063, "description": "", "geometryType": "polygon", "labelerLogin": "", "createdAt": "", "updatedAt": "", "tags": [], "points": {"exterior": [[1035, 347], [1014, 331], [969, 321], [924, 329], [907, 347], [890, 370], [890, 401], [888, 432], [908, 470], [921, 489], [947, 509], [969, 515], [994, 519], [1014, 520], [1038, 511], [1051, 503], [1059, 492], [1068, 482], [1077, 456], [1077, 424], [1074, 403], [1057, 377], [1045, 358], [1035, 347]], "interior": []}, "classId": 3, "classTitle": "Riot Shield"}, {"id": 53055495, "description": "", "geometryType": "polygon", "labelerLogin": "", "createdAt": "", "updatedAt": "", "tags": [], "points": {"exterior": [[702, 319], [674, 344], [661, 372], [654, 397], [652, 415], [649, 442], [655, 470], [668, 494], [691, 516], [724, 528], [763, 530], [787, 520], [812, 506], [827, 491], [836, 476], [845, 458], [850, 434], [852, 413], [852, 391], [843, 372], [827, 352], [805, 334], [786, 319], [761, 312], [737, 310], [717, 309], [702, 319]], "interior": []}, "classId": 3, "classTitle": "Riot Shield"}, {"id": 53653310, "description": "", "geometryType": "polygon", "labelerLogin": "", "createdAt": "", "updatedAt": "", "tags": [], "points": {"exterior": [[479, 374], [457, 382], [445, 392], [435, 402], [430, 414], [429, 429], [427, 441], [429, 456], [431, 471], [436, 479], [439, 494], [446, 509], [456, 522], [467, 536], [480, 548], [493, 555], [511, 562], [523, 563], [540, 564], [559, 564], [587, 550], [609, 533], [624, 516], [633, 495], [635, 479], [640, 455], [637, 429], [629, 413], [621, 401], [605, 387], [587, 377], [573, 372], [553, 370], [529, 368], [513, 367], [502, 369], [493, 370], [479, 374]], "interior": []}, "classId": 3, "classTitle": "Riot Shield"}]}