{"tags": [], "size": {"height": 1390, "width": 866}, "objects": [{"id": 98146031, "description": "", "geometryType": "polygon", "labelerLogin": "", "createdAt": "", "updatedAt": "", "tags": [], "points": {"exterior": [[334, 278], [492, 225], [523, 215], [536, 216], [596, 386], [622, 460], [685, 646], [708, 736], [709, 756], [654, 786], [518, 841], [452, 856], [399, 746], [356, 622], [273, 379], [251, 319], [282, 310], [307, 302], [324, 279], [334, 278]], "interior": []}, "classId": 3, "classTitle": "Riot Shield"}]}