{"tags": [], "size": {"height": 641, "width": 1200}, "objects": [{"id": 76675607, "description": "", "geometryType": "polygon", "labelerLogin": "", "createdAt": "", "updatedAt": "", "tags": [], "points": {"exterior": [[106, 184], [113, 166], [134, 141], [159, 132], [173, 131], [193, 142], [208, 160], [219, 186], [224, 215], [224, 246], [217, 284], [209, 304], [193, 324], [178, 335], [166, 338], [144, 338], [123, 326], [110, 305], [100, 275], [98, 244], [99, 217], [102, 196], [106, 184]], "interior": []}, "classId": 3, "classTitle": "Riot Shield"}, {"id": 55488915, "description": "", "geometryType": "polygon", "labelerLogin": "", "createdAt": "", "updatedAt": "", "tags": [], "points": {"exterior": [[365, 233], [369, 211], [379, 179], [390, 156], [402, 143], [422, 137], [438, 142], [449, 156], [455, 173], [457, 198], [458, 224], [453, 250], [448, 271], [433, 292], [417, 308], [402, 310], [390, 307], [378, 295], [369, 277], [365, 255], [365, 233]], "interior": []}, "classId": 3, "classTitle": "Riot Shield"}, {"id": 95872536, "description": "", "geometryType": "polygon", "labelerLogin": "", "createdAt": "", "updatedAt": "", "tags": [], "points": {"exterior": [[553, 175], [572, 156], [587, 144], [606, 142], [617, 147], [625, 161], [626, 181], [617, 215], [604, 241], [585, 264], [572, 274], [555, 278], [541, 278], [527, 270], [522, 253], [523, 232], [527, 216], [540, 190], [553, 175]], "interior": []}, "classId": 3, "classTitle": "Riot Shield"}, {"id": 98271979, "description": "", "geometryType": "polygon", "labelerLogin": "", "createdAt": "", "updatedAt": "", "tags": [], "points": {"exterior": [[690, 211], [708, 184], [730, 163], [748, 157], [761, 161], [769, 169], [772, 194], [760, 224], [736, 253], [716, 271], [695, 276], [682, 271], [678, 253], [681, 234], [684, 219], [690, 211]], "interior": []}, "classId": 3, "classTitle": "Riot Shield"}, {"id": 48891826, "description": "", "geometryType": "polygon", "labelerLogin": "", "createdAt": "", "updatedAt": "", "tags": [], "points": {"exterior": [[787, 172], [798, 151], [808, 148], [817, 150], [826, 165], [828, 193], [819, 237], [806, 260], [796, 269], [788, 267], [779, 253], [775, 229], [779, 201], [787, 172]], "interior": []}, "classId": 3, "classTitle": "Riot Shield"}, {"id": 20233023, "description": "", "geometryType": "polygon", "labelerLogin": "", "createdAt": "", "updatedAt": "", "tags": [], "points": {"exterior": [[876, 208], [879, 185], [884, 166], [897, 147], [904, 143], [918, 145], [930, 160], [934, 190], [926, 232], [918, 248], [908, 256], [894, 253], [884, 237], [877, 220], [876, 208]], "interior": []}, "classId": 3, "classTitle": "Riot Shield"}, {"id": 92189175, "description": "", "geometryType": "polygon", "labelerLogin": "", "createdAt": "", "updatedAt": "", "tags": [], "points": {"exterior": [[950, 152], [954, 138], [962, 124], [968, 122], [974, 128], [974, 146], [972, 187], [966, 212], [956, 223], [950, 219], [947, 189], [947, 165], [950, 152]], "interior": []}, "classId": 3, "classTitle": "Riot Shield"}, {"id": 67715190, "description": "", "geometryType": "polygon", "labelerLogin": "", "createdAt": "", "updatedAt": "", "tags": [], "points": {"exterior": [[983, 235], [990, 195], [995, 164], [1001, 145], [1007, 145], [1007, 162], [1003, 198], [993, 239], [987, 240], [983, 235]], "interior": []}, "classId": 3, "classTitle": "Riot Shield"}, {"id": 72248973, "description": "", "geometryType": "polygon", "labelerLogin": "", "createdAt": "", "updatedAt": "", "tags": [], "points": {"exterior": [[1063, 212], [1065, 183], [1072, 160], [1081, 155], [1086, 155], [1092, 164], [1094, 193], [1089, 229], [1081, 242], [1071, 240], [1065, 224], [1063, 212]], "interior": []}, "classId": 3, "classTitle": "Riot Shield"}, {"id": 17728484, "description": "", "geometryType": "polygon", "labelerLogin": "", "createdAt": "", "updatedAt": "", "tags": [], "points": {"exterior": [[1113, 181], [1111, 155], [1115, 139], [1120, 139], [1128, 160], [1136, 180], [1136, 205], [1134, 217], [1125, 220], [1114, 194], [1113, 181]], "interior": []}, "classId": 3, "classTitle": "Riot Shield"}, {"id": 38267648, "description": "", "geometryType": "polygon", "labelerLogin": "", "createdAt": "", "updatedAt": "", "tags": [], "points": {"exterior": [[1143, 217], [1141, 186], [1147, 167], [1150, 160], [1159, 158], [1170, 169], [1170, 216], [1165, 234], [1148, 234], [1143, 217]], "interior": []}, "classId": 3, "classTitle": "Riot Shield"}, {"id": 36976695, "description": "", "geometryType": "polygon", "labelerLogin": "", "createdAt": "", "updatedAt": "", "tags": [], "points": {"exterior": [[1174, 155], [1185, 148], [1193, 150], [1198, 157], [1198, 172], [1197, 211], [1188, 212], [1182, 208], [1175, 176], [1174, 155]], "interior": []}, "classId": 1, "classTitle": "Officer"}, {"id": 78327977, "description": "", "geometryType": "polygon", "labelerLogin": "", "createdAt": "", "updatedAt": "", "tags": [], "points": {"exterior": [[20, 213], [30, 178], [28, 160], [57, 101], [52, 70], [59, 45], [73, 34], [80, 33], [83, 26], [100, 18], [157, 19], [163, 32], [165, 52], [161, 67], [136, 72], [137, 81], [139, 91], [137, 99], [131, 119], [138, 131], [183, 159], [217, 312], [223, 351], [224, 383], [210, 398], [223, 457], [241, 560], [268, 587], [270, 602], [266, 611], [256, 615], [234, 611], [218, 606], [203, 600], [201, 581], [202, 571], [194, 537], [180, 518], [174, 500], [177, 478], [166, 456], [161, 438], [141, 410], [116, 396], [107, 453], [101, 528], [105, 572], [120, 591], [128, 604], [129, 625], [107, 631], [78, 623], [70, 598], [52, 560], [56, 544], [47, 514], [46, 469], [52, 444], [44, 407], [35, 367], [15, 262], [20, 213]], "interior": []}, "classId": 1, "classTitle": "Officer"}, {"id": 45156235, "description": "", "geometryType": "polygon", "labelerLogin": "", "createdAt": "", "updatedAt": "", "tags": [], "points": {"exterior": [[278, 139], [295, 122], [307, 121], [321, 121], [337, 108], [333, 85], [324, 79], [323, 66], [333, 53], [344, 37], [366, 35], [396, 37], [404, 48], [404, 68], [390, 72], [388, 107], [383, 116], [390, 121], [410, 136], [447, 309], [441, 351], [431, 360], [437, 454], [431, 495], [459, 519], [450, 533], [412, 528], [394, 517], [394, 501], [397, 477], [393, 398], [376, 376], [362, 372], [349, 441], [346, 492], [361, 516], [361, 534], [352, 536], [317, 528], [303, 505], [307, 469], [301, 413], [311, 391], [299, 355], [302, 329], [288, 317], [274, 283], [264, 222], [274, 201], [274, 164], [278, 139]], "interior": []}, "classId": 1, "classTitle": "Officer"}, {"id": 50970180, "description": "", "geometryType": "polygon", "labelerLogin": "", "createdAt": "", "updatedAt": "", "tags": [], "points": {"exterior": [[462, 152], [475, 146], [482, 141], [478, 122], [479, 97], [484, 84], [494, 78], [502, 68], [549, 72], [555, 89], [555, 110], [537, 114], [536, 122], [530, 126], [526, 144], [546, 145], [561, 158], [577, 211], [554, 249], [555, 268], [577, 268], [592, 283], [595, 306], [577, 333], [564, 337], [559, 353], [565, 425], [569, 437], [583, 448], [592, 469], [588, 476], [542, 469], [538, 452], [538, 438], [536, 423], [520, 353], [512, 314], [504, 351], [496, 350], [496, 368], [483, 397], [473, 450], [471, 477], [458, 481], [441, 474], [439, 416], [450, 350], [450, 301], [451, 269], [458, 240], [456, 186], [455, 170], [458, 161], [462, 152]], "interior": []}, "classId": 1, "classTitle": "Officer"}, {"id": 80586631, "description": "", "geometryType": "polygon", "labelerLogin": "", "createdAt": "", "updatedAt": "", "tags": [], "points": {"exterior": [[629, 161], [650, 140], [647, 116], [650, 103], [662, 94], [671, 91], [675, 81], [715, 87], [716, 114], [702, 120], [697, 144], [707, 158], [721, 168], [743, 245], [743, 268], [735, 280], [723, 280], [726, 342], [725, 405], [747, 418], [747, 433], [737, 439], [703, 435], [695, 404], [692, 342], [682, 318], [663, 352], [654, 407], [667, 432], [664, 442], [635, 444], [624, 424], [624, 365], [636, 318], [619, 284], [617, 227], [629, 167], [629, 161]], "interior": []}, "classId": 1, "classTitle": "Officer"}, {"id": 45625361, "description": "", "geometryType": "polygon", "labelerLogin": "", "createdAt": "", "updatedAt": "", "tags": [], "points": {"exterior": [[740, 140], [734, 131], [736, 119], [748, 114], [755, 89], [773, 85], [787, 85], [799, 89], [820, 107], [813, 128], [809, 128], [801, 123], [791, 137], [789, 149], [796, 157], [793, 271], [807, 320], [812, 385], [823, 398], [834, 407], [836, 415], [830, 417], [792, 413], [781, 410], [783, 374], [776, 336], [779, 321], [768, 308], [760, 301], [761, 287], [757, 302], [745, 344], [746, 396], [755, 407], [756, 418], [742, 418], [725, 405], [723, 284], [735, 282], [742, 269], [742, 252], [725, 171], [715, 157], [723, 142], [740, 140]], "interior": []}, "classId": 1, "classTitle": "Officer"}, {"id": 85839630, "description": "", "geometryType": "polygon", "labelerLogin": "", "createdAt": "", "updatedAt": "", "tags": [], "points": {"exterior": [[844, 142], [840, 127], [844, 108], [864, 94], [872, 92], [887, 104], [897, 119], [894, 134], [881, 133], [881, 151], [897, 167], [910, 242], [909, 284], [915, 335], [917, 373], [935, 388], [938, 394], [927, 397], [889, 394], [887, 389], [890, 371], [885, 325], [875, 301], [865, 287], [853, 329], [846, 372], [865, 388], [863, 392], [842, 392], [825, 387], [821, 374], [824, 320], [828, 277], [823, 228], [821, 164], [827, 150], [845, 145], [844, 142]], "interior": []}, "classId": 1, "classTitle": "Officer"}, {"id": 50806548, "description": "", "geometryType": "polygon", "labelerLogin": "", "createdAt": "", "updatedAt": "", "tags": [], "points": {"exterior": [[902, 94], [905, 86], [912, 73], [935, 74], [950, 83], [953, 95], [941, 103], [937, 122], [954, 138], [958, 216], [954, 265], [950, 319], [952, 344], [961, 351], [962, 360], [956, 367], [931, 367], [928, 373], [920, 373], [909, 284], [912, 254], [905, 188], [891, 161], [885, 150], [886, 143], [900, 128], [905, 119], [899, 109], [902, 94]], "interior": []}, "classId": 1, "classTitle": "Officer"}, {"id": 26514483, "description": "", "geometryType": "polygon", "labelerLogin": "", "createdAt": "", "updatedAt": "", "tags": [], "points": {"exterior": [[965, 87], [978, 91], [987, 101], [986, 114], [981, 117], [977, 117], [977, 138], [990, 152], [994, 180], [987, 240], [993, 259], [991, 337], [1010, 348], [1011, 354], [1002, 356], [970, 356], [964, 348], [969, 338], [962, 289], [968, 279], [958, 268], [951, 315], [954, 349], [964, 357], [962, 367], [941, 369], [913, 354], [941, 255], [930, 260], [922, 251], [921, 240], [930, 227], [935, 187], [929, 158], [913, 142], [918, 129], [937, 126], [942, 105], [952, 95], [965, 87]], "interior": []}, "classId": 1, "classTitle": "Officer"}, {"id": 10399901, "description": "", "geometryType": "polygon", "labelerLogin": "", "createdAt": "", "updatedAt": "", "tags": [], "points": {"exterior": [[1033, 110], [1041, 101], [1059, 99], [1074, 105], [1077, 120], [1063, 126], [1065, 139], [1078, 153], [1081, 250], [1084, 284], [1089, 326], [1101, 343], [1096, 347], [1062, 345], [1048, 345], [1030, 340], [1025, 252], [1015, 217], [1012, 170], [1018, 150], [1031, 137], [1035, 121], [1033, 110]], "interior": []}, "classId": 1, "classTitle": "Officer"}, {"id": 93507972, "description": "", "geometryType": "polygon", "labelerLogin": "", "createdAt": "", "updatedAt": "", "tags": [], "points": {"exterior": [[1089, 103], [1103, 102], [1111, 111], [1114, 122], [1109, 135], [1121, 137], [1126, 250], [1120, 273], [1100, 287], [1099, 316], [1115, 322], [1107, 333], [1087, 326], [1079, 151], [1067, 141], [1083, 140], [1083, 128], [1077, 119], [1082, 108], [1089, 103]], "interior": []}, "classId": 1, "classTitle": "Officer"}, {"id": 97152605, "description": "", "geometryType": "polygon", "labelerLogin": "", "createdAt": "", "updatedAt": "", "tags": [], "points": {"exterior": [[1119, 120], [1130, 116], [1140, 117], [1149, 126], [1151, 135], [1149, 150], [1162, 171], [1151, 275], [1149, 307], [1156, 311], [1158, 326], [1144, 326], [1122, 318], [1120, 301], [1128, 252], [1125, 218], [1133, 210], [1138, 177], [1123, 143], [1114, 136], [1113, 128], [1119, 120]], "interior": []}, "classId": 1, "classTitle": "Officer"}, {"id": 95413409, "description": "", "geometryType": "polygon", "labelerLogin": "", "createdAt": "", "updatedAt": "", "tags": [], "points": {"exterior": [[1154, 110], [1170, 106], [1180, 112], [1169, 146], [1180, 163], [1183, 242], [1168, 255], [1164, 289], [1180, 302], [1180, 309], [1176, 311], [1157, 315], [1150, 306], [1151, 150], [1152, 128], [1146, 112], [1154, 110]], "interior": []}, "classId": 1, "classTitle": "Officer"}, {"id": 59703736, "description": "", "geometryType": "polygon", "labelerLogin": "", "createdAt": "", "updatedAt": "", "tags": [], "points": {"exterior": [[223, 120], [219, 99], [225, 85], [238, 79], [251, 79], [265, 92], [265, 105], [259, 136], [278, 152], [275, 203], [263, 224], [250, 268], [248, 309], [235, 305], [241, 346], [255, 351], [248, 365], [236, 374], [223, 359], [223, 343], [214, 293], [183, 177], [192, 155], [208, 127], [223, 120]], "interior": []}, "classId": 1, "classTitle": "Officer"}, {"id": 65865644, "description": "", "geometryType": "polygon", "labelerLogin": "", "createdAt": "", "updatedAt": "", "tags": [], "points": {"exterior": [[415, 113], [422, 98], [433, 92], [460, 94], [470, 103], [463, 140], [424, 136], [413, 122], [415, 113]], "interior": []}, "classId": 1, "classTitle": "Officer"}]}