{"tags": [], "size": {"height": 640, "width": 480}, "objects": [{"id": 59585642, "description": "", "geometryType": "polygon", "labelerLogin": "", "createdAt": "", "updatedAt": "", "tags": [], "points": {"exterior": [[273, 606], [264, 194], [265, 82], [347, 45], [415, 78], [422, 321], [433, 638], [273, 638], [273, 606]], "interior": []}, "classId": 3, "classTitle": "Riot Shield"}, {"id": 46280101, "description": "", "geometryType": "polygon", "labelerLogin": "", "createdAt": "", "updatedAt": "", "tags": [], "points": {"exterior": [[250, 388], [252, 231], [265, 222], [277, 231], [278, 243], [282, 638], [260, 638], [250, 388]], "interior": []}, "classId": 6, "classTitle": "Baton"}, {"id": 63304938, "description": "", "geometryType": "polygon", "labelerLogin": "", "createdAt": "", "updatedAt": "", "tags": [], "points": {"exterior": [[36, 241], [57, 215], [68, 216], [73, 224], [99, 224], [109, 213], [105, 198], [111, 187], [75, 181], [57, 172], [85, 146], [111, 123], [113, 93], [127, 62], [146, 34], [178, 19], [215, 15], [247, 24], [271, 43], [299, 58], [329, 174], [314, 181], [269, 168], [252, 196], [245, 211], [247, 228], [237, 239], [254, 246], [303, 256], [338, 271], [349, 310], [420, 452], [394, 474], [364, 446], [340, 457], [349, 508], [340, 547], [306, 577], [327, 638], [45, 638], [45, 612], [58, 597], [58, 584], [49, 577], [42, 563], [2, 563], [2, 280], [4, 269], [2, 257], [2, 246], [36, 241]], "interior": []}, "classId": 1, "classTitle": "Officer"}]}