{"tags": [], "size": {"height": 342, "width": 608}, "objects": [{"id": 26283203, "description": "", "geometryType": "polygon", "labelerLogin": "", "createdAt": "", "updatedAt": "", "tags": [], "points": {"exterior": [[14, 79], [32, 78], [46, 81], [60, 90], [69, 108], [74, 125], [81, 130], [83, 136], [81, 138], [96, 155], [104, 178], [115, 214], [115, 232], [111, 241], [93, 264], [96, 296], [99, 340], [2, 340], [2, 160], [13, 149], [7, 136], [2, 120], [2, 87], [2, 82], [14, 79]], "interior": []}, "classId": 1, "classTitle": "Officer"}, {"id": 63371860, "description": "", "geometryType": "polygon", "labelerLogin": "", "createdAt": "", "updatedAt": "", "tags": [], "points": {"exterior": [[207, 72], [206, 48], [209, 28], [223, 10], [238, 2], [311, 2], [321, 10], [327, 18], [330, 26], [349, 27], [361, 48], [354, 74], [341, 104], [336, 113], [348, 131], [408, 153], [401, 168], [399, 183], [402, 202], [400, 242], [394, 250], [392, 285], [384, 305], [384, 320], [394, 340], [189, 340], [188, 296], [211, 193], [245, 152], [245, 144], [234, 137], [229, 130], [211, 127], [195, 109], [202, 89], [208, 79], [207, 72]], "interior": []}, "classId": 1, "classTitle": "Officer"}, {"id": 30150631, "description": "", "geometryType": "polygon", "labelerLogin": "", "createdAt": "", "updatedAt": "", "tags": [], "points": {"exterior": [[415, 87], [432, 73], [449, 69], [467, 69], [481, 82], [490, 90], [496, 104], [480, 106], [477, 120], [479, 131], [471, 136], [468, 140], [464, 149], [459, 158], [464, 167], [472, 187], [477, 193], [478, 197], [466, 191], [468, 206], [480, 212], [481, 217], [480, 222], [474, 230], [471, 234], [475, 243], [493, 264], [503, 276], [508, 283], [500, 285], [509, 289], [517, 296], [520, 305], [520, 310], [518, 315], [513, 315], [506, 315], [493, 306], [495, 302], [488, 294], [476, 290], [471, 282], [466, 287], [464, 290], [462, 293], [464, 301], [459, 309], [458, 323], [463, 324], [469, 340], [396, 340], [385, 321], [384, 306], [392, 286], [394, 249], [399, 244], [403, 201], [400, 180], [407, 156], [404, 150], [400, 149], [409, 144], [420, 143], [407, 139], [402, 118], [405, 99], [415, 87]], "interior": []}, "classId": 1, "classTitle": "Officer"}, {"id": 21966974, "description": "", "geometryType": "polygon", "labelerLogin": "", "createdAt": "", "updatedAt": "", "tags": [], "points": {"exterior": [[535, 130], [547, 126], [557, 126], [567, 131], [575, 136], [577, 146], [578, 153], [584, 162], [585, 165], [585, 169], [584, 172], [577, 171], [580, 186], [584, 203], [580, 214], [574, 220], [574, 225], [587, 232], [589, 241], [577, 254], [580, 312], [579, 340], [555, 340], [557, 314], [544, 260], [535, 278], [530, 291], [522, 318], [529, 332], [536, 340], [511, 340], [509, 332], [507, 324], [509, 257], [506, 222], [510, 207], [501, 202], [501, 182], [515, 164], [528, 163], [531, 149], [529, 135], [535, 130]], "interior": []}, "classId": 2, "classTitle": "Civilian"}]}