{"tags": [], "size": {"height": 399, "width": 600}, "objects": [{"id": 92546789, "description": "", "geometryType": "polygon", "labelerLogin": "", "createdAt": "", "updatedAt": "", "tags": [], "points": {"exterior": [[464, 239], [573, 154], [581, 169], [472, 249], [464, 239]], "interior": []}, "classId": 6, "classTitle": "Baton"}, {"id": 91831199, "description": "", "geometryType": "polygon", "labelerLogin": "", "createdAt": "", "updatedAt": "", "tags": [], "points": {"exterior": [[41, 395], [100, 245], [166, 203], [174, 158], [185, 86], [217, 50], [269, 42], [302, 44], [338, 90], [345, 100], [364, 100], [366, 122], [366, 140], [353, 148], [348, 219], [405, 202], [428, 185], [509, 288], [526, 324], [523, 353], [499, 367], [469, 369], [467, 397], [41, 395]], "interior": []}, "classId": 1, "classTitle": "Officer"}, {"id": 99977198, "description": "", "geometryType": "polygon", "labelerLogin": "", "createdAt": "", "updatedAt": "", "tags": [], "points": {"exterior": [[263, 32], [286, 10], [328, 2], [365, 26], [382, 44], [402, 53], [396, 83], [391, 110], [395, 153], [412, 174], [456, 175], [491, 223], [492, 265], [425, 190], [353, 218], [355, 151], [366, 139], [370, 106], [344, 100], [297, 46], [264, 43], [263, 32]], "interior": []}, "classId": 1, "classTitle": "Officer"}]}