{"tags": [], "size": {"height": 1300, "width": 957}, "objects": [{"id": 44354731, "description": "", "geometryType": "polygon", "labelerLogin": "", "createdAt": "", "updatedAt": "", "tags": [], "points": {"exterior": [[220, 210], [251, 147], [311, 99], [395, 75], [486, 86], [574, 153], [607, 180], [645, 416], [483, 509], [328, 717], [315, 781], [311, 1012], [352, 1201], [402, 1255], [426, 1298], [2, 1298], [4, 978], [4, 813], [40, 741], [58, 687], [149, 581], [213, 561], [220, 493], [237, 451], [206, 297], [220, 210]], "interior": []}, "classId": 1, "classTitle": "Officer"}, {"id": 26440090, "description": "", "geometryType": "polygon", "labelerLogin": "", "createdAt": "", "updatedAt": "", "tags": [], "points": {"exterior": [[357, 672], [432, 579], [517, 495], [594, 451], [682, 414], [743, 402], [866, 403], [868, 687], [864, 967], [869, 1273], [866, 1298], [423, 1298], [363, 1206], [314, 1086], [301, 975], [304, 868], [319, 767], [357, 672]], "interior": []}, "classId": 3, "classTitle": "Riot Shield"}]}