{"tags": [], "size": {"height": 1689, "width": 1143}, "objects": [{"id": 21373902, "description": "", "geometryType": "polygon", "labelerLogin": "", "createdAt": "", "updatedAt": "", "tags": [], "points": {"exterior": [[727, 1027], [435, 938], [576, 120], [810, 162], [878, 193], [790, 990], [727, 1027]], "interior": []}, "classId": 3, "classTitle": "Riot Shield"}, {"id": 58748462, "description": "", "geometryType": "polygon", "labelerLogin": "", "createdAt": "", "updatedAt": "", "tags": [], "points": {"exterior": [[264, 1397], [316, 1256], [404, 1116], [446, 923], [383, 855], [363, 766], [363, 709], [337, 584], [363, 506], [321, 370], [373, 302], [482, 255], [503, 136], [592, 73], [685, 89], [753, 162], [571, 136], [477, 938], [691, 1022], [717, 1100], [644, 1178], [649, 1262], [628, 1376], [639, 1444], [758, 1480], [763, 1522], [727, 1543], [503, 1522], [550, 1350], [545, 1142], [586, 1058], [540, 1116], [519, 1178], [363, 1345], [441, 1418], [446, 1449], [368, 1444], [264, 1397]], "interior": []}, "classId": 1, "classTitle": "Officer"}]}