{"tags": [], "size": {"height": 957, "width": 1300}, "objects": [{"id": 59259289, "description": "", "geometryType": "polygon", "labelerLogin": "", "createdAt": "", "updatedAt": "", "tags": [], "points": {"exterior": [[748, 750], [634, 479], [627, 440], [636, 389], [654, 371], [795, 292], [934, 225], [977, 209], [1008, 209], [1044, 222], [1069, 240], [1111, 333], [1255, 647], [1298, 746], [1298, 869], [809, 867], [748, 750]], "interior": []}, "classId": 3, "classTitle": "Riot Shield"}, {"id": 18108961, "description": "", "geometryType": "polygon", "labelerLogin": "", "createdAt": "", "updatedAt": "", "tags": [], "points": {"exterior": [[286, 735], [450, 267], [470, 222], [488, 202], [510, 186], [539, 184], [611, 207], [889, 308], [914, 335], [923, 359], [921, 389], [748, 869], [236, 867], [286, 735]], "interior": []}, "classId": 3, "classTitle": "Riot Shield"}, {"id": 37684102, "description": "", "geometryType": "polygon", "labelerLogin": "", "createdAt": "", "updatedAt": "", "tags": [], "points": {"exterior": [[41, 699], [19, 373], [25, 335], [97, 335], [167, 328], [216, 324], [245, 330], [272, 350], [286, 373], [313, 669], [236, 872], [55, 867], [41, 699]], "interior": []}, "classId": 3, "classTitle": "Riot Shield"}, {"id": 50834998, "description": "", "geometryType": "polygon", "labelerLogin": "", "createdAt": "", "updatedAt": "", "tags": [], "points": {"exterior": [[876, 157], [869, 130], [880, 101], [905, 90], [984, 47], [1002, 34], [1024, 27], [1049, 34], [1080, 27], [1120, 34], [1150, 49], [1177, 79], [1197, 126], [1212, 186], [1246, 207], [1284, 231], [1284, 254], [1206, 281], [1242, 301], [1278, 341], [1298, 375], [1298, 389], [1298, 872], [892, 867], [894, 807], [869, 705], [860, 640], [921, 449], [948, 364], [995, 310], [977, 252], [927, 213], [894, 184], [876, 157]], "interior": []}, "classId": 1, "classTitle": "Officer"}, {"id": 95476631, "description": "", "geometryType": "polygon", "labelerLogin": "", "createdAt": "", "updatedAt": "", "tags": [], "points": {"exterior": [[604, 119], [640, 106], [667, 103], [699, 112], [728, 126], [752, 148], [770, 186], [773, 236], [782, 267], [811, 288], [842, 337], [878, 402], [883, 479], [851, 602], [806, 863], [503, 867], [472, 831], [474, 737], [485, 593], [512, 517], [530, 470], [557, 436], [557, 382], [568, 350], [584, 337], [580, 317], [573, 303], [533, 303], [479, 290], [470, 281], [528, 157], [539, 144], [564, 142], [586, 126], [604, 119]], "interior": []}, "classId": 1, "classTitle": "Officer"}, {"id": 29636463, "description": "", "geometryType": "polygon", "labelerLogin": "", "createdAt": "", "updatedAt": "", "tags": [], "points": {"exterior": [[227, 586], [257, 532], [261, 467], [284, 425], [261, 411], [257, 386], [259, 375], [248, 359], [248, 346], [221, 315], [200, 285], [187, 254], [180, 227], [187, 211], [216, 202], [297, 186], [324, 180], [344, 184], [376, 186], [407, 200], [434, 220], [447, 254], [456, 306], [459, 355], [483, 382], [515, 422], [524, 463], [512, 532], [499, 566], [488, 598], [483, 638], [476, 701], [476, 746], [474, 804], [461, 867], [290, 869], [248, 845], [209, 809], [180, 746], [183, 672], [214, 629], [227, 586]], "interior": []}, "classId": 1, "classTitle": "Officer"}]}