{"tags": [], "size": {"height": 386, "width": 220}, "objects": [{"id": 87668555, "description": "", "geometryType": "polygon", "labelerLogin": "", "createdAt": "", "updatedAt": "", "tags": [], "points": {"exterior": [[165, 210], [160, 212], [160, 216], [155, 221], [150, 218], [113, 169], [107, 161], [106, 157], [108, 156], [116, 164], [115, 157], [105, 144], [70, 137], [71, 129], [87, 113], [132, 163], [135, 163], [135, 158], [145, 151], [153, 157], [161, 171], [160, 177], [155, 179], [147, 178], [143, 173], [140, 176], [153, 193], [163, 203], [165, 210]], "interior": []}, "classId": 4, "classTitle": "Gun"}]}