{"tags": [], "size": {"height": 360, "width": 480}, "objects": [{"id": 64942655, "description": "", "geometryType": "polygon", "labelerLogin": "", "createdAt": "", "updatedAt": "", "tags": [], "points": {"exterior": [[478, 358], [478, 289], [463, 264], [439, 239], [400, 215], [379, 201], [368, 193], [366, 176], [361, 167], [352, 165], [349, 163], [348, 140], [357, 123], [356, 111], [349, 100], [352, 82], [350, 57], [338, 36], [310, 22], [269, 19], [235, 37], [224, 53], [219, 73], [216, 92], [211, 103], [205, 107], [206, 116], [208, 120], [217, 131], [217, 146], [225, 172], [231, 180], [237, 195], [238, 203], [245, 208], [251, 208], [250, 214], [248, 217], [226, 233], [204, 262], [197, 281], [187, 312], [187, 331], [181, 357], [158, 358], [119, 313], [119, 298], [114, 272], [99, 256], [98, 356], [98, 358], [478, 358]], "interior": []}, "classId": 2, "classTitle": "Civilian"}, {"id": 13458908, "description": "", "geometryType": "polygon", "labelerLogin": "", "createdAt": "", "updatedAt": "", "tags": [], "points": {"exterior": [[96, 358], [2, 358], [2, 89], [47, 89], [92, 92], [111, 100], [110, 124], [96, 358]], "interior": []}, "classId": 3, "classTitle": "Riot Shield"}]}