{"tags": [], "size": {"height": 1080, "width": 1920}, "objects": [{"id": 23878157, "description": "", "geometryType": "polygon", "labelerLogin": "", "createdAt": "", "updatedAt": "", "tags": [], "points": {"exterior": [[1454.0, 698.0], [1396.0, 705.0], [1354.0, 699.0], [1336.0, 680.0], [1333.0, 638.0], [1393.0, 176.0], [1402.0, 146.0], [1410.0, 137.0], [1426.0, 128.0], [1469.0, 126.0], [1519.0, 126.0], [1594.0, 130.0], [1611.0, 140.0], [1610.0, 202.0], [1574.0, 387.0], [1547.0, 592.0], [1540.0, 633.0], [1530.0, 656.0], [1513.0, 676.0], [1484.0, 689.0]], "interior": []}, "classId": 3, "classTitle": "Riot Shield"}, {"id": 45743146, "description": "", "geometryType": "polygon", "labelerLogin": "", "createdAt": "", "updatedAt": "", "tags": [], "points": {"exterior": [[1759.0, 620.0], [1715.0, 619.0], [1692.0, 615.0], [1676.0, 599.0], [1667.0, 567.0], [1680.0, 494.0], [1721.0, 293.0], [1755.0, 108.0], [1767.0, 89.0], [1792.0, 66.0], [1814.0, 57.0], [1841.0, 53.0], [1919.0, 58.0], [1919.0, 427.0], [1899.0, 497.0], [1889.0, 549.0], [1876.0, 590.0], [1856.0, 611.0], [1796.0, 622.0]], "interior": []}, "classId": 3, "classTitle": "Riot Shield"}]}