{"tags": [], "size": {"height": 1080, "width": 1920}, "objects": [{"id": 18668065, "description": "", "geometryType": "polygon", "labelerLogin": "", "createdAt": "", "updatedAt": "", "tags": [], "points": {"exterior": [[998.0, 888.0], [994.0, 904.0], [993.0, 913.0], [1002.0, 916.0], [1012.0, 918.0], [1029.0, 921.0], [1051.0, 928.0], [1077.0, 931.0], [1100.0, 931.0], [1109.0, 928.0], [1116.0, 921.0], [1121.0, 897.0], [1145.0, 788.0], [1161.0, 708.0], [1180.0, 620.0], [1194.0, 562.0], [1202.0, 533.0], [1207.0, 504.0], [1208.0, 491.0], [1203.0, 482.0], [1192.0, 475.0], [1177.0, 470.0], [1157.0, 463.0], [1131.0, 458.0], [1111.0, 456.0], [1097.0, 451.0], [1088.0, 454.0], [1085.0, 468.0], [1083.0, 484.0], [1062.0, 582.0], [1039.0, 690.0], [1020.0, 784.0], [1006.0, 850.0]], "interior": []}, "classId": 3, "classTitle": "Riot Shield"}, {"id": 81452716, "description": "", "geometryType": "polygon", "labelerLogin": "", "createdAt": "", "updatedAt": "", "tags": [], "points": {"exterior": [[1264.0, 936.0], [1298.0, 935.0], [1310.0, 847.0], [1333.0, 673.0], [1344.0, 489.0], [1324.0, 491.0], [1296.0, 498.0], [1275.0, 505.0], [1257.0, 509.0], [1245.0, 521.0], [1252.0, 671.0], [1257.0, 806.0], [1261.0, 887.0]], "interior": []}, "classId": 3, "classTitle": "Riot Shield"}, {"id": 31054780, "description": "", "geometryType": "polygon", "labelerLogin": "", "createdAt": "", "updatedAt": "", "tags": [], "points": {"exterior": [[1320.0, 885.0], [1345.0, 885.0], [1371.0, 883.0], [1384.0, 878.0], [1392.0, 868.0], [1397.0, 855.0], [1401.0, 824.0], [1407.0, 779.0], [1414.0, 700.0], [1419.0, 640.0], [1428.0, 581.0], [1433.0, 531.0], [1439.0, 475.0], [1441.0, 416.0], [1439.0, 382.0], [1437.0, 363.0], [1434.0, 354.0], [1425.0, 347.0], [1412.0, 347.0], [1401.0, 348.0], [1390.0, 352.0], [1383.0, 362.0], [1377.0, 373.0], [1367.0, 379.0], [1355.0, 383.0], [1352.0, 391.0], [1344.0, 507.0], [1334.0, 657.0], [1323.0, 750.0], [1318.0, 797.0], [1313.0, 831.0], [1310.0, 852.0], [1309.0, 870.0], [1309.0, 882.0]], "interior": []}, "classId": 3, "classTitle": "Riot Shield"}, {"id": 67684033, "description": "", "geometryType": "polygon", "labelerLogin": "", "createdAt": "", "updatedAt": "", "tags": [], "points": {"exterior": [[593.0, 822.0], [656.0, 866.0], [680.0, 875.0], [696.0, 878.0], [708.0, 877.0], [718.0, 871.0], [726.0, 859.0], [769.0, 773.0], [801.0, 707.0], [834.0, 639.0], [858.0, 591.0], [880.0, 549.0], [894.0, 522.0], [902.0, 506.0], [903.0, 491.0], [901.0, 480.0], [895.0, 472.0], [852.0, 450.0], [820.0, 437.0], [809.0, 438.0], [798.0, 444.0], [770.0, 504.0], [703.0, 629.0], [651.0, 719.0]], "interior": []}, "classId": 3, "classTitle": "Riot Shield"}, {"id": 13164245, "description": "", "geometryType": "polygon", "labelerLogin": "", "createdAt": "", "updatedAt": "", "tags": [], "points": {"exterior": [[824.0, 435.0], [829.0, 425.0], [834.0, 415.0], [833.0, 403.0], [826.0, 395.0], [812.0, 380.0], [803.0, 370.0], [797.0, 377.0], [781.0, 414.0], [718.0, 550.0], [674.0, 638.0], [632.0, 729.0], [624.0, 744.0], [597.0, 801.0], [592.0, 812.0], [593.0, 818.0], [601.0, 826.0], [612.0, 832.0], [620.0, 817.0], [682.0, 696.0], [756.0, 556.0], [802.0, 482.0]], "interior": []}, "classId": 3, "classTitle": "Riot Shield"}, {"id": 84263882, "description": "", "geometryType": "polygon", "labelerLogin": "", "createdAt": "", "updatedAt": "", "tags": [], "points": {"exterior": [[207.0, 412.0], [199.0, 418.0], [194.0, 430.0], [193.0, 442.0], [190.0, 487.0], [190.0, 548.0], [188.0, 616.0], [185.0, 689.0], [183.0, 743.0], [180.0, 790.0], [179.0, 823.0], [180.0, 839.0], [183.0, 849.0], [186.0, 854.0], [193.0, 860.0], [206.0, 864.0], [220.0, 862.0], [230.0, 853.0], [234.0, 842.0], [236.0, 809.0], [237.0, 780.0], [241.0, 700.0], [246.0, 622.0], [247.0, 594.0], [250.0, 568.0], [253.0, 543.0], [254.0, 512.0], [256.0, 477.0], [257.0, 442.0], [258.0, 425.0], [257.0, 415.0], [256.0, 406.0], [247.0, 404.0], [228.0, 406.0]], "interior": []}, "classId": 3, "classTitle": "Riot Shield"}, {"id": 58816370, "description": "", "geometryType": "polygon", "labelerLogin": "", "createdAt": "", "updatedAt": "", "tags": [], "points": {"exterior": [[1436.0, 350.0], [1439.0, 334.0], [1444.0, 306.0], [1453.0, 266.0], [1460.0, 231.0], [1463.0, 204.0], [1458.0, 186.0], [1444.0, 182.0], [1426.0, 176.0], [1413.0, 170.0], [1402.0, 164.0], [1391.0, 156.0], [1387.0, 148.0], [1380.0, 152.0], [1375.0, 165.0], [1359.0, 260.0], [1342.0, 345.0], [1334.0, 388.0], [1331.0, 406.0], [1334.0, 421.0]], "interior": []}, "classId": 3, "classTitle": "Riot Shield"}, {"id": 10606409, "description": "", "geometryType": "polygon", "labelerLogin": "", "createdAt": "", "updatedAt": "", "tags": [], "points": {"exterior": [[1758.0, 694.0], [1764.0, 675.0], [1775.0, 659.0], [1794.0, 653.0], [1918.0, 651.0], [1917.0, 914.0], [1912.0, 919.0], [1900.0, 922.0], [1888.0, 926.0], [1880.0, 930.0], [1872.0, 932.0], [1865.0, 935.0], [1853.0, 939.0], [1754.0, 936.0], [1754.0, 904.0], [1754.0, 817.0], [1755.0, 734.0]], "interior": []}, "classId": 3, "classTitle": "Riot Shield"}, {"id": 81939921, "description": "", "geometryType": "polygon", "labelerLogin": "", "createdAt": "", "updatedAt": "", "tags": [], "points": {"exterior": [[1309.0, 377.0], [1446.0, 329.0], [1475.0, 312.0], [1512.0, 293.0], [1526.0, 289.0], [1535.0, 284.0], [1543.0, 272.0], [1545.0, 259.0], [1538.0, 247.0], [1527.0, 234.0], [1510.0, 224.0], [1494.0, 216.0], [1472.0, 207.0], [1356.0, 251.0], [1340.0, 257.0], [1306.0, 276.0], [1272.0, 293.0], [1240.0, 311.0], [1211.0, 330.0], [1216.0, 347.0], [1216.0, 367.0], [1215.0, 377.0]], "interior": []}, "classId": 3, "classTitle": "Riot Shield"}, {"id": 19499268, "description": "", "geometryType": "polygon", "labelerLogin": "", "createdAt": "", "updatedAt": "", "tags": [], "points": {"exterior": [[1834.0, 648.0], [1833.0, 630.0], [1834.0, 616.0], [1824.0, 598.0], [1813.0, 587.0], [1796.0, 583.0], [1773.0, 584.0], [1753.0, 581.0], [1735.0, 570.0], [1714.0, 552.0], [1714.0, 918.0], [1716.0, 930.0], [1722.0, 934.0], [1740.0, 934.0], [1754.0, 936.0]], "interior": []}, "classId": 3, "classTitle": "Riot Shield"}, {"id": 70750021, "description": "", "geometryType": "polygon", "labelerLogin": "", "createdAt": "", "updatedAt": "", "tags": [], "points": {"exterior": [[866.0, 249.0], [863.0, 253.0], [867.0, 257.0], [881.0, 249.0], [896.0, 243.0], [918.0, 233.0], [938.0, 222.0], [958.0, 213.0], [977.0, 204.0], [991.0, 199.0], [997.0, 197.0], [992.0, 188.0], [965.0, 200.0], [939.0, 211.0], [916.0, 222.0], [892.0, 235.0], [877.0, 242.0]], "interior": []}, "classId": 6, "classTitle": "Baton"}, {"id": 79747741, "description": "", "geometryType": "polygon", "labelerLogin": "", "createdAt": "", "updatedAt": "", "tags": [], "points": {"exterior": [[1074.0, 497.0], [1063.0, 483.0], [1052.0, 464.0], [1045.0, 447.0], [1035.0, 430.0], [1028.0, 422.0], [1023.0, 426.0], [1024.0, 434.0], [1031.0, 448.0], [1040.0, 465.0], [1051.0, 486.0], [1058.0, 495.0], [1064.0, 507.0], [1070.0, 511.0]], "interior": []}, "classId": 6, "classTitle": "Baton"}, {"id": 95518366, "description": "", "geometryType": "polygon", "labelerLogin": "", "createdAt": "", "updatedAt": "", "tags": [], "points": {"exterior": [[467.0, 539.0], [468.0, 526.0], [468.0, 503.0], [466.0, 442.0], [466.0, 417.0], [467.0, 388.0], [467.0, 360.0], [466.0, 338.0], [457.0, 319.0], [445.0, 318.0], [441.0, 345.0], [443.0, 381.0], [444.0, 409.0], [448.0, 433.0], [450.0, 479.0], [453.0, 507.0], [454.0, 524.0], [454.0, 537.0], [454.0, 543.0], [461.0, 544.0], [467.0, 544.0]], "interior": []}, "classId": 6, "classTitle": "Baton"}, {"id": 39957929, "description": "", "geometryType": "polygon", "labelerLogin": "", "createdAt": "", "updatedAt": "", "tags": [], "points": {"exterior": [[1669.0, 466.0], [1664.0, 479.0], [1666.0, 501.0], [1669.0, 509.0], [1679.0, 511.0], [1864.0, 507.0], [1897.0, 507.0], [1917.0, 502.0], [1917.0, 439.0], [1891.0, 439.0], [1840.0, 442.0], [1797.0, 445.0], [1750.0, 446.0], [1722.0, 447.0], [1704.0, 447.0], [1690.0, 452.0], [1678.0, 457.0]], "interior": []}, "classId": 3, "classTitle": "Riot Shield"}]}