{"tags": [], "size": {"height": 1080, "width": 1920}, "objects": [{"id": 41865108, "description": "", "geometryType": "polygon", "labelerLogin": "", "createdAt": "", "updatedAt": "", "tags": [], "points": {"exterior": [[1073.0, 664.0], [1065.0, 693.0], [1082.0, 689.0], [1097.0, 683.0], [1114.0, 673.0], [1130.0, 664.0], [1138.0, 654.0], [1150.0, 643.0], [1160.0, 629.0], [1167.0, 617.0], [1178.0, 595.0], [1185.0, 577.0], [1187.0, 562.0], [1189.0, 534.0], [1186.0, 509.0], [1181.0, 490.0], [1172.0, 470.0], [1156.0, 445.0], [1145.0, 435.0], [1140.0, 432.0], [1128.0, 427.0], [1120.0, 428.0], [1124.0, 437.0]], "interior": []}, "classId": 3, "classTitle": "Riot Shield"}, {"id": 27514502, "description": "", "geometryType": "polygon", "labelerLogin": "", "createdAt": "", "updatedAt": "", "tags": [], "points": {"exterior": [[1393.0, 559.0], [1374.0, 580.0], [1351.0, 613.0], [1342.0, 644.0], [1336.0, 664.0], [1335.0, 685.0], [1337.0, 707.0], [1341.0, 733.0], [1351.0, 760.0], [1363.0, 778.0], [1377.0, 799.0], [1403.0, 813.0], [1420.0, 826.0], [1444.0, 831.0], [1539.0, 810.0], [1553.0, 802.0], [1572.0, 774.0], [1584.0, 754.0], [1596.0, 723.0], [1601.0, 689.0], [1598.0, 651.0], [1590.0, 621.0], [1570.0, 581.0], [1553.0, 566.0], [1526.0, 546.0], [1494.0, 541.0]], "interior": []}, "classId": 3, "classTitle": "Riot Shield"}, {"id": 70025382, "description": "", "geometryType": "polygon", "labelerLogin": "", "createdAt": "", "updatedAt": "", "tags": [], "points": {"exterior": [[1918.0, 361.0], [1904.0, 372.0], [1890.0, 387.0], [1876.0, 403.0], [1863.0, 420.0], [1854.0, 435.0], [1847.0, 451.0], [1841.0, 472.0], [1835.0, 491.0], [1832.0, 520.0], [1835.0, 544.0], [1840.0, 564.0], [1845.0, 583.0], [1850.0, 600.0], [1861.0, 621.0], [1871.0, 636.0], [1880.0, 649.0], [1894.0, 665.0], [1906.0, 674.0], [1916.0, 678.0], [1919.0, 682.0]], "interior": []}, "classId": 3, "classTitle": "Riot Shield"}]}