{"tags": [], "size": {"height": 1080, "width": 1920}, "objects": [{"id": 99281919, "description": "", "geometryType": "polygon", "labelerLogin": "", "createdAt": "", "updatedAt": "", "tags": [], "points": {"exterior": [[1697.0, 700.0], [1695.0, 732.0], [1704.0, 745.0], [1721.0, 747.0], [1835.0, 758.0], [1861.0, 755.0], [1869.0, 740.0], [1884.0, 467.0], [1878.0, 455.0], [1862.0, 450.0], [1752.0, 456.0], [1738.0, 456.0], [1728.0, 461.0], [1724.0, 473.0]], "interior": []}, "classId": 3, "classTitle": "Riot Shield"}, {"id": 93693633, "description": "", "geometryType": "polygon", "labelerLogin": "", "createdAt": "", "updatedAt": "", "tags": [], "points": {"exterior": [[1659.0, 469.0], [1649.0, 476.0], [1640.0, 489.0], [1607.0, 681.0], [1607.0, 700.0], [1616.0, 711.0], [1629.0, 715.0], [1687.0, 720.0], [1701.0, 716.0], [1740.0, 488.0], [1736.0, 471.0], [1729.0, 466.0]], "interior": []}, "classId": 3, "classTitle": "Riot Shield"}, {"id": 43641462, "description": "", "geometryType": "polygon", "labelerLogin": "", "createdAt": "", "updatedAt": "", "tags": [], "points": {"exterior": [[1534.0, 497.0], [1532.0, 700.0], [1536.0, 707.0], [1545.0, 709.0], [1607.0, 710.0], [1614.0, 707.0], [1616.0, 698.0], [1642.0, 493.0], [1638.0, 482.0], [1625.0, 480.0], [1556.0, 481.0], [1538.0, 484.0]], "interior": []}, "classId": 3, "classTitle": "Riot Shield"}, {"id": 85961574, "description": "", "geometryType": "polygon", "labelerLogin": "", "createdAt": "", "updatedAt": "", "tags": [], "points": {"exterior": [[1415.0, 478.0], [1408.0, 669.0], [1409.0, 675.0], [1416.0, 683.0], [1428.0, 690.0], [1519.0, 702.0], [1524.0, 700.0], [1530.0, 695.0], [1531.0, 682.0], [1541.0, 487.0], [1540.0, 476.0], [1533.0, 466.0], [1435.0, 460.0], [1423.0, 465.0]], "interior": []}, "classId": 3, "classTitle": "Riot Shield"}, {"id": 84579102, "description": "", "geometryType": "polygon", "labelerLogin": "", "createdAt": "", "updatedAt": "", "tags": [], "points": {"exterior": [[1303.0, 461.0], [1292.0, 466.0], [1287.0, 474.0], [1285.0, 492.0], [1283.0, 677.0], [1286.0, 690.0], [1297.0, 696.0], [1403.0, 697.0], [1407.0, 694.0], [1409.0, 691.0], [1411.0, 687.0], [1412.0, 681.0], [1422.0, 478.0], [1416.0, 465.0], [1399.0, 462.0]], "interior": []}, "classId": 3, "classTitle": "Riot Shield"}, {"id": 68698228, "description": "", "geometryType": "polygon", "labelerLogin": "", "createdAt": "", "updatedAt": "", "tags": [], "points": {"exterior": [[1141.0, 702.0], [1143.0, 730.0], [1149.0, 737.0], [1157.0, 740.0], [1241.0, 741.0], [1250.0, 738.0], [1257.0, 732.0], [1264.0, 725.0], [1268.0, 717.0], [1279.0, 486.0], [1273.0, 470.0], [1261.0, 458.0], [1166.0, 451.0], [1148.0, 455.0], [1142.0, 470.0], [1141.0, 488.0]], "interior": []}, "classId": 3, "classTitle": "Riot Shield"}, {"id": 64236608, "description": "", "geometryType": "polygon", "labelerLogin": "", "createdAt": "", "updatedAt": "", "tags": [], "points": {"exterior": [[1043.0, 444.0], [1028.0, 451.0], [1017.0, 464.0], [1004.0, 710.0], [1009.0, 727.0], [1021.0, 735.0], [1128.0, 750.0], [1137.0, 745.0], [1143.0, 738.0], [1146.0, 721.0], [1153.0, 475.0], [1149.0, 457.0], [1137.0, 444.0]], "interior": []}, "classId": 3, "classTitle": "Riot Shield"}, {"id": 16919672, "description": "", "geometryType": "polygon", "labelerLogin": "", "createdAt": "", "updatedAt": "", "tags": [], "points": {"exterior": [[850.0, 497.0], [850.0, 475.0], [861.0, 466.0], [876.0, 459.0], [988.0, 447.0], [1009.0, 454.0], [1017.0, 468.0], [1014.0, 705.0], [1013.0, 727.0], [997.0, 740.0], [892.0, 752.0], [881.0, 750.0], [869.0, 746.0], [864.0, 739.0], [857.0, 728.0]], "interior": []}, "classId": 3, "classTitle": "Riot Shield"}, {"id": 91283689, "description": "", "geometryType": "polygon", "labelerLogin": "", "createdAt": "", "updatedAt": "", "tags": [], "points": {"exterior": [[717.0, 725.0], [736.0, 729.0], [825.0, 731.0], [846.0, 731.0], [853.0, 721.0], [857.0, 702.0], [858.0, 470.0], [850.0, 453.0], [838.0, 440.0], [728.0, 444.0], [712.0, 447.0], [705.0, 457.0], [706.0, 478.0], [707.0, 673.0], [708.0, 709.0]], "interior": []}, "classId": 3, "classTitle": "Riot Shield"}, {"id": 40627230, "description": "", "geometryType": "polygon", "labelerLogin": "", "createdAt": "", "updatedAt": "", "tags": [], "points": {"exterior": [[570.0, 467.0], [555.0, 469.0], [546.0, 481.0], [544.0, 707.0], [547.0, 723.0], [556.0, 734.0], [573.0, 742.0], [663.0, 748.0], [674.0, 744.0], [680.0, 734.0], [685.0, 725.0], [682.0, 484.0], [674.0, 471.0], [657.0, 464.0]], "interior": []}, "classId": 3, "classTitle": "Riot Shield"}, {"id": 92516668, "description": "", "geometryType": "polygon", "labelerLogin": "", "createdAt": "", "updatedAt": "", "tags": [], "points": {"exterior": [[441.0, 456.0], [428.0, 462.0], [419.0, 473.0], [423.0, 672.0], [428.0, 687.0], [441.0, 696.0], [521.0, 706.0], [535.0, 704.0], [547.0, 691.0], [554.0, 486.0], [551.0, 468.0], [534.0, 457.0]], "interior": []}, "classId": 3, "classTitle": "Riot Shield"}, {"id": 98494243, "description": "", "geometryType": "polygon", "labelerLogin": "", "createdAt": "", "updatedAt": "", "tags": [], "points": {"exterior": [[224.0, 469.0], [231.0, 700.0], [231.0, 717.0], [235.0, 721.0], [246.0, 727.0], [263.0, 729.0], [340.0, 733.0], [354.0, 730.0], [363.0, 726.0], [368.0, 719.0], [370.0, 715.0], [372.0, 709.0], [374.0, 477.0], [372.0, 466.0], [368.0, 455.0], [355.0, 451.0], [254.0, 449.0], [238.0, 453.0], [229.0, 459.0]], "interior": []}, "classId": 3, "classTitle": "Riot Shield"}]}