{"tags": [], "size": {"height": 1080, "width": 1920}, "objects": [{"id": 99229050, "description": "", "geometryType": "polygon", "labelerLogin": "", "createdAt": "", "updatedAt": "", "tags": [], "points": {"exterior": [[861.0, 179.0], [834.0, 182.0], [815.0, 191.0], [797.0, 200.0], [785.0, 210.0], [782.0, 229.0], [786.0, 256.0], [826.0, 398.0], [836.0, 423.0], [850.0, 441.0], [866.0, 447.0], [950.0, 423.0], [966.0, 414.0], [969.0, 391.0], [895.0, 202.0], [884.0, 187.0]], "interior": []}, "classId": 3, "classTitle": "Riot Shield"}, {"id": 81902179, "description": "", "geometryType": "polygon", "labelerLogin": "", "createdAt": "", "updatedAt": "", "tags": [], "points": {"exterior": [[522.0, 381.0], [568.0, 380.0], [608.0, 373.0], [620.0, 370.0], [632.0, 362.0], [634.0, 347.0], [604.0, 173.0], [538.0, 262.0], [508.0, 328.0], [514.0, 362.0]], "interior": []}, "classId": 3, "classTitle": "Riot Shield"}]}