{"tags": [], "size": {"height": 1080, "width": 1920}, "objects": [{"id": 53444135, "description": "", "geometryType": "polygon", "labelerLogin": "", "createdAt": "", "updatedAt": "", "tags": [], "points": {"exterior": [[1518.0, 1079.0], [1465.0, 951.0], [1420.0, 833.0], [1392.0, 771.0], [1380.0, 744.0], [1377.0, 724.0], [1405.0, 706.0], [1435.0, 696.0], [1473.0, 681.0], [1509.0, 663.0], [1542.0, 646.0], [1564.0, 631.0], [1584.0, 617.0], [1601.0, 625.0], [1622.0, 672.0], [1657.0, 767.0], [1702.0, 888.0], [1720.0, 937.0], [1743.0, 999.0], [1743.0, 1021.0], [1739.0, 1038.0], [1721.0, 1054.0], [1697.0, 1065.0], [1669.0, 1079.0]], "interior": []}, "classId": 3, "classTitle": "Riot Shield"}, {"id": 66762860, "description": "", "geometryType": "polygon", "labelerLogin": "", "createdAt": "", "updatedAt": "", "tags": [], "points": {"exterior": [[728.0, 756.0], [750.0, 710.0], [782.0, 646.0], [805.0, 601.0], [814.0, 580.0], [821.0, 563.0], [828.0, 549.0], [837.0, 546.0], [843.0, 549.0], [843.0, 555.0], [827.0, 591.0], [809.0, 630.0], [795.0, 656.0], [779.0, 687.0], [766.0, 712.0], [744.0, 764.0]], "interior": []}, "classId": 6, "classTitle": "Baton"}, {"id": 92214537, "description": "", "geometryType": "polygon", "labelerLogin": "", "createdAt": "", "updatedAt": "", "tags": [], "points": {"exterior": [[1391.0, 457.0], [1397.0, 440.0], [1404.0, 425.0], [1408.0, 412.0], [1413.0, 402.0], [1416.0, 394.0], [1417.0, 389.0], [1423.0, 388.0], [1426.0, 390.0], [1426.0, 396.0], [1421.0, 406.0], [1417.0, 416.0], [1412.0, 429.0], [1408.0, 439.0], [1403.0, 454.0], [1399.0, 464.0]], "interior": []}, "classId": 6, "classTitle": "Baton"}, {"id": 21098760, "description": "", "geometryType": "polygon", "labelerLogin": "", "createdAt": "", "updatedAt": "", "tags": [], "points": {"exterior": [[1755.0, 897.0], [1798.0, 895.0], [1919.0, 573.0], [1919.0, 508.0], [1831.0, 509.0], [1738.0, 502.0], [1722.0, 501.0], [1714.0, 507.0], [1715.0, 521.0], [1709.0, 711.0], [1718.0, 872.0], [1722.0, 887.0], [1731.0, 894.0], [1741.0, 897.0]], "interior": []}, "classId": 3, "classTitle": "Riot Shield"}, {"id": 88332099, "description": "", "geometryType": "polygon", "labelerLogin": "", "createdAt": "", "updatedAt": "", "tags": [], "points": {"exterior": [[1243.0, 485.0], [1243.0, 421.0], [1243.0, 417.0], [1246.0, 415.0], [1252.0, 415.0], [1252.0, 424.0], [1250.0, 480.0]], "interior": []}, "classId": 6, "classTitle": "Baton"}]}