{"tags": [], "size": {"height": 1080, "width": 1920}, "objects": [{"id": 57242958, "description": "", "geometryType": "polygon", "labelerLogin": "", "createdAt": "", "updatedAt": "", "tags": [], "points": {"exterior": [[170.0, 541.0], [167.0, 521.0], [176.0, 511.0], [282.0, 454.0], [299.0, 448.0], [305.0, 457.0], [390.0, 873.0], [390.0, 890.0], [380.0, 896.0], [268.0, 961.0], [256.0, 967.0], [248.0, 959.0]], "interior": []}, "classId": 3, "classTitle": "Riot Shield"}, {"id": 98152541, "description": "", "geometryType": "polygon", "labelerLogin": "", "createdAt": "", "updatedAt": "", "tags": [], "points": {"exterior": [[370.0, 777.0], [454.0, 528.0], [456.0, 510.0], [450.0, 493.0], [325.0, 428.0], [302.0, 422.0], [293.0, 436.0]], "interior": []}, "classId": 3, "classTitle": "Riot Shield"}, {"id": 16809118, "description": "", "geometryType": "polygon", "labelerLogin": "", "createdAt": "", "updatedAt": "", "tags": [], "points": {"exterior": [[506.0, 469.0], [447.0, 117.0], [432.0, 110.0], [412.0, 121.0], [411.0, 148.0], [465.0, 522.0], [486.0, 527.0], [512.0, 498.0]], "interior": []}, "classId": 3, "classTitle": "Riot Shield"}]}