{"tags": [], "size": {"height": 1080, "width": 1920}, "objects": [{"id": 18284378, "description": "", "geometryType": "polygon", "labelerLogin": "", "createdAt": "", "updatedAt": "", "tags": [], "points": {"exterior": [[0.0, 250.0], [19.0, 253.0], [33.0, 258.0], [45.0, 268.0], [65.0, 294.0], [253.0, 575.0], [262.0, 587.0], [266.0, 593.0], [269.0, 597.0], [270.0, 600.0], [270.0, 604.0], [269.0, 607.0], [267.0, 609.0], [260.0, 615.0], [230.0, 638.0], [59.0, 757.0], [53.0, 761.0], [51.0, 762.0], [48.0, 762.0], [45.0, 761.0], [43.0, 759.0], [37.0, 751.0], [0.0, 694.0]], "interior": []}, "classId": 3, "classTitle": "Riot Shield"}, {"id": 73382914, "description": "", "geometryType": "polygon", "labelerLogin": "", "createdAt": "", "updatedAt": "", "tags": [], "points": {"exterior": [[233.0, 374.0], [274.0, 352.0], [328.0, 324.0], [389.0, 281.0], [424.0, 258.0], [436.0, 255.0], [453.0, 261.0], [467.0, 285.0], [614.0, 597.0], [615.0, 613.0], [612.0, 630.0], [603.0, 650.0], [591.0, 673.0], [571.0, 693.0], [531.0, 735.0], [501.0, 761.0], [482.0, 771.0], [474.0, 776.0], [465.0, 778.0], [456.0, 775.0], [447.0, 766.0], [361.0, 637.0], [282.0, 509.0], [229.0, 440.0], [223.0, 429.0], [219.0, 417.0], [218.0, 408.0], [218.0, 400.0], [221.0, 388.0], [225.0, 381.0]], "interior": []}, "classId": 3, "classTitle": "Riot Shield"}, {"id": 69812686, "description": "", "geometryType": "polygon", "labelerLogin": "", "createdAt": "", "updatedAt": "", "tags": [], "points": {"exterior": [[883.0, 332.0], [1049.0, 367.0], [1062.0, 375.0], [1070.0, 385.0], [1074.0, 398.0], [1074.0, 414.0], [984.0, 763.0], [978.0, 773.0], [967.0, 780.0], [956.0, 785.0], [938.0, 787.0], [792.0, 776.0], [780.0, 768.0], [771.0, 759.0], [767.0, 748.0], [767.0, 734.0], [839.0, 358.0], [847.0, 344.0], [857.0, 335.0]], "interior": []}, "classId": 3, "classTitle": "Riot Shield"}, {"id": 25134811, "description": "", "geometryType": "polygon", "labelerLogin": "", "createdAt": "", "updatedAt": "", "tags": [], "points": {"exterior": [[1683.0, 452.0], [1690.0, 430.0], [1697.0, 445.0], [1705.0, 480.0], [1721.0, 533.0], [1735.0, 586.0], [1731.0, 635.0], [1716.0, 680.0], [1697.0, 715.0], [1670.0, 743.0], [1652.0, 753.0], [1637.0, 756.0], [1619.0, 729.0], [1614.0, 714.0]], "interior": []}, "classId": 3, "classTitle": "Riot Shield"}, {"id": 35253810, "description": "", "geometryType": "polygon", "labelerLogin": "", "createdAt": "", "updatedAt": "", "tags": [], "points": {"exterior": [[1368.0, 395.0], [1357.0, 422.0], [1341.0, 466.0], [1318.0, 519.0], [1295.0, 582.0], [1264.0, 648.0], [1259.0, 659.0], [1257.0, 668.0], [1263.0, 684.0], [1269.0, 701.0], [1283.0, 742.0], [1285.0, 747.0], [1286.0, 749.0], [1288.0, 750.0], [1290.0, 750.0], [1292.0, 750.0], [1295.0, 748.0], [1304.0, 739.0], [1312.0, 729.0], [1325.0, 703.0], [1339.0, 655.0], [1352.0, 612.0], [1368.0, 568.0], [1380.0, 535.0], [1379.0, 506.0], [1377.0, 464.0], [1383.0, 434.0], [1389.0, 409.0], [1394.0, 389.0], [1381.0, 387.0], [1375.0, 389.0], [1372.0, 391.0]], "interior": []}, "classId": 3, "classTitle": "Riot Shield"}, {"id": 92507696, "description": "", "geometryType": "polygon", "labelerLogin": "", "createdAt": "", "updatedAt": "", "tags": [], "points": {"exterior": [[1410.0, 613.0], [1422.0, 622.0], [1681.0, 609.0], [1680.0, 618.0], [1431.0, 633.0], [1407.0, 633.0], [1404.0, 624.0]], "interior": []}, "classId": 6, "classTitle": "Baton"}]}