{"classes": [{"id": 1, "title": "Officer", "shape": "polygon", "hotkey": "O", "color": "#FF69B4"}, {"id": 2, "title": "Civilian", "shape": "polygon", "hotkey": "C", "color": "#008000"}, {"id": 3, "title": "Riot Shield", "shape": "polygon", "hotkey": "R", "color": "#6FF6F1"}, {"id": 4, "title": "Gun", "shape": "polygon", "hotkey": "G", "color": "#808080"}, {"id": 5, "title": "Pepper Spray", "shape": "polygon", "hotkey": "S", "color": "#BF40BF"}, {"id": 6, "title": "Baton", "shape": "polygon", "hotkey": "B", "color": "#DB490F"}, {"id": 7, "title": "Chemical Smoke", "shape": "polygon", "hotkey": "T", "color": "#FFBF00"}], "tags": [{"id": 22919711, "name": "problem", "color": "#9F3868", "value_type": "none", "hotkey": "P", "applicable_type": "all", "classes": []}], "projectType": "images"}